poiId,simulatorName,atlasName,classification,simulatorBefore,activeAtlas,databaseAfter,fieldsChanged,authorityUsed,notes
"POI-001","Visible Major Waterfall","Visible Major Waterfall","EXACT_MATCH","{""poiType"":""WATERFALL"",""latitude"":28.960942,""longitude"":-102.70767,""siteId"":""SITE-035"",""regionId"":""R05"",""surfaceType"":""LAND"",""hostFeatureId"":""WATERFALL-NW-01"",""primaryBiomeId"":""BIOME-06""}","{""poiType"":""WATERFALL"",""latitude"":28.960942,""longitude"":-102.70767,""regionId"":""R05""}","{""poiType"":""WATERFALL"",""latitude"":28.960942,""longitude"":-102.70767,""siteId"":""SITE-035"",""regionId"":""R05"",""surfaceType"":""LAND"",""hostFeatureId"":""WATERFALL-NW-01"",""primaryBiomeId"":""BIOME-06"",""placementStatus"":""AUTHORITATIVE"",""spatialAuthorityId"":""EIDOLON_PUBLIC_3D_ATLAS_e760e7cd01c283d7a0e2""}","[]","EIDOLON_PUBLIC_3D_ATLAS_e760e7cd01c283d7a0e2",""
"POI-002","Shadow Forest Heart","Shadow Forest Heart","EXACT_MATCH","{""poiType"":""SHADOW_FOREST"",""latitude"":20.375,""longitude"":-91.03125,""siteId"":""SITE-044"",""regionId"":""R07"",""surfaceType"":""LAND"",""hostFeatureId"":null,""primaryBiomeId"":""BIOME-05""}","{""poiType"":""SHADOW_FOREST"",""latitude"":20.375,""longitude"":-91.03125,""regionId"":""R07""}","{""poiType"":""SHADOW_FOREST"",""latitude"":20.375,""longitude"":-91.03125,""siteId"":""SITE-044"",""regionId"":""R07"",""surfaceType"":""LAND"",""hostFeatureId"":null,""primaryBiomeId"":""BIOME-05"",""placementStatus"":""AUTHORITATIVE"",""spatialAuthorityId"":""EIDOLON_PUBLIC_3D_ATLAS_e760e7cd01c283d7a0e2""}","[]","EIDOLON_PUBLIC_3D_ATLAS_e760e7cd01c283d7a0e2",""
"POI-003","Rainbow Heatherland Heart","Rainbow Heatherland Heart","EXACT_MATCH","{""poiType"":""HEATHERLANDS"",""latitude"":43.125,""longitude"":-126.96875,""siteId"":""SITE-017"",""regionId"":""R03"",""surfaceType"":""LAND"",""hostFeatureId"":null,""primaryBiomeId"":""BIOME-03""}","{""poiType"":""HEATHERLANDS"",""latitude"":43.125,""longitude"":-126.96875,""regionId"":""R03""}","{""poiType"":""HEATHERLANDS"",""latitude"":43.125,""longitude"":-126.96875,""siteId"":""SITE-017"",""regionId"":""R03"",""surfaceType"":""LAND"",""hostFeatureId"":null,""primaryBiomeId"":""BIOME-03"",""placementStatus"":""AUTHORITATIVE"",""spatialAuthorityId"":""EIDOLON_PUBLIC_3D_ATLAS_e760e7cd01c283d7a0e2""}","[]","EIDOLON_PUBLIC_3D_ATLAS_e760e7cd01c283d7a0e2",""
"POI-004","Eastern Great Reef","Eastern Great Reef","EXACT_MATCH","{""poiType"":""REEF"",""latitude"":43.122886,""longitude"":121.880496,""siteId"":""SITE-079"",""regionId"":""R12"",""surfaceType"":""SHALLOW_WATER"",""hostFeatureId"":""REEF-EA-01"",""primaryBiomeId"":""BIOME-OCEAN""}","{""poiType"":""REEF"",""latitude"":43.122886,""longitude"":121.880496,""regionId"":""R12""}","{""poiType"":""REEF"",""latitude"":43.122886,""longitude"":121.880496,""siteId"":""SITE-079"",""regionId"":""R12"",""surfaceType"":""SHALLOW_WATER"",""hostFeatureId"":""REEF-EA-01"",""primaryBiomeId"":""BIOME-OCEAN"",""placementStatus"":""AUTHORITATIVE"",""spatialAuthorityId"":""EIDOLON_PUBLIC_3D_ATLAS_e760e7cd01c283d7a0e2""}","[]","EIDOLON_PUBLIC_3D_ATLAS_e760e7cd01c283d7a0e2",""
"POI-005","Visible Volcanic Island Chain","Visible Volcanic Island Chain","EXACT_MATCH","{""poiType"":""VOLCANIC_ISLAND_CHAIN"",""latitude"":-52.559188,""longitude"":74.983089,""siteId"":""SITE-145"",""regionId"":""R21"",""surfaceType"":""COASTAL_LAND"",""hostFeatureId"":null,""primaryBiomeId"":""BIOME-11""}","{""poiType"":""VOLCANIC_ISLAND_CHAIN"",""latitude"":-52.559188,""longitude"":74.983089,""regionId"":""R21""}","{""poiType"":""VOLCANIC_ISLAND_CHAIN"",""latitude"":-52.559188,""longitude"":74.983089,""siteId"":""SITE-145"",""regionId"":""R21"",""surfaceType"":""COASTAL_LAND"",""hostFeatureId"":null,""primaryBiomeId"":""BIOME-11"",""placementStatus"":""AUTHORITATIVE"",""spatialAuthorityId"":""EIDOLON_PUBLIC_3D_ATLAS_e760e7cd01c283d7a0e2""}","[]","EIDOLON_PUBLIC_3D_ATLAS_e760e7cd01c283d7a0e2",""
"POI-006","Great Pit","Great Pit","EXACT_MATCH","{""poiType"":""GREAT_PIT"",""latitude"":25.062007,""longitude"":-69.40248,""siteId"":""SITE-029"",""regionId"":""R05"",""surfaceType"":""LAND"",""hostFeatureId"":null,""primaryBiomeId"":""BIOME-05""}","{""poiType"":""GREAT_PIT"",""latitude"":25.062007,""longitude"":-69.40248,""regionId"":""R05""}","{""poiType"":""GREAT_PIT"",""latitude"":25.062007,""longitude"":-69.40248,""siteId"":""SITE-029"",""regionId"":""R05"",""surfaceType"":""LAND"",""hostFeatureId"":null,""primaryBiomeId"":""BIOME-05"",""placementStatus"":""AUTHORITATIVE"",""spatialAuthorityId"":""EIDOLON_PUBLIC_3D_ATLAS_e760e7cd01c283d7a0e2""}","[]","EIDOLON_PUBLIC_3D_ATLAS_e760e7cd01c283d7a0e2",""
"POI-007","World Tree","World Tree","EXACT_MATCH","{""poiType"":""WORLD_TREE"",""latitude"":26.076663,""longitude"":102.074408,""siteId"":""SITE-081"",""regionId"":""R12"",""surfaceType"":""LAND"",""hostFeatureId"":null,""primaryBiomeId"":""BIOME-07""}","{""poiType"":""WORLD_TREE"",""latitude"":26.076663,""longitude"":102.074408,""regionId"":""R12""}","{""poiType"":""WORLD_TREE"",""latitude"":26.076663,""longitude"":102.074408,""siteId"":""SITE-081"",""regionId"":""R12"",""surfaceType"":""LAND"",""hostFeatureId"":null,""primaryBiomeId"":""BIOME-07"",""placementStatus"":""AUTHORITATIVE"",""spatialAuthorityId"":""EIDOLON_PUBLIC_3D_ATLAS_e760e7cd01c283d7a0e2""}","[]","EIDOLON_PUBLIC_3D_ATLAS_e760e7cd01c283d7a0e2",""
"POI-008","Heavenfall","Heavenfall","INVALID_GEOGRAPHY","{""poiType"":""HEAVENFALL"",""latitude"":46.369786,""longitude"":-3.449831,""siteId"":""SITE-104"",""regionId"":""R15"",""surfaceType"":""LAND"",""hostFeatureId"":null,""primaryBiomeId"":""BIOME-OCEAN""}","{""poiType"":""HEAVENFALL"",""latitude"":46.369786,""longitude"":-3.449831,""regionId"":""R15""}","{""poiType"":""HEAVENFALL"",""latitude"":46.369786,""longitude"":-3.449831,""siteId"":""SITE-104"",""regionId"":""R15"",""surfaceType"":""LAND"",""hostFeatureId"":null,""primaryBiomeId"":""BIOME-OCEAN"",""placementStatus"":""WITHHELD_CONFLICT"",""spatialAuthorityId"":""EIDOLON_PUBLIC_3D_ATLAS_e760e7cd01c283d7a0e2""}","[]","EIDOLON_PUBLIC_3D_ATLAS_e760e7cd01c283d7a0e2:WITHHELD_CONFLICT","Declared LAND coordinate resolves to Nimbus open ocean; no authoritative replacement anchor exists."
"POI-009","Hell Door","Hell Door","INVALID_GEOGRAPHY","{""poiType"":""HELL_DOOR"",""latitude"":-17.553551,""longitude"":8.726043,""siteId"":""SITE-127"",""regionId"":""R19"",""surfaceType"":""LAND"",""hostFeatureId"":null,""primaryBiomeId"":""BIOME-OCEAN""}","{""poiType"":""HELL_DOOR"",""latitude"":-17.553551,""longitude"":8.726043,""regionId"":""R19""}","{""poiType"":""HELL_DOOR"",""latitude"":-17.553551,""longitude"":8.726043,""siteId"":""SITE-127"",""regionId"":""R19"",""surfaceType"":""LAND"",""hostFeatureId"":null,""primaryBiomeId"":""BIOME-OCEAN"",""placementStatus"":""WITHHELD_CONFLICT"",""spatialAuthorityId"":""EIDOLON_PUBLIC_3D_ATLAS_e760e7cd01c283d7a0e2""}","[]","EIDOLON_PUBLIC_3D_ATLAS_e760e7cd01c283d7a0e2:WITHHELD_CONFLICT","Declared LAND coordinate resolves to Nimbus open ocean; no authoritative replacement anchor exists."
"POI-010","Eastern Maelstrom","Eastern Maelstrom","EXACT_MATCH","{""poiType"":""MAELSTROM"",""latitude"":10.856821,""longitude"":146.719278,""siteId"":""SITE-084"",""regionId"":""R12"",""surfaceType"":""OPEN_WATER"",""hostFeatureId"":null,""primaryBiomeId"":""BIOME-OCEAN""}","{""poiType"":""MAELSTROM"",""latitude"":10.856821,""longitude"":146.719278,""regionId"":""R12""}","{""poiType"":""MAELSTROM"",""latitude"":10.856821,""longitude"":146.719278,""siteId"":""SITE-084"",""regionId"":""R12"",""surfaceType"":""OPEN_WATER"",""hostFeatureId"":null,""primaryBiomeId"":""BIOME-OCEAN"",""placementStatus"":""AUTHORITATIVE"",""spatialAuthorityId"":""EIDOLON_PUBLIC_3D_ATLAS_e760e7cd01c283d7a0e2""}","[]","EIDOLON_PUBLIC_3D_ATLAS_e760e7cd01c283d7a0e2",""
"POI-011","Ocean Whirlpool","Ocean Whirlpool","INVALID_GEOGRAPHY","{""poiType"":""WHIRLPOOL"",""latitude"":-52.05186,""longitude"":-2.435175,""siteId"":""SITE-172"",""regionId"":""R25"",""surfaceType"":""OPEN_WATER"",""hostFeatureId"":null,""primaryBiomeId"":""BIOME-11""}","{""poiType"":""WHIRLPOOL"",""latitude"":-52.05186,""longitude"":-2.435175,""regionId"":""R25""}","{""poiType"":""WHIRLPOOL"",""latitude"":-52.05186,""longitude"":-2.435175,""siteId"":""SITE-172"",""regionId"":""R25"",""surfaceType"":""OPEN_WATER"",""hostFeatureId"":null,""primaryBiomeId"":""BIOME-11"",""placementStatus"":""WITHHELD_CONFLICT"",""spatialAuthorityId"":""EIDOLON_PUBLIC_3D_ATLAS_e760e7cd01c283d7a0e2""}","[]","EIDOLON_PUBLIC_3D_ATLAS_e760e7cd01c283d7a0e2:WITHHELD_CONFLICT","Declared OPEN_WATER coordinate resolves to Nimbus land and biome class 11; no authoritative replacement anchor exists."
"POI-012","Floating Island Group","Floating Island Group","EXACT_MATCH","{""poiType"":""FLOATING_ISLAND_GROUP"",""latitude"":17.959414,""longitude"":47.282976,""siteId"":""SITE-067"",""regionId"":""R10"",""surfaceType"":""FLOATING_ISLAND"",""hostFeatureId"":null,""primaryBiomeId"":""BIOME-04""}","{""poiType"":""FLOATING_ISLAND_GROUP"",""latitude"":17.959414,""longitude"":47.282976,""regionId"":""R10""}","{""poiType"":""FLOATING_ISLAND_GROUP"",""latitude"":17.959414,""longitude"":47.282976,""siteId"":""SITE-067"",""regionId"":""R10"",""surfaceType"":""FLOATING_ISLAND"",""hostFeatureId"":null,""primaryBiomeId"":""BIOME-04"",""placementStatus"":""AUTHORITATIVE"",""spatialAuthorityId"":""EIDOLON_PUBLIC_3D_ATLAS_e760e7cd01c283d7a0e2""}","[]","EIDOLON_PUBLIC_3D_ATLAS_e760e7cd01c283d7a0e2",""
"POI-013","Visible Geyser","Visible Geyser","EXACT_MATCH","{""poiType"":""GEYSER"",""latitude"":19.988726,""longitude"":50.326945,""siteId"":""SITE-061"",""regionId"":""R09"",""surfaceType"":""FLOATING_ISLAND"",""hostFeatureId"":null,""primaryBiomeId"":""BIOME-04""}","{""poiType"":""GEYSER"",""latitude"":19.988726,""longitude"":50.326945,""regionId"":""R09""}","{""poiType"":""GEYSER"",""latitude"":19.988726,""longitude"":50.326945,""siteId"":""SITE-061"",""regionId"":""R09"",""surfaceType"":""FLOATING_ISLAND"",""hostFeatureId"":null,""primaryBiomeId"":""BIOME-04"",""placementStatus"":""AUTHORITATIVE"",""spatialAuthorityId"":""EIDOLON_PUBLIC_3D_ATLAS_e760e7cd01c283d7a0e2""}","[]","EIDOLON_PUBLIC_3D_ATLAS_e760e7cd01c283d7a0e2",""
"POI-014","Volcanic Caldera","Volcanic Caldera","INVALID_GEOGRAPHY","{""poiType"":""CALDERA"",""latitude"":-18.568207,""longitude"":-11.56708,""siteId"":""SITE-128"",""regionId"":""R19"",""surfaceType"":""LAND"",""hostFeatureId"":null,""primaryBiomeId"":""BIOME-OCEAN""}","{""poiType"":""CALDERA"",""latitude"":-18.568207,""longitude"":-11.56708,""regionId"":""R19""}","{""poiType"":""CALDERA"",""latitude"":-18.568207,""longitude"":-11.56708,""siteId"":""SITE-128"",""regionId"":""R19"",""surfaceType"":""LAND"",""hostFeatureId"":null,""primaryBiomeId"":""BIOME-OCEAN"",""placementStatus"":""WITHHELD_CONFLICT"",""spatialAuthorityId"":""EIDOLON_PUBLIC_3D_ATLAS_e760e7cd01c283d7a0e2""}","[]","EIDOLON_PUBLIC_3D_ATLAS_e760e7cd01c283d7a0e2:WITHHELD_CONFLICT","Declared LAND coordinate resolves to Nimbus open ocean; no authoritative replacement anchor exists."
"POI-015","Hot Spring Field","Hot Spring Field","INVALID_GEOGRAPHY","{""poiType"":""HOT_SPRING"",""latitude"":-11.465614,""longitude"":-5.479143,""siteId"":""SITE-132"",""regionId"":""R19"",""surfaceType"":""LAND"",""hostFeatureId"":null,""primaryBiomeId"":""BIOME-OCEAN""}","{""poiType"":""HOT_SPRING"",""latitude"":-11.465614,""longitude"":-5.479143,""regionId"":""R19""}","{""poiType"":""HOT_SPRING"",""latitude"":-11.465614,""longitude"":-5.479143,""siteId"":""SITE-132"",""regionId"":""R19"",""surfaceType"":""LAND"",""hostFeatureId"":null,""primaryBiomeId"":""BIOME-OCEAN"",""placementStatus"":""WITHHELD_CONFLICT"",""spatialAuthorityId"":""EIDOLON_PUBLIC_3D_ATLAS_e760e7cd01c283d7a0e2""}","[]","EIDOLON_PUBLIC_3D_ATLAS_e760e7cd01c283d7a0e2:WITHHELD_CONFLICT","Declared LAND coordinate resolves to Nimbus open ocean; no authoritative replacement anchor exists."
"POI-016","Abyssal Underwater Landmark","Abyssal Underwater Landmark","EXACT_MATCH","{""poiType"":""UNDERWATER_LANDMARK"",""latitude"":-50.022548,""longitude"":87.869222,""siteId"":""SITE-145"",""regionId"":""R21"",""surfaceType"":""UNDERWATER"",""hostFeatureId"":null,""primaryBiomeId"":""BIOME-OCEAN""}","{""poiType"":""UNDERWATER_LANDMARK"",""latitude"":-50.022548,""longitude"":87.869222,""regionId"":""R21""}","{""poiType"":""UNDERWATER_LANDMARK"",""latitude"":-50.022548,""longitude"":87.869222,""siteId"":""SITE-145"",""regionId"":""R21"",""surfaceType"":""UNDERWATER"",""hostFeatureId"":null,""primaryBiomeId"":""BIOME-OCEAN"",""placementStatus"":""AUTHORITATIVE"",""spatialAuthorityId"":""EIDOLON_PUBLIC_3D_ATLAS_e760e7cd01c283d7a0e2""}","[]","EIDOLON_PUBLIC_3D_ATLAS_e760e7cd01c283d7a0e2",""
"POI-017","Polar Arcane Anomaly","Polar Arcane Anomaly","INVALID_GEOGRAPHY","{""poiType"":""POLAR_ANOMALY"",""latitude"":75.794814,""longitude"":18.872604,""siteId"":""SITE-100"",""regionId"":""R15"",""surfaceType"":""LAND"",""hostFeatureId"":null,""primaryBiomeId"":""BIOME-OCEAN""}","{""poiType"":""POLAR_ANOMALY"",""latitude"":75.794814,""longitude"":18.872604,""regionId"":""R15""}","{""poiType"":""POLAR_ANOMALY"",""latitude"":75.794814,""longitude"":18.872604,""siteId"":""SITE-100"",""regionId"":""R15"",""surfaceType"":""LAND"",""hostFeatureId"":null,""primaryBiomeId"":""BIOME-OCEAN"",""placementStatus"":""WITHHELD_CONFLICT"",""spatialAuthorityId"":""EIDOLON_PUBLIC_3D_ATLAS_e760e7cd01c283d7a0e2""}","[]","EIDOLON_PUBLIC_3D_ATLAS_e760e7cd01c283d7a0e2:WITHHELD_CONFLICT","Declared LAND coordinate resolves to Nimbus open ocean; no authoritative replacement anchor exists."
"POI-018","Northwestern Spine Range","Northwestern Spine Range","EXACT_MATCH","{""poiType"":""MOUNTAIN_RANGE"",""latitude"":52.982609,""longitude"":-105.934046,""siteId"":""SITE-028"",""regionId"":""R04"",""surfaceType"":""LAND"",""hostFeatureId"":""MOUNTAIN-RANGE-001"",""primaryBiomeId"":""BIOME-CLASS-ALPINE_MOUNTAIN""}","{""poiType"":""MOUNTAIN_RANGE"",""latitude"":52.982609,""longitude"":-105.934046,""regionId"":""R04""}","{""poiType"":""MOUNTAIN_RANGE"",""latitude"":52.982609,""longitude"":-105.934046,""siteId"":""SITE-028"",""regionId"":""R04"",""surfaceType"":""LAND"",""hostFeatureId"":""MOUNTAIN-RANGE-001"",""primaryBiomeId"":""BIOME-CLASS-ALPINE_MOUNTAIN"",""placementStatus"":""AUTHORITATIVE"",""spatialAuthorityId"":""EIDOLON_PUBLIC_3D_ATLAS_e760e7cd01c283d7a0e2""}","[]","EIDOLON_PUBLIC_3D_ATLAS_e760e7cd01c283d7a0e2",""
"POI-019","High North Peak","High North Peak","EXACT_MATCH","{""poiType"":""PEAK"",""latitude"":75.119537,""longitude"":-109.737107,""siteId"":""SITE-021"",""regionId"":""R03"",""surfaceType"":""LAND"",""hostFeatureId"":""PEAK-NW-01"",""primaryBiomeId"":""BIOME-02""}","{""poiType"":""PEAK"",""latitude"":75.119537,""longitude"":-109.737107,""regionId"":""R03""}","{""poiType"":""PEAK"",""latitude"":75.119537,""longitude"":-109.737107,""siteId"":""SITE-021"",""regionId"":""R03"",""surfaceType"":""LAND"",""hostFeatureId"":""PEAK-NW-01"",""primaryBiomeId"":""BIOME-02"",""placementStatus"":""AUTHORITATIVE"",""spatialAuthorityId"":""EIDOLON_PUBLIC_3D_ATLAS_e760e7cd01c283d7a0e2""}","[]","EIDOLON_PUBLIC_3D_ATLAS_e760e7cd01c283d7a0e2",""
"POI-020","Central Spine Peak","Central Spine Peak","EXACT_MATCH","{""poiType"":""PEAK"",""latitude"":62.236552,""longitude"":-107.537895,""siteId"":""SITE-016"",""regionId"":""R03"",""surfaceType"":""LAND"",""hostFeatureId"":""PEAK-NW-02"",""primaryBiomeId"":""BIOME-02""}","{""poiType"":""PEAK"",""latitude"":62.236552,""longitude"":-107.537895,""regionId"":""R03""}","{""poiType"":""PEAK"",""latitude"":62.236552,""longitude"":-107.537895,""siteId"":""SITE-016"",""regionId"":""R03"",""surfaceType"":""LAND"",""hostFeatureId"":""PEAK-NW-02"",""primaryBiomeId"":""BIOME-02"",""placementStatus"":""AUTHORITATIVE"",""spatialAuthorityId"":""EIDOLON_PUBLIC_3D_ATLAS_e760e7cd01c283d7a0e2""}","[]","EIDOLON_PUBLIC_3D_ATLAS_e760e7cd01c283d7a0e2",""
"POI-021","Southern Spine Peak","Southern Spine Peak","EXACT_MATCH","{""poiType"":""PEAK"",""latitude"":34.889584,""longitude"":-99.328597,""siteId"":""SITE-035"",""regionId"":""R05"",""surfaceType"":""LAND"",""hostFeatureId"":""PEAK-NW-03"",""primaryBiomeId"":""BIOME-02""}","{""poiType"":""PEAK"",""latitude"":34.889584,""longitude"":-99.328597,""regionId"":""R05""}","{""poiType"":""PEAK"",""latitude"":34.889584,""longitude"":-99.328597,""siteId"":""SITE-035"",""regionId"":""R05"",""surfaceType"":""LAND"",""hostFeatureId"":""PEAK-NW-03"",""primaryBiomeId"":""BIOME-02"",""placementStatus"":""AUTHORITATIVE"",""spatialAuthorityId"":""EIDOLON_PUBLIC_3D_ATLAS_e760e7cd01c283d7a0e2""}","[]","EIDOLON_PUBLIC_3D_ATLAS_e760e7cd01c283d7a0e2",""
"POI-022","Western Snow Peak","Western Snow Peak","EXACT_MATCH","{""poiType"":""PEAK"",""latitude"":58.544592,""longitude"":36.611755,""siteId"":""SITE-060"",""regionId"":""R09"",""surfaceType"":""LAND"",""hostFeatureId"":""PEAK-EA-01"",""primaryBiomeId"":""BIOME-02""}","{""poiType"":""PEAK"",""latitude"":58.544592,""longitude"":36.611755,""regionId"":""R09""}","{""poiType"":""PEAK"",""latitude"":58.544592,""longitude"":36.611755,""siteId"":""SITE-060"",""regionId"":""R09"",""surfaceType"":""LAND"",""hostFeatureId"":""PEAK-EA-01"",""primaryBiomeId"":""BIOME-02"",""placementStatus"":""AUTHORITATIVE"",""spatialAuthorityId"":""EIDOLON_PUBLIC_3D_ATLAS_e760e7cd01c283d7a0e2""}","[]","EIDOLON_PUBLIC_3D_ATLAS_e760e7cd01c283d7a0e2",""
"POI-023","Eastern Badland Peak","Eastern Badland Peak","EXACT_MATCH","{""poiType"":""PEAK"",""latitude"":40.86681,""longitude"":95.597215,""siteId"":""SITE-097"",""regionId"":""R14"",""surfaceType"":""LAND"",""hostFeatureId"":""PEAK-EA-02"",""primaryBiomeId"":""BIOME-01""}","{""poiType"":""PEAK"",""latitude"":40.86681,""longitude"":95.597215,""regionId"":""R14""}","{""poiType"":""PEAK"",""latitude"":40.86681,""longitude"":95.597215,""siteId"":""SITE-097"",""regionId"":""R14"",""surfaceType"":""LAND"",""hostFeatureId"":""PEAK-EA-02"",""primaryBiomeId"":""BIOME-01"",""placementStatus"":""AUTHORITATIVE"",""spatialAuthorityId"":""EIDOLON_PUBLIC_3D_ATLAS_e760e7cd01c283d7a0e2""}","[]","EIDOLON_PUBLIC_3D_ATLAS_e760e7cd01c283d7a0e2",""
"POI-024","Southwest Peak","Southwest Peak","EXACT_MATCH","{""poiType"":""PEAK"",""latitude"":18.220072,""longitude"":31.677112,""siteId"":""SITE-101"",""regionId"":""R15"",""surfaceType"":""LAND"",""hostFeatureId"":""PEAK-EA-03"",""primaryBiomeId"":""BIOME-02""}","{""poiType"":""PEAK"",""latitude"":18.220072,""longitude"":31.677112,""regionId"":""R15""}","{""poiType"":""PEAK"",""latitude"":18.220072,""longitude"":31.677112,""siteId"":""SITE-101"",""regionId"":""R15"",""surfaceType"":""LAND"",""hostFeatureId"":""PEAK-EA-03"",""primaryBiomeId"":""BIOME-02"",""placementStatus"":""AUTHORITATIVE"",""spatialAuthorityId"":""EIDOLON_PUBLIC_3D_ATLAS_e760e7cd01c283d7a0e2""}","[]","EIDOLON_PUBLIC_3D_ATLAS_e760e7cd01c283d7a0e2",""
"POI-025","Northwest High Peak","Northwest High Peak","EXACT_MATCH","{""poiType"":""PEAK"",""latitude"":-10.135729,""longitude"":-78.658727,""siteId"":""SITE-121"",""regionId"":""R18"",""surfaceType"":""LAND"",""hostFeatureId"":""PEAK-SW-01"",""primaryBiomeId"":""BIOME-02""}","{""poiType"":""PEAK"",""latitude"":-10.135729,""longitude"":-78.658727,""regionId"":""R18""}","{""poiType"":""PEAK"",""latitude"":-10.135729,""longitude"":-78.658727,""siteId"":""SITE-121"",""regionId"":""R18"",""surfaceType"":""LAND"",""hostFeatureId"":""PEAK-SW-01"",""primaryBiomeId"":""BIOME-02"",""placementStatus"":""AUTHORITATIVE"",""spatialAuthorityId"":""EIDOLON_PUBLIC_3D_ATLAS_e760e7cd01c283d7a0e2""}","[]","EIDOLON_PUBLIC_3D_ATLAS_e760e7cd01c283d7a0e2",""
"POI-026","Central High Peak","Central High Peak","EXACT_MATCH","{""poiType"":""PEAK"",""latitude"":-22.626846,""longitude"":-68.149411,""siteId"":""SITE-122"",""regionId"":""R18"",""surfaceType"":""LAND"",""hostFeatureId"":""PEAK-SW-02"",""primaryBiomeId"":""BIOME-06""}","{""poiType"":""PEAK"",""latitude"":-22.626846,""longitude"":-68.149411,""regionId"":""R18""}","{""poiType"":""PEAK"",""latitude"":-22.626846,""longitude"":-68.149411,""siteId"":""SITE-122"",""regionId"":""R18"",""surfaceType"":""LAND"",""hostFeatureId"":""PEAK-SW-02"",""primaryBiomeId"":""BIOME-06"",""placementStatus"":""AUTHORITATIVE"",""spatialAuthorityId"":""EIDOLON_PUBLIC_3D_ATLAS_e760e7cd01c283d7a0e2""}","[]","EIDOLON_PUBLIC_3D_ATLAS_e760e7cd01c283d7a0e2",""
"POI-027","Eastern Volcano Peak","Eastern Volcano Peak","EXACT_MATCH","{""poiType"":""PEAK"",""latitude"":-26.902138,""longitude"":2.704108,""siteId"":""SITE-132"",""regionId"":""R19"",""surfaceType"":""LAND"",""hostFeatureId"":""PEAK-SW-03"",""primaryBiomeId"":""BIOME-02""}","{""poiType"":""PEAK"",""latitude"":-26.902138,""longitude"":2.704108,""regionId"":""R19""}","{""poiType"":""PEAK"",""latitude"":-26.902138,""longitude"":2.704108,""siteId"":""SITE-132"",""regionId"":""R19"",""surfaceType"":""LAND"",""hostFeatureId"":""PEAK-SW-03"",""primaryBiomeId"":""BIOME-02"",""placementStatus"":""AUTHORITATIVE"",""spatialAuthorityId"":""EIDOLON_PUBLIC_3D_ATLAS_e760e7cd01c283d7a0e2""}","[]","EIDOLON_PUBLIC_3D_ATLAS_e760e7cd01c283d7a0e2",""
"POI-028","Far East Volcano Peak","Far East Volcano Peak","EXACT_MATCH","{""poiType"":""PEAK"",""latitude"":-29.976244,""longitude"":20.769489,""siteId"":""SITE-127"",""regionId"":""R19"",""surfaceType"":""LAND"",""hostFeatureId"":""PEAK-SW-04"",""primaryBiomeId"":""BIOME-02""}","{""poiType"":""PEAK"",""latitude"":-29.976244,""longitude"":20.769489,""regionId"":""R19""}","{""poiType"":""PEAK"",""latitude"":-29.976244,""longitude"":20.769489,""siteId"":""SITE-127"",""regionId"":""R19"",""surfaceType"":""LAND"",""hostFeatureId"":""PEAK-SW-04"",""primaryBiomeId"":""BIOME-02"",""placementStatus"":""AUTHORITATIVE"",""spatialAuthorityId"":""EIDOLON_PUBLIC_3D_ATLAS_e760e7cd01c283d7a0e2""}","[]","EIDOLON_PUBLIC_3D_ATLAS_e760e7cd01c283d7a0e2",""
"POI-029","Derived Summit 01","Derived Summit 01","EXACT_MATCH","{""poiType"":""PEAK"",""latitude"":41.625,""longitude"":89.625,""siteId"":""SITE-095"",""regionId"":""R14"",""surfaceType"":""LAND"",""hostFeatureId"":""PEAK-DER-001"",""primaryBiomeId"":""BIOME-02""}","{""poiType"":""PEAK"",""latitude"":41.625,""longitude"":89.625,""regionId"":""R14""}","{""poiType"":""PEAK"",""latitude"":41.625,""longitude"":89.625,""siteId"":""SITE-095"",""regionId"":""R14"",""surfaceType"":""LAND"",""hostFeatureId"":""PEAK-DER-001"",""primaryBiomeId"":""BIOME-02"",""placementStatus"":""AUTHORITATIVE"",""spatialAuthorityId"":""EIDOLON_PUBLIC_3D_ATLAS_e760e7cd01c283d7a0e2""}","[]","EIDOLON_PUBLIC_3D_ATLAS_e760e7cd01c283d7a0e2",""
"POI-030","Derived Summit 02","Derived Summit 02","EXACT_MATCH","{""poiType"":""PEAK"",""latitude"":-36.625,""longitude"":-61.125,""siteId"":""SITE-147"",""regionId"":""R21"",""surfaceType"":""LAND"",""hostFeatureId"":""PEAK-DER-002"",""primaryBiomeId"":""BIOME-02""}","{""poiType"":""PEAK"",""latitude"":-36.625,""longitude"":-61.125,""regionId"":""R21""}","{""poiType"":""PEAK"",""latitude"":-36.625,""longitude"":-61.125,""siteId"":""SITE-147"",""regionId"":""R21"",""surfaceType"":""LAND"",""hostFeatureId"":""PEAK-DER-002"",""primaryBiomeId"":""BIOME-02"",""placementStatus"":""AUTHORITATIVE"",""spatialAuthorityId"":""EIDOLON_PUBLIC_3D_ATLAS_e760e7cd01c283d7a0e2""}","[]","EIDOLON_PUBLIC_3D_ATLAS_e760e7cd01c283d7a0e2",""
"POI-031","Eastern Monsoon Jungle","Eastern Monsoon Jungle","EXACT_MATCH","{""poiType"":""JUNGLE"",""latitude"":-15.216355,""longitude"":-99.392458,""siteId"":""SITE-118"",""regionId"":""R17"",""surfaceType"":""LAND"",""hostFeatureId"":""BIOME-SWATH-0434"",""primaryBiomeId"":""BIOME-CLASS-SAVANNA_WARM_GRASSLAND""}","{""poiType"":""JUNGLE"",""latitude"":-15.216355,""longitude"":-99.392458,""regionId"":""R17""}","{""poiType"":""JUNGLE"",""latitude"":-15.216355,""longitude"":-99.392458,""siteId"":""SITE-118"",""regionId"":""R17"",""surfaceType"":""LAND"",""hostFeatureId"":""BIOME-SWATH-0434"",""primaryBiomeId"":""BIOME-CLASS-SAVANNA_WARM_GRASSLAND"",""placementStatus"":""AUTHORITATIVE"",""spatialAuthorityId"":""EIDOLON_PUBLIC_3D_ATLAS_e760e7cd01c283d7a0e2""}","[]","EIDOLON_PUBLIC_3D_ATLAS_e760e7cd01c283d7a0e2",""
"POI-032","Southwestern Emerald Jungle","Southwestern Emerald Jungle","EXACT_MATCH","{""poiType"":""JUNGLE"",""latitude"":-24.80189,""longitude"":-29.140077,""siteId"":""SITE-130"",""regionId"":""R19"",""surfaceType"":""LAND"",""hostFeatureId"":""BIOME-SWATH-1367"",""primaryBiomeId"":""BIOME-CLASS-GRASSLAND_STEPPE""}","{""poiType"":""JUNGLE"",""latitude"":-24.80189,""longitude"":-29.140077,""regionId"":""R19""}","{""poiType"":""JUNGLE"",""latitude"":-24.80189,""longitude"":-29.140077,""siteId"":""SITE-130"",""regionId"":""R19"",""surfaceType"":""LAND"",""hostFeatureId"":""BIOME-SWATH-1367"",""primaryBiomeId"":""BIOME-CLASS-GRASSLAND_STEPPE"",""placementStatus"":""AUTHORITATIVE"",""spatialAuthorityId"":""EIDOLON_PUBLIC_3D_ATLAS_e760e7cd01c283d7a0e2""}","[]","EIDOLON_PUBLIC_3D_ATLAS_e760e7cd01c283d7a0e2",""
"POI-033","Eastern Red Badlands","Eastern Red Badlands","EXACT_MATCH","{""poiType"":""BADLANDS"",""latitude"":14.939025,""longitude"":77.248603,""siteId"":""SITE-092"",""regionId"":""R14"",""surfaceType"":""LAND"",""hostFeatureId"":""BIOME-SWATH-0413"",""primaryBiomeId"":""BIOME-SWATH-0217""}","{""poiType"":""BADLANDS"",""latitude"":14.939025,""longitude"":77.248603,""regionId"":""R14""}","{""poiType"":""BADLANDS"",""latitude"":14.939025,""longitude"":77.248603,""siteId"":""SITE-092"",""regionId"":""R14"",""surfaceType"":""LAND"",""hostFeatureId"":""BIOME-SWATH-0413"",""primaryBiomeId"":""BIOME-SWATH-0217"",""placementStatus"":""AUTHORITATIVE"",""spatialAuthorityId"":""EIDOLON_PUBLIC_3D_ATLAS_e760e7cd01c283d7a0e2""}","[]","EIDOLON_PUBLIC_3D_ATLAS_e760e7cd01c283d7a0e2",""
"POI-034","Central Broken Badlands","Central Broken Badlands","EXACT_MATCH","{""poiType"":""BADLANDS"",""latitude"":28.835938,""longitude"":96.898438,""siteId"":""SITE-087"",""regionId"":""R13"",""surfaceType"":""LAND"",""hostFeatureId"":""BIOME-SWATH-1047"",""primaryBiomeId"":""BIOME-CLASS-WETLAND_DELTA""}","{""poiType"":""BADLANDS"",""latitude"":28.835938,""longitude"":96.898438,""regionId"":""R13""}","{""poiType"":""BADLANDS"",""latitude"":28.835938,""longitude"":96.898438,""siteId"":""SITE-087"",""regionId"":""R13"",""surfaceType"":""LAND"",""hostFeatureId"":""BIOME-SWATH-1047"",""primaryBiomeId"":""BIOME-CLASS-WETLAND_DELTA"",""placementStatus"":""AUTHORITATIVE"",""spatialAuthorityId"":""EIDOLON_PUBLIC_3D_ATLAS_e760e7cd01c283d7a0e2""}","[]","EIDOLON_PUBLIC_3D_ATLAS_e760e7cd01c283d7a0e2",""
"POI-035","Western Heatherlands","Western Heatherlands","EXACT_MATCH","{""poiType"":""HEATHERLANDS"",""latitude"":48.375,""longitude"":-134.65625,""siteId"":""SITE-012"",""regionId"":""R02"",""surfaceType"":""LAND"",""hostFeatureId"":""BIOME-SWATH-2171"",""primaryBiomeId"":""BIOME-CLASS-ALPINE_MOUNTAIN""}","{""poiType"":""HEATHERLANDS"",""latitude"":48.375,""longitude"":-134.65625,""regionId"":""R02""}","{""poiType"":""HEATHERLANDS"",""latitude"":48.375,""longitude"":-134.65625,""siteId"":""SITE-012"",""regionId"":""R02"",""surfaceType"":""LAND"",""hostFeatureId"":""BIOME-SWATH-2171"",""primaryBiomeId"":""BIOME-CLASS-ALPINE_MOUNTAIN"",""placementStatus"":""AUTHORITATIVE"",""spatialAuthorityId"":""EIDOLON_PUBLIC_3D_ATLAS_e760e7cd01c283d7a0e2""}","[]","EIDOLON_PUBLIC_3D_ATLAS_e760e7cd01c283d7a0e2",""
"POI-036","Highcourt Shadow Forest","Highcourt Shadow Forest","EXACT_MATCH","{""poiType"":""SHADOW_FOREST"",""latitude"":20.508091,""longitude"":-91.580353,""siteId"":""SITE-041"",""regionId"":""R06"",""surfaceType"":""LAND"",""hostFeatureId"":""BIOME-SWATH-0920"",""primaryBiomeId"":""BIOME-CLASS-SHADOW_FOREST""}","{""poiType"":""SHADOW_FOREST"",""latitude"":20.508091,""longitude"":-91.580353,""regionId"":""R06""}","{""poiType"":""SHADOW_FOREST"",""latitude"":20.508091,""longitude"":-91.580353,""siteId"":""SITE-041"",""regionId"":""R06"",""surfaceType"":""LAND"",""hostFeatureId"":""BIOME-SWATH-0920"",""primaryBiomeId"":""BIOME-CLASS-SHADOW_FOREST"",""placementStatus"":""AUTHORITATIVE"",""spatialAuthorityId"":""EIDOLON_PUBLIC_3D_ATLAS_e760e7cd01c283d7a0e2""}","[]","EIDOLON_PUBLIC_3D_ATLAS_e760e7cd01c283d7a0e2",""
"POI-037","Northwestern Long Steppe","Northwestern Long Steppe","EXACT_MATCH","{""poiType"":""STEPPE"",""latitude"":16.842925,""longitude"":-63.925236,""siteId"":""SITE-045"",""regionId"":""R07"",""surfaceType"":""LAND"",""hostFeatureId"":""BIOME-SWATH-0448"",""primaryBiomeId"":""BIOME-CLASS-GRASSLAND_STEPPE""}","{""poiType"":""STEPPE"",""latitude"":16.842925,""longitude"":-63.925236,""regionId"":""R07""}","{""poiType"":""STEPPE"",""latitude"":16.842925,""longitude"":-63.925236,""siteId"":""SITE-045"",""regionId"":""R07"",""surfaceType"":""LAND"",""hostFeatureId"":""BIOME-SWATH-0448"",""primaryBiomeId"":""BIOME-CLASS-GRASSLAND_STEPPE"",""placementStatus"":""AUTHORITATIVE"",""spatialAuthorityId"":""EIDOLON_PUBLIC_3D_ATLAS_e760e7cd01c283d7a0e2""}","[]","EIDOLON_PUBLIC_3D_ATLAS_e760e7cd01c283d7a0e2",""
"POI-038","Northern Cold Steppe","Northern Cold Steppe","EXACT_MATCH","{""poiType"":""STEPPE"",""latitude"":60.881,""longitude"":25.825,""siteId"":""SITE-104"",""regionId"":""R15"",""surfaceType"":""LAND"",""hostFeatureId"":""BIOME-SWATH-2828"",""primaryBiomeId"":""BIOME-CLASS-DESERT_BADLANDS""}","{""poiType"":""STEPPE"",""latitude"":60.881,""longitude"":25.825,""regionId"":""R15""}","{""poiType"":""STEPPE"",""latitude"":60.881,""longitude"":25.825,""siteId"":""SITE-104"",""regionId"":""R15"",""surfaceType"":""LAND"",""hostFeatureId"":""BIOME-SWATH-2828"",""primaryBiomeId"":""BIOME-CLASS-DESERT_BADLANDS"",""placementStatus"":""AUTHORITATIVE"",""spatialAuthorityId"":""EIDOLON_PUBLIC_3D_ATLAS_e760e7cd01c283d7a0e2""}","[]","EIDOLON_PUBLIC_3D_ATLAS_e760e7cd01c283d7a0e2",""
"POI-039","Southwestern Spine Range","Southwestern Spine Range","EXACT_MATCH","{""poiType"":""MOUNTAIN_RANGE"",""latitude"":-28.105205,""longitude"":-69.234563,""siteId"":""SITE-123"",""regionId"":""R18"",""surfaceType"":""LAND"",""hostFeatureId"":""MOUNTAIN-RANGE-008"",""primaryBiomeId"":""BIOME-CLASS-ALPINE_MOUNTAIN""}","{""poiType"":""MOUNTAIN_RANGE"",""latitude"":-28.105205,""longitude"":-69.234563,""regionId"":""R18""}","{""poiType"":""MOUNTAIN_RANGE"",""latitude"":-28.105205,""longitude"":-69.234563,""siteId"":""SITE-123"",""regionId"":""R18"",""surfaceType"":""LAND"",""hostFeatureId"":""MOUNTAIN-RANGE-008"",""primaryBiomeId"":""BIOME-CLASS-ALPINE_MOUNTAIN"",""placementStatus"":""AUTHORITATIVE"",""spatialAuthorityId"":""EIDOLON_PUBLIC_3D_ATLAS_e760e7cd01c283d7a0e2""}","[]","EIDOLON_PUBLIC_3D_ATLAS_e760e7cd01c283d7a0e2",""
"POI-040","Northwestern Great Lake","Northwestern Great Lake","EXACT_MATCH","{""poiType"":""LAKE"",""latitude"":42.076625,""longitude"":-80.302596,""siteId"":""SITE-023"",""regionId"":""R04"",""surfaceType"":""SHALLOW_WATER"",""hostFeatureId"":""WATER-NW-01"",""primaryBiomeId"":""BIOME-SWATH-1886""}","{""poiType"":""LAKE"",""latitude"":42.076625,""longitude"":-80.302596,""regionId"":""R04""}","{""poiType"":""LAKE"",""latitude"":42.076625,""longitude"":-80.302596,""siteId"":""SITE-023"",""regionId"":""R04"",""surfaceType"":""SHALLOW_WATER"",""hostFeatureId"":""WATER-NW-01"",""primaryBiomeId"":""BIOME-SWATH-1886"",""placementStatus"":""AUTHORITATIVE"",""spatialAuthorityId"":""EIDOLON_PUBLIC_3D_ATLAS_e760e7cd01c283d7a0e2""}","[]","EIDOLON_PUBLIC_3D_ATLAS_e760e7cd01c283d7a0e2",""
"POI-041","Eastern Great Lake","Eastern Great Lake","EXACT_MATCH","{""poiType"":""LAKE"",""latitude"":56.014192,""longitude"":60.415407,""siteId"":""SITE-071"",""regionId"":""R11"",""surfaceType"":""SHALLOW_WATER"",""hostFeatureId"":""WATER-EA-01"",""primaryBiomeId"":""BIOME-SWATH-2883""}","{""poiType"":""LAKE"",""latitude"":56.014192,""longitude"":60.415407,""regionId"":""R11""}","{""poiType"":""LAKE"",""latitude"":56.014192,""longitude"":60.415407,""siteId"":""SITE-071"",""regionId"":""R11"",""surfaceType"":""SHALLOW_WATER"",""hostFeatureId"":""WATER-EA-01"",""primaryBiomeId"":""BIOME-SWATH-2883"",""placementStatus"":""AUTHORITATIVE"",""spatialAuthorityId"":""EIDOLON_PUBLIC_3D_ATLAS_e760e7cd01c283d7a0e2""}","[]","EIDOLON_PUBLIC_3D_ATLAS_e760e7cd01c283d7a0e2",""
"POI-042","Northeast Wetland Feeder River","Northeast Wetland Feeder River","EXACT_MATCH","{""poiType"":""RIVER"",""latitude"":53.581405,""longitude"":-97.758628,""siteId"":""SITE-004"",""regionId"":""R01"",""surfaceType"":""SHALLOW_WATER"",""hostFeatureId"":""RIVER-SYS-0001"",""primaryBiomeId"":""BIOME-CLASS-TEMPERATE_DENSE_FOREST""}","{""poiType"":""RIVER"",""latitude"":53.581405,""longitude"":-97.758628,""regionId"":""R01""}","{""poiType"":""RIVER"",""latitude"":53.581405,""longitude"":-97.758628,""siteId"":""SITE-004"",""regionId"":""R01"",""surfaceType"":""SHALLOW_WATER"",""hostFeatureId"":""RIVER-SYS-0001"",""primaryBiomeId"":""BIOME-CLASS-TEMPERATE_DENSE_FOREST"",""placementStatus"":""AUTHORITATIVE"",""spatialAuthorityId"":""EIDOLON_PUBLIC_3D_ATLAS_e760e7cd01c283d7a0e2""}","[]","EIDOLON_PUBLIC_3D_ATLAS_e760e7cd01c283d7a0e2",""
"POI-043","Eastern Wetland Outflow","Eastern Wetland Outflow","EXACT_MATCH","{""poiType"":""RIVER"",""latitude"":48.498128,""longitude"":-65.690746,""siteId"":""SITE-026"",""regionId"":""R04"",""surfaceType"":""SHALLOW_WATER"",""hostFeatureId"":""RIVER-SYS-0002"",""primaryBiomeId"":""BIOME-CLASS-TEMPERATE_DENSE_FOREST""}","{""poiType"":""RIVER"",""latitude"":48.498128,""longitude"":-65.690746,""regionId"":""R04""}","{""poiType"":""RIVER"",""latitude"":48.498128,""longitude"":-65.690746,""siteId"":""SITE-026"",""regionId"":""R04"",""surfaceType"":""SHALLOW_WATER"",""hostFeatureId"":""RIVER-SYS-0002"",""primaryBiomeId"":""BIOME-CLASS-TEMPERATE_DENSE_FOREST"",""placementStatus"":""AUTHORITATIVE"",""spatialAuthorityId"":""EIDOLON_PUBLIC_3D_ATLAS_e760e7cd01c283d7a0e2""}","[]","EIDOLON_PUBLIC_3D_ATLAS_e760e7cd01c283d7a0e2",""
"POI-044","Waterfall River","Waterfall River","EXACT_MATCH","{""poiType"":""RIVER"",""latitude"":37.66776,""longitude"":-104.538846,""siteId"":""SITE-027"",""regionId"":""R04"",""surfaceType"":""SHALLOW_WATER"",""hostFeatureId"":""RIVER-SYS-0003"",""primaryBiomeId"":""BIOME-CLASS-SHADOW_FOREST""}","{""poiType"":""RIVER"",""latitude"":37.66776,""longitude"":-104.538846,""regionId"":""R04""}","{""poiType"":""RIVER"",""latitude"":37.66776,""longitude"":-104.538846,""siteId"":""SITE-027"",""regionId"":""R04"",""surfaceType"":""SHALLOW_WATER"",""hostFeatureId"":""RIVER-SYS-0003"",""primaryBiomeId"":""BIOME-CLASS-SHADOW_FOREST"",""placementStatus"":""AUTHORITATIVE"",""spatialAuthorityId"":""EIDOLON_PUBLIC_3D_ATLAS_e760e7cd01c283d7a0e2""}","[]","EIDOLON_PUBLIC_3D_ATLAS_e760e7cd01c283d7a0e2",""
"POI-045","Great Southbound River","Great Southbound River","EXACT_MATCH","{""poiType"":""RIVER"",""latitude"":14.679719,""longitude"":86.272997,""siteId"":""SITE-092"",""regionId"":""R14"",""surfaceType"":""SHALLOW_WATER"",""hostFeatureId"":""RIVER-SYS-0004"",""primaryBiomeId"":""BIOME-SWATH-0217""}","{""poiType"":""RIVER"",""latitude"":14.679719,""longitude"":86.272997,""regionId"":""R14""}","{""poiType"":""RIVER"",""latitude"":14.679719,""longitude"":86.272997,""siteId"":""SITE-092"",""regionId"":""R14"",""surfaceType"":""SHALLOW_WATER"",""hostFeatureId"":""RIVER-SYS-0004"",""primaryBiomeId"":""BIOME-SWATH-0217"",""placementStatus"":""AUTHORITATIVE"",""spatialAuthorityId"":""EIDOLON_PUBLIC_3D_ATLAS_e760e7cd01c283d7a0e2""}","[]","EIDOLON_PUBLIC_3D_ATLAS_e760e7cd01c283d7a0e2",""
"POI-046","Western Tributary River","Western Tributary River","EXACT_MATCH","{""poiType"":""RIVER"",""latitude"":19.958271,""longitude"":70.921467,""siteId"":""SITE-073"",""regionId"":""R11"",""surfaceType"":""SHALLOW_WATER"",""hostFeatureId"":""RIVER-SYS-0005"",""primaryBiomeId"":""BIOME-SWATH-2274""}","{""poiType"":""RIVER"",""latitude"":19.958271,""longitude"":70.921467,""regionId"":""R11""}","{""poiType"":""RIVER"",""latitude"":19.958271,""longitude"":70.921467,""siteId"":""SITE-073"",""regionId"":""R11"",""surfaceType"":""SHALLOW_WATER"",""hostFeatureId"":""RIVER-SYS-0005"",""primaryBiomeId"":""BIOME-SWATH-2274"",""placementStatus"":""AUTHORITATIVE"",""spatialAuthorityId"":""EIDOLON_PUBLIC_3D_ATLAS_e760e7cd01c283d7a0e2""}","[]","EIDOLON_PUBLIC_3D_ATLAS_e760e7cd01c283d7a0e2",""
"POI-047","Eastern Tributary River","Eastern Tributary River","EXACT_MATCH","{""poiType"":""RIVER"",""latitude"":25.479494,""longitude"":97.752337,""siteId"":""SITE-087"",""regionId"":""R13"",""surfaceType"":""SHALLOW_WATER"",""hostFeatureId"":""RIVER-SYS-0006"",""primaryBiomeId"":""BIOME-CLASS-WETLAND_DELTA""}","{""poiType"":""RIVER"",""latitude"":25.479494,""longitude"":97.752337,""regionId"":""R13""}","{""poiType"":""RIVER"",""latitude"":25.479494,""longitude"":97.752337,""siteId"":""SITE-087"",""regionId"":""R13"",""surfaceType"":""SHALLOW_WATER"",""hostFeatureId"":""RIVER-SYS-0006"",""primaryBiomeId"":""BIOME-CLASS-WETLAND_DELTA"",""placementStatus"":""AUTHORITATIVE"",""spatialAuthorityId"":""EIDOLON_PUBLIC_3D_ATLAS_e760e7cd01c283d7a0e2""}","[]","EIDOLON_PUBLIC_3D_ATLAS_e760e7cd01c283d7a0e2",""
"POI-048","Southern Great River","Southern Great River","EXACT_MATCH","{""poiType"":""RIVER"",""latitude"":-51.339025,""longitude"":-50.280088,""siteId"":""SITE-158"",""regionId"":""R23"",""surfaceType"":""SHALLOW_WATER"",""hostFeatureId"":""RIVER-SYS-0014"",""primaryBiomeId"":""BIOME-CLASS-GRASSLAND_STEPPE""}","{""poiType"":""RIVER"",""latitude"":-51.339025,""longitude"":-50.280088,""regionId"":""R23""}","{""poiType"":""RIVER"",""latitude"":-51.339025,""longitude"":-50.280088,""siteId"":""SITE-158"",""regionId"":""R23"",""surfaceType"":""SHALLOW_WATER"",""hostFeatureId"":""RIVER-SYS-0014"",""primaryBiomeId"":""BIOME-CLASS-GRASSLAND_STEPPE"",""placementStatus"":""AUTHORITATIVE"",""spatialAuthorityId"":""EIDOLON_PUBLIC_3D_ATLAS_e760e7cd01c283d7a0e2""}","[]","EIDOLON_PUBLIC_3D_ATLAS_e760e7cd01c283d7a0e2",""
"POI-049","Central Plains River","Central Plains River","EXACT_MATCH","{""poiType"":""RIVER"",""latitude"":-39.113585,""longitude"":-9.971625,""siteId"":""SITE-146"",""regionId"":""R21"",""surfaceType"":""SHALLOW_WATER"",""hostFeatureId"":""RIVER-SYS-0016"",""primaryBiomeId"":""BIOME-CLASS-ICE_SNOW_GLACIER""}","{""poiType"":""RIVER"",""latitude"":-39.113585,""longitude"":-9.971625,""regionId"":""R21""}","{""poiType"":""RIVER"",""latitude"":-39.113585,""longitude"":-9.971625,""siteId"":""SITE-146"",""regionId"":""R21"",""surfaceType"":""SHALLOW_WATER"",""hostFeatureId"":""RIVER-SYS-0016"",""primaryBiomeId"":""BIOME-CLASS-ICE_SNOW_GLACIER"",""placementStatus"":""AUTHORITATIVE"",""spatialAuthorityId"":""EIDOLON_PUBLIC_3D_ATLAS_e760e7cd01c283d7a0e2""}","[]","EIDOLON_PUBLIC_3D_ATLAS_e760e7cd01c283d7a0e2",""
"POI-050","Northwestern Greatwood","Northwestern Greatwood","EXACT_MATCH","{""poiType"":""FOREST"",""latitude"":41.807353,""longitude"":-112.617362,""siteId"":""SITE-015"",""regionId"":""R03"",""surfaceType"":""LAND"",""hostFeatureId"":""BIOME-SWATH-0608"",""primaryBiomeId"":""BIOME-SWATH-1351""}","{""poiType"":""FOREST"",""latitude"":41.807353,""longitude"":-112.617362,""regionId"":""R03""}","{""poiType"":""FOREST"",""latitude"":41.807353,""longitude"":-112.617362,""siteId"":""SITE-015"",""regionId"":""R03"",""surfaceType"":""LAND"",""hostFeatureId"":""BIOME-SWATH-0608"",""primaryBiomeId"":""BIOME-SWATH-1351"",""placementStatus"":""AUTHORITATIVE"",""spatialAuthorityId"":""EIDOLON_PUBLIC_3D_ATLAS_e760e7cd01c283d7a0e2""}","[]","EIDOLON_PUBLIC_3D_ATLAS_e760e7cd01c283d7a0e2",""
"POI-051","Northwestern Shadowwood","Northwestern Shadowwood","EXACT_MATCH","{""poiType"":""FOREST"",""latitude"":20.508091,""longitude"":-91.580353,""siteId"":""SITE-041"",""regionId"":""R06"",""surfaceType"":""LAND"",""hostFeatureId"":""BIOME-SWATH-0920"",""primaryBiomeId"":""BIOME-CLASS-SHADOW_FOREST""}","{""poiType"":""FOREST"",""latitude"":20.508091,""longitude"":-91.580353,""regionId"":""R06""}","{""poiType"":""FOREST"",""latitude"":20.508091,""longitude"":-91.580353,""siteId"":""SITE-041"",""regionId"":""R06"",""surfaceType"":""LAND"",""hostFeatureId"":""BIOME-SWATH-0920"",""primaryBiomeId"":""BIOME-CLASS-SHADOW_FOREST"",""placementStatus"":""AUTHORITATIVE"",""spatialAuthorityId"":""EIDOLON_PUBLIC_3D_ATLAS_e760e7cd01c283d7a0e2""}","[]","EIDOLON_PUBLIC_3D_ATLAS_e760e7cd01c283d7a0e2",""
"POI-052","Eastern Crownwood","Eastern Crownwood","EXACT_MATCH","{""poiType"":""FOREST"",""latitude"":31.392139,""longitude"":58.582888,""siteId"":""SITE-074"",""regionId"":""R11"",""surfaceType"":""LAND"",""hostFeatureId"":""BIOME-SWATH-0417"",""primaryBiomeId"":""BIOME-CLASS-SAVANNA_WARM_GRASSLAND""}","{""poiType"":""FOREST"",""latitude"":31.392139,""longitude"":58.582888,""regionId"":""R11""}","{""poiType"":""FOREST"",""latitude"":31.392139,""longitude"":58.582888,""siteId"":""SITE-074"",""regionId"":""R11"",""surfaceType"":""LAND"",""hostFeatureId"":""BIOME-SWATH-0417"",""primaryBiomeId"":""BIOME-CLASS-SAVANNA_WARM_GRASSLAND"",""placementStatus"":""AUTHORITATIVE"",""spatialAuthorityId"":""EIDOLON_PUBLIC_3D_ATLAS_e760e7cd01c283d7a0e2""}","[]","EIDOLON_PUBLIC_3D_ATLAS_e760e7cd01c283d7a0e2",""
"POI-053","Southwestern Rainwood","Southwestern Rainwood","EXACT_MATCH","{""poiType"":""FOREST"",""latitude"":-24.80189,""longitude"":-29.140077,""siteId"":""SITE-130"",""regionId"":""R19"",""surfaceType"":""LAND"",""hostFeatureId"":""BIOME-SWATH-1367"",""primaryBiomeId"":""BIOME-CLASS-GRASSLAND_STEPPE""}","{""poiType"":""FOREST"",""latitude"":-24.80189,""longitude"":-29.140077,""regionId"":""R19""}","{""poiType"":""FOREST"",""latitude"":-24.80189,""longitude"":-29.140077,""siteId"":""SITE-130"",""regionId"":""R19"",""surfaceType"":""LAND"",""hostFeatureId"":""BIOME-SWATH-1367"",""primaryBiomeId"":""BIOME-CLASS-GRASSLAND_STEPPE"",""placementStatus"":""AUTHORITATIVE"",""spatialAuthorityId"":""EIDOLON_PUBLIC_3D_ATLAS_e760e7cd01c283d7a0e2""}","[]","EIDOLON_PUBLIC_3D_ATLAS_e760e7cd01c283d7a0e2",""
"POI-054","Northern Amber Desert","Northern Amber Desert","EXACT_MATCH","{""poiType"":""DESERT"",""latitude"":56.246622,""longitude"":20.310811,""siteId"":""SITE-104"",""regionId"":""R15"",""surfaceType"":""LAND"",""hostFeatureId"":""BIOME-SWATH-0182"",""primaryBiomeId"":""BIOME-CLASS-DESERT_BADLANDS""}","{""poiType"":""DESERT"",""latitude"":56.246622,""longitude"":20.310811,""regionId"":""R15""}","{""poiType"":""DESERT"",""latitude"":56.246622,""longitude"":20.310811,""siteId"":""SITE-104"",""regionId"":""R15"",""surfaceType"":""LAND"",""hostFeatureId"":""BIOME-SWATH-0182"",""primaryBiomeId"":""BIOME-CLASS-DESERT_BADLANDS"",""placementStatus"":""AUTHORITATIVE"",""spatialAuthorityId"":""EIDOLON_PUBLIC_3D_ATLAS_e760e7cd01c283d7a0e2""}","[]","EIDOLON_PUBLIC_3D_ATLAS_e760e7cd01c283d7a0e2",""
"POI-055","Eastern Red Desert","Eastern Red Desert","EXACT_MATCH","{""poiType"":""DESERT"",""latitude"":28.835938,""longitude"":96.898438,""siteId"":""SITE-087"",""regionId"":""R13"",""surfaceType"":""LAND"",""hostFeatureId"":""BIOME-SWATH-1047"",""primaryBiomeId"":""BIOME-CLASS-WETLAND_DELTA""}","{""poiType"":""DESERT"",""latitude"":28.835938,""longitude"":96.898438,""regionId"":""R13""}","{""poiType"":""DESERT"",""latitude"":28.835938,""longitude"":96.898438,""siteId"":""SITE-087"",""regionId"":""R13"",""surfaceType"":""LAND"",""hostFeatureId"":""BIOME-SWATH-1047"",""primaryBiomeId"":""BIOME-CLASS-WETLAND_DELTA"",""placementStatus"":""AUTHORITATIVE"",""spatialAuthorityId"":""EIDOLON_PUBLIC_3D_ATLAS_e760e7cd01c283d7a0e2""}","[]","EIDOLON_PUBLIC_3D_ATLAS_e760e7cd01c283d7a0e2",""
"POI-056","Central Sunwaste","Central Sunwaste","EXACT_MATCH","{""poiType"":""DESERT"",""latitude"":6.614945,""longitude"":69.397966,""siteId"":""SITE-073"",""regionId"":""R11"",""surfaceType"":""LAND"",""hostFeatureId"":""BIOME-SWATH-1192"",""primaryBiomeId"":""BIOME-SWATH-2274""}","{""poiType"":""DESERT"",""latitude"":6.614945,""longitude"":69.397966,""regionId"":""R11""}","{""poiType"":""DESERT"",""latitude"":6.614945,""longitude"":69.397966,""siteId"":""SITE-073"",""regionId"":""R11"",""surfaceType"":""LAND"",""hostFeatureId"":""BIOME-SWATH-1192"",""primaryBiomeId"":""BIOME-SWATH-2274"",""placementStatus"":""AUTHORITATIVE"",""spatialAuthorityId"":""EIDOLON_PUBLIC_3D_ATLAS_e760e7cd01c283d7a0e2""}","[]","EIDOLON_PUBLIC_3D_ATLAS_e760e7cd01c283d7a0e2",""
"POI-057","Southeastern Drylands","Southeastern Drylands","EXACT_MATCH","{""poiType"":""DESERT"",""latitude"":-0.578713,""longitude"":102.169771,""siteId"":""SITE-107"",""regionId"":""R16"",""surfaceType"":""LAND"",""hostFeatureId"":""BIOME-SWATH-0398"",""primaryBiomeId"":""BIOME-CLASS-WETLAND_DELTA""}","{""poiType"":""DESERT"",""latitude"":-0.578713,""longitude"":102.169771,""regionId"":""R16""}","{""poiType"":""DESERT"",""latitude"":-0.578713,""longitude"":102.169771,""siteId"":""SITE-107"",""regionId"":""R16"",""surfaceType"":""LAND"",""hostFeatureId"":""BIOME-SWATH-0398"",""primaryBiomeId"":""BIOME-CLASS-WETLAND_DELTA"",""placementStatus"":""AUTHORITATIVE"",""spatialAuthorityId"":""EIDOLON_PUBLIC_3D_ATLAS_e760e7cd01c283d7a0e2""}","[]","EIDOLON_PUBLIC_3D_ATLAS_e760e7cd01c283d7a0e2",""
"POI-058","Westwind Grasslands","Westwind Grasslands","EXACT_MATCH","{""poiType"":""GRASSLAND"",""latitude"":40.047822,""longitude"":-127.383937,""siteId"":""SITE-009"",""regionId"":""R02"",""surfaceType"":""LAND"",""hostFeatureId"":""BIOME-SWATH-0383"",""primaryBiomeId"":""BIOME-CLASS-GRASSLAND_STEPPE""}","{""poiType"":""GRASSLAND"",""latitude"":40.047822,""longitude"":-127.383937,""regionId"":""R02""}","{""poiType"":""GRASSLAND"",""latitude"":40.047822,""longitude"":-127.383937,""siteId"":""SITE-009"",""regionId"":""R02"",""surfaceType"":""LAND"",""hostFeatureId"":""BIOME-SWATH-0383"",""primaryBiomeId"":""BIOME-CLASS-GRASSLAND_STEPPE"",""placementStatus"":""AUTHORITATIVE"",""spatialAuthorityId"":""EIDOLON_PUBLIC_3D_ATLAS_e760e7cd01c283d7a0e2""}","[]","EIDOLON_PUBLIC_3D_ATLAS_e760e7cd01c283d7a0e2",""
"POI-059","Southwestern Greensteppe","Southwestern Greensteppe","EXACT_MATCH","{""poiType"":""GRASSLAND"",""latitude"":-11.173435,""longitude"":-73.874529,""siteId"":""SITE-120"",""regionId"":""R18"",""surfaceType"":""LAND"",""hostFeatureId"":""BIOME-SWATH-1077"",""primaryBiomeId"":""BIOME-SWATH-0511""}","{""poiType"":""GRASSLAND"",""latitude"":-11.173435,""longitude"":-73.874529,""regionId"":""R18""}","{""poiType"":""GRASSLAND"",""latitude"":-11.173435,""longitude"":-73.874529,""siteId"":""SITE-120"",""regionId"":""R18"",""surfaceType"":""LAND"",""hostFeatureId"":""BIOME-SWATH-1077"",""primaryBiomeId"":""BIOME-SWATH-0511"",""placementStatus"":""AUTHORITATIVE"",""spatialAuthorityId"":""EIDOLON_PUBLIC_3D_ATLAS_e760e7cd01c283d7a0e2""}","[]","EIDOLON_PUBLIC_3D_ATLAS_e760e7cd01c283d7a0e2",""
"POI-060","Eastern Golden Grasslands","Eastern Golden Grasslands","EXACT_MATCH","{""poiType"":""GRASSLAND"",""latitude"":-9.181,""longitude"":74.619,""siteId"":""SITE-072"",""regionId"":""R11"",""surfaceType"":""LAND"",""hostFeatureId"":""BIOME-SWATH-0982"",""primaryBiomeId"":""BIOME-CLASS-WETLAND_DELTA""}","{""poiType"":""GRASSLAND"",""latitude"":-9.181,""longitude"":74.619,""regionId"":""R11""}","{""poiType"":""GRASSLAND"",""latitude"":-9.181,""longitude"":74.619,""siteId"":""SITE-072"",""regionId"":""R11"",""surfaceType"":""LAND"",""hostFeatureId"":""BIOME-SWATH-0982"",""primaryBiomeId"":""BIOME-CLASS-WETLAND_DELTA"",""placementStatus"":""AUTHORITATIVE"",""spatialAuthorityId"":""EIDOLON_PUBLIC_3D_ATLAS_e760e7cd01c283d7a0e2""}","[]","EIDOLON_PUBLIC_3D_ATLAS_e760e7cd01c283d7a0e2",""
"POI-061","Northwestern Longplain","Northwestern Longplain","EXACT_MATCH","{""poiType"":""PLAINS"",""latitude"":16.842925,""longitude"":-63.925236,""siteId"":""SITE-045"",""regionId"":""R07"",""surfaceType"":""LAND"",""hostFeatureId"":""BIOME-SWATH-0448"",""primaryBiomeId"":""BIOME-CLASS-GRASSLAND_STEPPE""}","{""poiType"":""PLAINS"",""latitude"":16.842925,""longitude"":-63.925236,""regionId"":""R07""}","{""poiType"":""PLAINS"",""latitude"":16.842925,""longitude"":-63.925236,""siteId"":""SITE-045"",""regionId"":""R07"",""surfaceType"":""LAND"",""hostFeatureId"":""BIOME-SWATH-0448"",""primaryBiomeId"":""BIOME-CLASS-GRASSLAND_STEPPE"",""placementStatus"":""AUTHORITATIVE"",""spatialAuthorityId"":""EIDOLON_PUBLIC_3D_ATLAS_e760e7cd01c283d7a0e2""}","[]","EIDOLON_PUBLIC_3D_ATLAS_e760e7cd01c283d7a0e2",""
"POI-062","Southern Great Plain","Southern Great Plain","EXACT_MATCH","{""poiType"":""PLAINS"",""latitude"":-37.473492,""longitude"":-101.326362,""siteId"":""SITE-147"",""regionId"":""R21"",""surfaceType"":""LAND"",""hostFeatureId"":""BIOME-SWATH-0644"",""primaryBiomeId"":""BIOME-CLASS-ALPINE_MOUNTAIN""}","{""poiType"":""PLAINS"",""latitude"":-37.473492,""longitude"":-101.326362,""regionId"":""R21""}","{""poiType"":""PLAINS"",""latitude"":-37.473492,""longitude"":-101.326362,""siteId"":""SITE-147"",""regionId"":""R21"",""surfaceType"":""LAND"",""hostFeatureId"":""BIOME-SWATH-0644"",""primaryBiomeId"":""BIOME-CLASS-ALPINE_MOUNTAIN"",""placementStatus"":""AUTHORITATIVE"",""spatialAuthorityId"":""EIDOLON_PUBLIC_3D_ATLAS_e760e7cd01c283d7a0e2""}","[]","EIDOLON_PUBLIC_3D_ATLAS_e760e7cd01c283d7a0e2",""
"POI-063","Heather Hills","Heather Hills","EXACT_MATCH","{""poiType"":""HILLS"",""latitude"":42.639529,""longitude"":-126.844251,""siteId"":""SITE-017"",""regionId"":""R03"",""surfaceType"":""LAND"",""hostFeatureId"":""BIOME-SWATH-0687"",""primaryBiomeId"":""BIOME-CLASS-GRASSLAND_STEPPE""}","{""poiType"":""HILLS"",""latitude"":42.639529,""longitude"":-126.844251,""regionId"":""R03""}","{""poiType"":""HILLS"",""latitude"":42.639529,""longitude"":-126.844251,""siteId"":""SITE-017"",""regionId"":""R03"",""surfaceType"":""LAND"",""hostFeatureId"":""BIOME-SWATH-0687"",""primaryBiomeId"":""BIOME-CLASS-GRASSLAND_STEPPE"",""placementStatus"":""AUTHORITATIVE"",""spatialAuthorityId"":""EIDOLON_PUBLIC_3D_ATLAS_e760e7cd01c283d7a0e2""}","[]","EIDOLON_PUBLIC_3D_ATLAS_e760e7cd01c283d7a0e2",""
"POI-064","Floating Island 01","Floating Island 01","EXACT_MATCH","{""poiType"":""FLOATING_ISLAND"",""latitude"":15,""longitude"":62,""siteId"":""SITE-073"",""regionId"":""R11"",""surfaceType"":""FLOATING_ISLAND"",""hostFeatureId"":""FLOAT-ISLAND-001"",""primaryBiomeId"":""BIOME-07""}","{""poiType"":""FLOATING_ISLAND"",""latitude"":15,""longitude"":62,""regionId"":""R11""}","{""poiType"":""FLOATING_ISLAND"",""latitude"":15,""longitude"":62,""siteId"":""SITE-073"",""regionId"":""R11"",""surfaceType"":""FLOATING_ISLAND"",""hostFeatureId"":""FLOAT-ISLAND-001"",""primaryBiomeId"":""BIOME-07"",""placementStatus"":""AUTHORITATIVE"",""spatialAuthorityId"":""EIDOLON_PUBLIC_3D_ATLAS_e760e7cd01c283d7a0e2""}","[]","EIDOLON_PUBLIC_3D_ATLAS_e760e7cd01c283d7a0e2",""
"POI-065","Floating Island 02","Floating Island 02","EXACT_MATCH","{""poiType"":""FLOATING_ISLAND"",""latitude"":13.5,""longitude"":65,""siteId"":""SITE-073"",""regionId"":""R11"",""surfaceType"":""FLOATING_ISLAND"",""hostFeatureId"":""FLOAT-ISLAND-002"",""primaryBiomeId"":""BIOME-07""}","{""poiType"":""FLOATING_ISLAND"",""latitude"":13.5,""longitude"":65,""regionId"":""R11""}","{""poiType"":""FLOATING_ISLAND"",""latitude"":13.5,""longitude"":65,""siteId"":""SITE-073"",""regionId"":""R11"",""surfaceType"":""FLOATING_ISLAND"",""hostFeatureId"":""FLOAT-ISLAND-002"",""primaryBiomeId"":""BIOME-07"",""placementStatus"":""AUTHORITATIVE"",""spatialAuthorityId"":""EIDOLON_PUBLIC_3D_ATLAS_e760e7cd01c283d7a0e2""}","[]","EIDOLON_PUBLIC_3D_ATLAS_e760e7cd01c283d7a0e2",""
"POI-066","Floating Island 03","Floating Island 03","EXACT_MATCH","{""poiType"":""FLOATING_ISLAND"",""latitude"":17,""longitude"":68,""siteId"":""SITE-073"",""regionId"":""R11"",""surfaceType"":""FLOATING_ISLAND"",""hostFeatureId"":""FLOAT-ISLAND-003"",""primaryBiomeId"":""BIOME-07""}","{""poiType"":""FLOATING_ISLAND"",""latitude"":17,""longitude"":68,""regionId"":""R11""}","{""poiType"":""FLOATING_ISLAND"",""latitude"":17,""longitude"":68,""siteId"":""SITE-073"",""regionId"":""R11"",""surfaceType"":""FLOATING_ISLAND"",""hostFeatureId"":""FLOAT-ISLAND-003"",""primaryBiomeId"":""BIOME-07"",""placementStatus"":""AUTHORITATIVE"",""spatialAuthorityId"":""EIDOLON_PUBLIC_3D_ATLAS_e760e7cd01c283d7a0e2""}","[]","EIDOLON_PUBLIC_3D_ATLAS_e760e7cd01c283d7a0e2",""
"POI-067","Floating Island 04","Floating Island 04","EXACT_MATCH","{""poiType"":""FLOATING_ISLAND"",""latitude"":11.5,""longitude"":50.5,""siteId"":""SITE-058"",""regionId"":""R09"",""surfaceType"":""FLOATING_ISLAND"",""hostFeatureId"":""FLOAT-ISLAND-004"",""primaryBiomeId"":""BIOME-FLOATING""}","{""poiType"":""FLOATING_ISLAND"",""latitude"":11.5,""longitude"":50.5,""regionId"":""R09""}","{""poiType"":""FLOATING_ISLAND"",""latitude"":11.5,""longitude"":50.5,""siteId"":""SITE-058"",""regionId"":""R09"",""surfaceType"":""FLOATING_ISLAND"",""hostFeatureId"":""FLOAT-ISLAND-004"",""primaryBiomeId"":""BIOME-FLOATING"",""placementStatus"":""AUTHORITATIVE"",""spatialAuthorityId"":""EIDOLON_PUBLIC_3D_ATLAS_e760e7cd01c283d7a0e2""}","[]","EIDOLON_PUBLIC_3D_ATLAS_e760e7cd01c283d7a0e2",""
"POI-068","Northern Crown Glacier","Northern Crown Glacier","EXACT_MATCH","{""poiType"":""GLACIER"",""latitude"":71.270192,""longitude"":-96.805288,""siteId"":""SITE-007"",""regionId"":""R01"",""surfaceType"":""ICE"",""hostFeatureId"":""BIOME-SWATH-0306"",""primaryBiomeId"":""BIOME-CLASS-ICE_SNOW_GLACIER""}","{""poiType"":""GLACIER"",""latitude"":71.270192,""longitude"":-96.805288,""regionId"":""R01""}","{""poiType"":""GLACIER"",""latitude"":71.270192,""longitude"":-96.805288,""siteId"":""SITE-007"",""regionId"":""R01"",""surfaceType"":""ICE"",""hostFeatureId"":""BIOME-SWATH-0306"",""primaryBiomeId"":""BIOME-CLASS-ICE_SNOW_GLACIER"",""placementStatus"":""AUTHORITATIVE"",""spatialAuthorityId"":""EIDOLON_PUBLIC_3D_ATLAS_e760e7cd01c283d7a0e2""}","[]","EIDOLON_PUBLIC_3D_ATLAS_e760e7cd01c283d7a0e2",""
"POI-069","Southwestern Spine Glacier","Southwestern Spine Glacier","EXACT_MATCH","{""poiType"":""GLACIER"",""latitude"":-18.227767,""longitude"":-69.680089,""siteId"":""SITE-122"",""regionId"":""R18"",""surfaceType"":""ICE"",""hostFeatureId"":""BIOME-SWATH-0676"",""primaryBiomeId"":""BIOME-CLASS-ICE_SNOW_GLACIER""}","{""poiType"":""GLACIER"",""latitude"":-18.227767,""longitude"":-69.680089,""regionId"":""R18""}","{""poiType"":""GLACIER"",""latitude"":-18.227767,""longitude"":-69.680089,""siteId"":""SITE-122"",""regionId"":""R18"",""surfaceType"":""ICE"",""hostFeatureId"":""BIOME-SWATH-0676"",""primaryBiomeId"":""BIOME-CLASS-ICE_SNOW_GLACIER"",""placementStatus"":""AUTHORITATIVE"",""spatialAuthorityId"":""EIDOLON_PUBLIC_3D_ATLAS_e760e7cd01c283d7a0e2""}","[]","EIDOLON_PUBLIC_3D_ATLAS_e760e7cd01c283d7a0e2",""
"POI-070","Waterfall River Rapids","Waterfall River Rapids","EXACT_MATCH","{""poiType"":""RAPIDS"",""latitude"":37.66776,""longitude"":-104.538846,""siteId"":""SITE-027"",""regionId"":""R04"",""surfaceType"":""SHALLOW_WATER"",""hostFeatureId"":""RIVER-SYS-0003"",""primaryBiomeId"":""BIOME-CLASS-SHADOW_FOREST""}","{""poiType"":""RAPIDS"",""latitude"":37.66776,""longitude"":-104.538846,""regionId"":""R04""}","{""poiType"":""RAPIDS"",""latitude"":37.66776,""longitude"":-104.538846,""siteId"":""SITE-027"",""regionId"":""R04"",""surfaceType"":""SHALLOW_WATER"",""hostFeatureId"":""RIVER-SYS-0003"",""primaryBiomeId"":""BIOME-CLASS-SHADOW_FOREST"",""placementStatus"":""AUTHORITATIVE"",""spatialAuthorityId"":""EIDOLON_PUBLIC_3D_ATLAS_e760e7cd01c283d7a0e2""}","[]","EIDOLON_PUBLIC_3D_ATLAS_e760e7cd01c283d7a0e2",""
"POI-071","Southern Great River Rapids","Southern Great River Rapids","EXACT_MATCH","{""poiType"":""RAPIDS"",""latitude"":-51.339025,""longitude"":-50.280088,""siteId"":""SITE-158"",""regionId"":""R23"",""surfaceType"":""SHALLOW_WATER"",""hostFeatureId"":""RIVER-SYS-0014"",""primaryBiomeId"":""BIOME-CLASS-GRASSLAND_STEPPE""}","{""poiType"":""RAPIDS"",""latitude"":-51.339025,""longitude"":-50.280088,""regionId"":""R23""}","{""poiType"":""RAPIDS"",""latitude"":-51.339025,""longitude"":-50.280088,""siteId"":""SITE-158"",""regionId"":""R23"",""surfaceType"":""SHALLOW_WATER"",""hostFeatureId"":""RIVER-SYS-0014"",""primaryBiomeId"":""BIOME-CLASS-GRASSLAND_STEPPE"",""placementStatus"":""AUTHORITATIVE"",""spatialAuthorityId"":""EIDOLON_PUBLIC_3D_ATLAS_e760e7cd01c283d7a0e2""}","[]","EIDOLON_PUBLIC_3D_ATLAS_e760e7cd01c283d7a0e2",""
"POI-072","Eastern Volcano","Eastern Volcano","EXACT_MATCH","{""poiType"":""VOLCANO"",""latitude"":-26.902138,""longitude"":2.704108,""siteId"":""SITE-132"",""regionId"":""R19"",""surfaceType"":""LAND"",""hostFeatureId"":""PEAK-SW-03"",""primaryBiomeId"":""BIOME-CLASS-ALPINE_MOUNTAIN""}","{""poiType"":""VOLCANO"",""latitude"":-26.902138,""longitude"":2.704108,""regionId"":""R19""}","{""poiType"":""VOLCANO"",""latitude"":-26.902138,""longitude"":2.704108,""siteId"":""SITE-132"",""regionId"":""R19"",""surfaceType"":""LAND"",""hostFeatureId"":""PEAK-SW-03"",""primaryBiomeId"":""BIOME-CLASS-ALPINE_MOUNTAIN"",""placementStatus"":""AUTHORITATIVE"",""spatialAuthorityId"":""EIDOLON_PUBLIC_3D_ATLAS_e760e7cd01c283d7a0e2""}","[]","EIDOLON_PUBLIC_3D_ATLAS_e760e7cd01c283d7a0e2",""
"POI-073","Far-East Volcano","Far-East Volcano","EXACT_MATCH","{""poiType"":""VOLCANO"",""latitude"":-29.976244,""longitude"":20.769489,""siteId"":""SITE-127"",""regionId"":""R19"",""surfaceType"":""LAND"",""hostFeatureId"":""PEAK-SW-04"",""primaryBiomeId"":""BIOME-SWATH-0347""}","{""poiType"":""VOLCANO"",""latitude"":-29.976244,""longitude"":20.769489,""regionId"":""R19""}","{""poiType"":""VOLCANO"",""latitude"":-29.976244,""longitude"":20.769489,""siteId"":""SITE-127"",""regionId"":""R19"",""surfaceType"":""LAND"",""hostFeatureId"":""PEAK-SW-04"",""primaryBiomeId"":""BIOME-SWATH-0347"",""placementStatus"":""AUTHORITATIVE"",""spatialAuthorityId"":""EIDOLON_PUBLIC_3D_ATLAS_e760e7cd01c283d7a0e2""}","[]","EIDOLON_PUBLIC_3D_ATLAS_e760e7cd01c283d7a0e2",""
"POI-074","Eastern Badland Range","Eastern Badland Range","EXACT_MATCH","{""poiType"":""MOUNTAIN_RANGE"",""latitude"":40.362604,""longitude"":92.636874,""siteId"":""SITE-097"",""regionId"":""R14"",""surfaceType"":""LAND"",""hostFeatureId"":""MOUNTAIN-RANGE-006"",""primaryBiomeId"":""BIOME-CLASS-ALPINE_MOUNTAIN""}","{""poiType"":""MOUNTAIN_RANGE"",""latitude"":40.362604,""longitude"":92.636874,""regionId"":""R14""}","{""poiType"":""MOUNTAIN_RANGE"",""latitude"":40.362604,""longitude"":92.636874,""siteId"":""SITE-097"",""regionId"":""R14"",""surfaceType"":""LAND"",""hostFeatureId"":""MOUNTAIN-RANGE-006"",""primaryBiomeId"":""BIOME-CLASS-ALPINE_MOUNTAIN"",""placementStatus"":""AUTHORITATIVE"",""spatialAuthorityId"":""EIDOLON_PUBLIC_3D_ATLAS_e760e7cd01c283d7a0e2""}","[]","EIDOLON_PUBLIC_3D_ATLAS_e760e7cd01c283d7a0e2",""
"POI-075","Southern Long Range","Southern Long Range","EXACT_MATCH","{""poiType"":""MOUNTAIN_RANGE"",""latitude"":-38.722025,""longitude"":-56.554423,""siteId"":""SITE-147"",""regionId"":""R21"",""surfaceType"":""LAND"",""hostFeatureId"":""MOUNTAIN-RANGE-009"",""primaryBiomeId"":""BIOME-CLASS-ALPINE_MOUNTAIN""}","{""poiType"":""MOUNTAIN_RANGE"",""latitude"":-38.722025,""longitude"":-56.554423,""regionId"":""R21""}","{""poiType"":""MOUNTAIN_RANGE"",""latitude"":-38.722025,""longitude"":-56.554423,""siteId"":""SITE-147"",""regionId"":""R21"",""surfaceType"":""LAND"",""hostFeatureId"":""MOUNTAIN-RANGE-009"",""primaryBiomeId"":""BIOME-CLASS-ALPINE_MOUNTAIN"",""placementStatus"":""AUTHORITATIVE"",""spatialAuthorityId"":""EIDOLON_PUBLIC_3D_ATLAS_e760e7cd01c283d7a0e2""}","[]","EIDOLON_PUBLIC_3D_ATLAS_e760e7cd01c283d7a0e2",""
"POI-076","Western Heather Hills","Western Heather Hills","EXACT_MATCH","{""poiType"":""HILLS"",""latitude"":48.375,""longitude"":-134.65625,""siteId"":""SITE-012"",""regionId"":""R02"",""surfaceType"":""LAND"",""hostFeatureId"":""BIOME-SWATH-2171"",""primaryBiomeId"":""BIOME-CLASS-ALPINE_MOUNTAIN""}","{""poiType"":""HILLS"",""latitude"":48.375,""longitude"":-134.65625,""regionId"":""R02""}","{""poiType"":""HILLS"",""latitude"":48.375,""longitude"":-134.65625,""siteId"":""SITE-012"",""regionId"":""R02"",""surfaceType"":""LAND"",""hostFeatureId"":""BIOME-SWATH-2171"",""primaryBiomeId"":""BIOME-CLASS-ALPINE_MOUNTAIN"",""placementStatus"":""AUTHORITATIVE"",""spatialAuthorityId"":""EIDOLON_PUBLIC_3D_ATLAS_e760e7cd01c283d7a0e2""}","[]","EIDOLON_PUBLIC_3D_ATLAS_e760e7cd01c283d7a0e2",""
"POI-077","Northwestern Reedlands","Northwestern Reedlands","EXACT_MATCH","{""poiType"":""WETLAND"",""latitude"":37.533898,""longitude"":-71.217485,""siteId"":""SITE-023"",""regionId"":""R04"",""surfaceType"":""WETLAND"",""hostFeatureId"":""BIOME-SWATH-0461"",""primaryBiomeId"":""BIOME-SWATH-1886""}","{""poiType"":""WETLAND"",""latitude"":37.533898,""longitude"":-71.217485,""regionId"":""R04""}","{""poiType"":""WETLAND"",""latitude"":37.533898,""longitude"":-71.217485,""siteId"":""SITE-023"",""regionId"":""R04"",""surfaceType"":""WETLAND"",""hostFeatureId"":""BIOME-SWATH-0461"",""primaryBiomeId"":""BIOME-SWATH-1886"",""placementStatus"":""AUTHORITATIVE"",""spatialAuthorityId"":""EIDOLON_PUBLIC_3D_ATLAS_e760e7cd01c283d7a0e2""}","[]","EIDOLON_PUBLIC_3D_ATLAS_e760e7cd01c283d7a0e2",""
"POI-078","Eastern Great Delta Wetlands","Eastern Great Delta Wetlands","EXACT_MATCH","{""poiType"":""WETLAND"",""latitude"":-9.543324,""longitude"":82.804924,""siteId"":""SITE-093"",""regionId"":""R14"",""surfaceType"":""WETLAND"",""hostFeatureId"":""BIOME-SWATH-0425"",""primaryBiomeId"":""BIOME-CLASS-WETLAND_DELTA""}","{""poiType"":""WETLAND"",""latitude"":-9.543324,""longitude"":82.804924,""regionId"":""R14""}","{""poiType"":""WETLAND"",""latitude"":-9.543324,""longitude"":82.804924,""siteId"":""SITE-093"",""regionId"":""R14"",""surfaceType"":""WETLAND"",""hostFeatureId"":""BIOME-SWATH-0425"",""primaryBiomeId"":""BIOME-CLASS-WETLAND_DELTA"",""placementStatus"":""AUTHORITATIVE"",""spatialAuthorityId"":""EIDOLON_PUBLIC_3D_ATLAS_e760e7cd01c283d7a0e2""}","[]","EIDOLON_PUBLIC_3D_ATLAS_e760e7cd01c283d7a0e2",""
"POI-079","Southern Blackmarsh","Southern Blackmarsh","EXACT_MATCH","{""poiType"":""WETLAND"",""latitude"":-61.585555,""longitude"":-56.111598,""siteId"":""SITE-157"",""regionId"":""R23"",""surfaceType"":""WETLAND"",""hostFeatureId"":""BIOME-SWATH-0645"",""primaryBiomeId"":""BIOME-CLASS-WETLAND_DELTA""}","{""poiType"":""WETLAND"",""latitude"":-61.585555,""longitude"":-56.111598,""regionId"":""R23""}","{""poiType"":""WETLAND"",""latitude"":-61.585555,""longitude"":-56.111598,""siteId"":""SITE-157"",""regionId"":""R23"",""surfaceType"":""WETLAND"",""hostFeatureId"":""BIOME-SWATH-0645"",""primaryBiomeId"":""BIOME-CLASS-WETLAND_DELTA"",""placementStatus"":""AUTHORITATIVE"",""spatialAuthorityId"":""EIDOLON_PUBLIC_3D_ATLAS_e760e7cd01c283d7a0e2""}","[]","EIDOLON_PUBLIC_3D_ATLAS_e760e7cd01c283d7a0e2",""
"POI-080","Highcourt Isle","Highcourt Isle","EXACT_MATCH","{""poiType"":""ISLAND"",""latitude"":21.140243,""longitude"":-32.789911,""siteId"":""SITE-036"",""regionId"":""R06"",""surfaceType"":""COASTAL_LAND"",""hostFeatureId"":""ISL-NW-001"",""primaryBiomeId"":""BIOME-CLASS-GRASSLAND_STEPPE""}","{""poiType"":""ISLAND"",""latitude"":21.140243,""longitude"":-32.789911,""regionId"":""R06""}","{""poiType"":""ISLAND"",""latitude"":21.140243,""longitude"":-32.789911,""siteId"":""SITE-036"",""regionId"":""R06"",""surfaceType"":""COASTAL_LAND"",""hostFeatureId"":""ISL-NW-001"",""primaryBiomeId"":""BIOME-CLASS-GRASSLAND_STEPPE"",""placementStatus"":""AUTHORITATIVE"",""spatialAuthorityId"":""EIDOLON_PUBLIC_3D_ATLAS_e760e7cd01c283d7a0e2""}","[]","EIDOLON_PUBLIC_3D_ATLAS_e760e7cd01c283d7a0e2",""
"POI-081","Eastern Reef Isle","Eastern Reef Isle","EXACT_MATCH","{""poiType"":""ISLAND"",""latitude"":39.089905,""longitude"":121.426108,""siteId"":""SITE-078"",""regionId"":""R12"",""surfaceType"":""COASTAL_LAND"",""hostFeatureId"":""ISL-EA-003"",""primaryBiomeId"":""BIOME-SWATH-0061""}","{""poiType"":""ISLAND"",""latitude"":39.089905,""longitude"":121.426108,""regionId"":""R12""}","{""poiType"":""ISLAND"",""latitude"":39.089905,""longitude"":121.426108,""siteId"":""SITE-078"",""regionId"":""R12"",""surfaceType"":""COASTAL_LAND"",""hostFeatureId"":""ISL-EA-003"",""primaryBiomeId"":""BIOME-SWATH-0061"",""placementStatus"":""AUTHORITATIVE"",""spatialAuthorityId"":""EIDOLON_PUBLIC_3D_ATLAS_e760e7cd01c283d7a0e2""}","[]","EIDOLON_PUBLIC_3D_ATLAS_e760e7cd01c283d7a0e2",""
"POI-082","Emberchain Isle","Emberchain Isle","INVALID_GEOGRAPHY","{""poiType"":""ISLAND"",""latitude"":-52.851641,""longitude"":76.390639,""siteId"":""SITE-153"",""regionId"":""R22"",""surfaceType"":""COASTAL_LAND"",""hostFeatureId"":""ISL-SW-001"",""primaryBiomeId"":""BIOME-CLASS-SUBTROPICAL_DENSE_FOREST""}","{""poiType"":""ISLAND"",""latitude"":-52.851641,""longitude"":76.390639,""regionId"":""R22""}","{""poiType"":""ISLAND"",""latitude"":-52.851641,""longitude"":76.390639,""siteId"":""SITE-153"",""regionId"":""R22"",""surfaceType"":""COASTAL_LAND"",""hostFeatureId"":""ISL-SW-001"",""primaryBiomeId"":""BIOME-CLASS-SUBTROPICAL_DENSE_FOREST"",""placementStatus"":""WITHHELD_CONFLICT"",""spatialAuthorityId"":""EIDOLON_PUBLIC_3D_ATLAS_e760e7cd01c283d7a0e2""}","[]","EIDOLON_PUBLIC_3D_ATLAS_e760e7cd01c283d7a0e2:WITHHELD_CONFLICT","Imported coordinate is outside declared multipart host ISL-SW-001 and resolves to Nimbus ocean; six authored island anchors exist without authority selecting one as Emberchain Isle."
"POI-083","Far-South Ice Isle","Far-South Ice Isle","EXACT_MATCH","{""poiType"":""ISLAND"",""latitude"":-68.899422,""longitude"":43.914722,""siteId"":""SITE-148"",""regionId"":""R22"",""surfaceType"":""COASTAL_LAND"",""hostFeatureId"":""ISL-SW-002"",""primaryBiomeId"":""BIOME-SWATH-0267""}","{""poiType"":""ISLAND"",""latitude"":-68.899422,""longitude"":43.914722,""regionId"":""R22""}","{""poiType"":""ISLAND"",""latitude"":-68.899422,""longitude"":43.914722,""siteId"":""SITE-148"",""regionId"":""R22"",""surfaceType"":""COASTAL_LAND"",""hostFeatureId"":""ISL-SW-002"",""primaryBiomeId"":""BIOME-SWATH-0267"",""placementStatus"":""AUTHORITATIVE"",""spatialAuthorityId"":""EIDOLON_PUBLIC_3D_ATLAS_e760e7cd01c283d7a0e2""}","[]","EIDOLON_PUBLIC_3D_ATLAS_e760e7cd01c283d7a0e2",""
"POI-084","Eastern Crescent Bay","Eastern Crescent Bay","EXACT_MATCH","{""poiType"":""BAY"",""latitude"":29,""longitude"":31,""siteId"":""SITE-099"",""regionId"":""R15"",""surfaceType"":""SHALLOW_WATER"",""hostFeatureId"":null,""primaryBiomeId"":""BIOME-SWATH-2706""}","{""poiType"":""BAY"",""latitude"":29,""longitude"":31,""regionId"":""R15""}","{""poiType"":""BAY"",""latitude"":29,""longitude"":31,""siteId"":""SITE-099"",""regionId"":""R15"",""surfaceType"":""SHALLOW_WATER"",""hostFeatureId"":null,""primaryBiomeId"":""BIOME-SWATH-2706"",""placementStatus"":""AUTHORITATIVE"",""spatialAuthorityId"":""EIDOLON_PUBLIC_3D_ATLAS_e760e7cd01c283d7a0e2""}","[]","EIDOLON_PUBLIC_3D_ATLAS_e760e7cd01c283d7a0e2",""
"POI-085","Southwestern Emerald Bay","Southwestern Emerald Bay","EXACT_MATCH","{""poiType"":""BAY"",""latitude"":-11,""longitude"":-108,""siteId"":""SITE-113"",""regionId"":""R17"",""surfaceType"":""SHALLOW_WATER"",""hostFeatureId"":null,""primaryBiomeId"":""BIOME-SWATH-0139""}","{""poiType"":""BAY"",""latitude"":-11,""longitude"":-108,""regionId"":""R17""}","{""poiType"":""BAY"",""latitude"":-11,""longitude"":-108,""siteId"":""SITE-113"",""regionId"":""R17"",""surfaceType"":""SHALLOW_WATER"",""hostFeatureId"":null,""primaryBiomeId"":""BIOME-SWATH-0139"",""placementStatus"":""AUTHORITATIVE"",""spatialAuthorityId"":""EIDOLON_PUBLIC_3D_ATLAS_e760e7cd01c283d7a0e2""}","[]","EIDOLON_PUBLIC_3D_ATLAS_e760e7cd01c283d7a0e2",""
"POI-086","Northern Glacial Upland","Northern Glacial Upland","EXACT_MATCH","{""poiType"":""PLATEAU"",""latitude"":73.492889,""longitude"":-105.525328,""siteId"":""SITE-007"",""regionId"":""R01"",""surfaceType"":""LAND"",""hostFeatureId"":""PLATEAU-NW-01"",""primaryBiomeId"":""BIOME-01""}","{""poiType"":""PLATEAU"",""latitude"":73.492889,""longitude"":-105.525328,""regionId"":""R01""}","{""poiType"":""PLATEAU"",""latitude"":73.492889,""longitude"":-105.525328,""siteId"":""SITE-007"",""regionId"":""R01"",""surfaceType"":""LAND"",""hostFeatureId"":""PLATEAU-NW-01"",""primaryBiomeId"":""BIOME-01"",""placementStatus"":""AUTHORITATIVE"",""spatialAuthorityId"":""EIDOLON_PUBLIC_3D_ATLAS_e760e7cd01c283d7a0e2""}","[]","EIDOLON_PUBLIC_3D_ATLAS_e760e7cd01c283d7a0e2",""
"POI-087","Central Arid Plateau","Central Arid Plateau","EXACT_MATCH","{""poiType"":""PLATEAU"",""latitude"":39.390287,""longitude"":85.52993,""siteId"":""SITE-095"",""regionId"":""R14"",""surfaceType"":""LAND"",""hostFeatureId"":""PLATEAU-EA-01"",""primaryBiomeId"":""BIOME-07""}","{""poiType"":""PLATEAU"",""latitude"":39.390287,""longitude"":85.52993,""regionId"":""R14""}","{""poiType"":""PLATEAU"",""latitude"":39.390287,""longitude"":85.52993,""siteId"":""SITE-095"",""regionId"":""R14"",""surfaceType"":""LAND"",""hostFeatureId"":""PLATEAU-EA-01"",""primaryBiomeId"":""BIOME-07"",""placementStatus"":""AUTHORITATIVE"",""spatialAuthorityId"":""EIDOLON_PUBLIC_3D_ATLAS_e760e7cd01c283d7a0e2""}","[]","EIDOLON_PUBLIC_3D_ATLAS_e760e7cd01c283d7a0e2",""
"POI-088","Eastern Grassland Upland","Eastern Grassland Upland","EXACT_MATCH","{""poiType"":""PLATEAU"",""latitude"":-36.103872,""longitude"":-6.331167,""siteId"":""SITE-175"",""regionId"":""R25"",""surfaceType"":""LAND"",""hostFeatureId"":""PLATEAU-SW-01"",""primaryBiomeId"":""BIOME-11""}","{""poiType"":""PLATEAU"",""latitude"":-36.103872,""longitude"":-6.331167,""regionId"":""R25""}","{""poiType"":""PLATEAU"",""latitude"":-36.103872,""longitude"":-6.331167,""siteId"":""SITE-175"",""regionId"":""R25"",""surfaceType"":""LAND"",""hostFeatureId"":""PLATEAU-SW-01"",""primaryBiomeId"":""BIOME-11"",""placementStatus"":""AUTHORITATIVE"",""spatialAuthorityId"":""EIDOLON_PUBLIC_3D_ATLAS_e760e7cd01c283d7a0e2""}","[]","EIDOLON_PUBLIC_3D_ATLAS_e760e7cd01c283d7a0e2",""
"POI-089","Meridian Sea","Meridian Sea","EXACT_MATCH","{""poiType"":""SEA"",""latitude"":39,""longitude"":-12,""siteId"":""SITE-032"",""regionId"":""R05"",""surfaceType"":""OPEN_WATER"",""hostFeatureId"":null,""primaryBiomeId"":""BIOME-CLASS-GRASSLAND_STEPPE""}","{""poiType"":""SEA"",""latitude"":39,""longitude"":-12,""regionId"":""R05""}","{""poiType"":""SEA"",""latitude"":39,""longitude"":-12,""siteId"":""SITE-032"",""regionId"":""R05"",""surfaceType"":""OPEN_WATER"",""hostFeatureId"":null,""primaryBiomeId"":""BIOME-CLASS-GRASSLAND_STEPPE"",""placementStatus"":""AUTHORITATIVE"",""spatialAuthorityId"":""EIDOLON_PUBLIC_3D_ATLAS_e760e7cd01c283d7a0e2""}","[]","EIDOLON_PUBLIC_3D_ATLAS_e760e7cd01c283d7a0e2",""
"POI-090","Southern Passage Sea","Southern Passage Sea","EXACT_MATCH","{""poiType"":""SEA"",""latitude"":-29,""longitude"":42,""siteId"":""SITE-142"",""regionId"":""R21"",""surfaceType"":""OPEN_WATER"",""hostFeatureId"":null,""primaryBiomeId"":""BIOME-CLASS-GRASSLAND_STEPPE""}","{""poiType"":""SEA"",""latitude"":-29,""longitude"":42,""regionId"":""R21""}","{""poiType"":""SEA"",""latitude"":-29,""longitude"":42,""siteId"":""SITE-142"",""regionId"":""R21"",""surfaceType"":""OPEN_WATER"",""hostFeatureId"":null,""primaryBiomeId"":""BIOME-CLASS-GRASSLAND_STEPPE"",""placementStatus"":""AUTHORITATIVE"",""spatialAuthorityId"":""EIDOLON_PUBLIC_3D_ATLAS_e760e7cd01c283d7a0e2""}","[]","EIDOLON_PUBLIC_3D_ATLAS_e760e7cd01c283d7a0e2",""
"POI-091","Northern Ocean","Northern Ocean","EXACT_MATCH","{""poiType"":""OCEAN"",""latitude"":73,""longitude"":0,""siteId"":""SITE-100"",""regionId"":""R15"",""surfaceType"":""OPEN_WATER"",""hostFeatureId"":null,""primaryBiomeId"":""BIOME-CLASS-OCEAN""}","{""poiType"":""OCEAN"",""latitude"":73,""longitude"":0,""regionId"":""R15""}","{""poiType"":""OCEAN"",""latitude"":73,""longitude"":0,""siteId"":""SITE-100"",""regionId"":""R15"",""surfaceType"":""OPEN_WATER"",""hostFeatureId"":null,""primaryBiomeId"":""BIOME-CLASS-OCEAN"",""placementStatus"":""AUTHORITATIVE"",""spatialAuthorityId"":""EIDOLON_PUBLIC_3D_ATLAS_e760e7cd01c283d7a0e2""}","[]","EIDOLON_PUBLIC_3D_ATLAS_e760e7cd01c283d7a0e2",""
"POI-092","Southern Ocean","Southern Ocean","EXACT_MATCH","{""poiType"":""OCEAN"",""latitude"":-72,""longitude"":-18,""siteId"":""SITE-169"",""regionId"":""R25"",""surfaceType"":""OPEN_WATER"",""hostFeatureId"":null,""primaryBiomeId"":""BIOME-SWATH-0953""}","{""poiType"":""OCEAN"",""latitude"":-72,""longitude"":-18,""regionId"":""R25""}","{""poiType"":""OCEAN"",""latitude"":-72,""longitude"":-18,""siteId"":""SITE-169"",""regionId"":""R25"",""surfaceType"":""OPEN_WATER"",""hostFeatureId"":null,""primaryBiomeId"":""BIOME-SWATH-0953"",""placementStatus"":""AUTHORITATIVE"",""spatialAuthorityId"":""EIDOLON_PUBLIC_3D_ATLAS_e760e7cd01c283d7a0e2""}","[]","EIDOLON_PUBLIC_3D_ATLAS_e760e7cd01c283d7a0e2",""
