policyRef,personalityId,family,motivation,operatingStyle,structureOrientation,administrationMode,ownershipMode,allocationMode,legitimacyBasis,authoritySource,loquacity,emotionalTemperature,outlookOrientation,collaborativePosture,overriddenFields
PERSONALITY_PROFILE_DIMENSIONS_V1,ACCOUNTABILITY_CURSE_EXCUSE_CONFLICT,ACCOUNTABILITY,ALTRUISTIC,TEAMWORK,ORDERED,CENTRALIZED,COMMON_USE,PLANNED,CHARTERED,APPOINTMENT,LIGHT_BANTER,COMPOSED,NEUTRAL,HELPFUL,
PERSONALITY_PROFILE_DIMENSIONS_V1,ACCOUNTABILITY_DENIED_HARM_WOUND,ACCOUNTABILITY,ALTRUISTIC,TEAMWORK,ORDERED,CENTRALIZED,COMMON_USE,PLANNED,CHARTERED,APPOINTMENT,LIGHT_BANTER,COMPOSED,PESSIMISTIC,HELPFUL,outlookOrientation
PERSONALITY_PROFILE_DIMENSIONS_V1,ACCOUNTABILITY_ERROR_CORRECTION_EXPRESSION,ACCOUNTABILITY,ALTRUISTIC,TEAMWORK,ORDERED,CENTRALIZED,COMMON_USE,PLANNED,CHARTERED,APPOINTMENT,LIGHT_BANTER,COMPOSED,NEUTRAL,HELPFUL,
PERSONALITY_PROFILE_DIMENSIONS_V1,ACCOUNTABILITY_SCAPEGOAT_WOUND,ACCOUNTABILITY,ALTRUISTIC,TEAMWORK,ORDERED,CENTRALIZED,COMMON_USE,PLANNED,CHARTERED,APPOINTMENT,LIGHT_BANTER,COMPOSED,NEUTRAL,HELPFUL,
PERSONALITY_PROFILE_DIMENSIONS_V1,AMBIGUITY_BETWEEN_STATES_CONFLICT,AMBIGUITY,RECIPROCAL,SITUATIONAL,CHAOS,DISTRIBUTED,SHARED_TITLE,CUSTOMARY,ANCESTRAL,ELECTION,TALKATIVE,JOYFUL,OPTIMISTIC,JUST_ENOUGH,
PERSONALITY_PROFILE_DIMENSIONS_V1,AMBIGUITY_BLESSING_CURSE_CONFLICT,AMBIGUITY,RECIPROCAL,SITUATIONAL,CHAOS,DISTRIBUTED,SHARED_TITLE,CUSTOMARY,ANCESTRAL,ELECTION,TALKATIVE,JOYFUL,OPTIMISTIC,JUST_ENOUGH,
PERSONALITY_PROFILE_DIMENSIONS_V1,AMBIGUITY_CONTEXT_SHIFTING_SIGNAL_EXPRESSION,AMBIGUITY,RECIPROCAL,SITUATIONAL,CHAOS,DISTRIBUTED,SHARED_TITLE,CUSTOMARY,ANCESTRAL,ELECTION,TALKATIVE,JOYFUL,OPTIMISTIC,JUST_ENOUGH,
PERSONALITY_PROFILE_DIMENSIONS_V1,AMBIGUITY_FRAGMENTED_RECORD_WOUND,AMBIGUITY,RECIPROCAL,SITUATIONAL,CHAOS,DISTRIBUTED,SHARED_TITLE,CUSTOMARY,ANCESTRAL,ELECTION,TALKATIVE,JOYFUL,OPTIMISTIC,JUST_ENOUGH,
PERSONALITY_PROFILE_DIMENSIONS_V1,AMBIGUITY_MIXED_STRATEGY_EXPRESSION,AMBIGUITY,RECIPROCAL,SITUATIONAL,CHAOS,DISTRIBUTED,SHARED_TITLE,CUSTOMARY,ANCESTRAL,ELECTION,TALKATIVE,JOYFUL,OPTIMISTIC,JUST_ENOUGH,
PERSONALITY_PROFILE_DIMENSIONS_V1,AMBIGUITY_ROLE_FLUID_EXPRESSION,AMBIGUITY,RECIPROCAL,SITUATIONAL,CHAOS,DISTRIBUTED,SHARED_TITLE,CUSTOMARY,ANCESTRAL,ELECTION,TALKATIVE,JOYFUL,OPTIMISTIC,JUST_ENOUGH,
PERSONALITY_PROFILE_DIMENSIONS_V1,AMBIGUITY_UNFIXED_FORM_CONFLICT,AMBIGUITY,RECIPROCAL,SITUATIONAL,CHAOS,DISTRIBUTED,SHARED_TITLE,CUSTOMARY,ANCESTRAL,ELECTION,TALKATIVE,JOYFUL,OPTIMISTIC,JUST_ENOUGH,
PERSONALITY_PROFILE_DIMENSIONS_V1,ANGER_CONTAINED_FURY_CONFLICT,ANGER,SELFISH,SOLO,CHAOS,DISTRIBUTED,SHARED_TITLE,CUSTOMARY,MARTIAL,ELECTION,TO_THE_POINT,COMPOSED,PESSIMISTIC,JUST_ENOUGH,emotionalTemperature
PERSONALITY_PROFILE_DIMENSIONS_V1,ANGER_PUNISHED_ANGER_WOUND,ANGER,SELFISH,SOLO,CHAOS,DISTRIBUTED,SHARED_TITLE,CUSTOMARY,MARTIAL,ELECTION,TO_THE_POINT,IRRITABLE,PESSIMISTIC,JUST_ENOUGH,
PERSONALITY_PROFILE_DIMENSIONS_V1,ANGER_RAGE_POWERED_CONFLICT,ANGER,SELFISH,SOLO,CHAOS,DISTRIBUTED,SHARED_TITLE,CUSTOMARY,MARTIAL,ELECTION,TO_THE_POINT,IRRITABLE,PESSIMISTIC,JUST_ENOUGH,
PERSONALITY_PROFILE_DIMENSIONS_V1,ANGER_THREAT_DISPLAY_EXPRESSION,ANGER,SELFISH,SOLO,CHAOS,DISTRIBUTED,SHARED_TITLE,CUSTOMARY,MARTIAL,ELECTION,TALKATIVE,JOYFUL,OPTIMISTIC,JUST_ENOUGH,emotionalTemperature | loquacity | outlookOrientation
PERSONALITY_PROFILE_DIMENSIONS_V1,APPETITE_AMBUSH_FEEDING_EXPRESSION,APPETITE,SELFISH,SOLO,NEUTRAL,DELEGATED,SINGLE_ENTITY,MARKET,ANCESTRAL,ELECTION,LIGHT_BANTER,JOYFUL,NEUTRAL,WITHHOLDING,
PERSONALITY_PROFILE_DIMENSIONS_V1,APPETITE_EXTRACTION_WOUND,APPETITE,SELFISH,SOLO,NEUTRAL,DELEGATED,SINGLE_ENTITY,MARKET,ANCESTRAL,ELECTION,LIGHT_BANTER,JOYFUL,PESSIMISTIC,WITHHOLDING,outlookOrientation
PERSONALITY_PROFILE_DIMENSIONS_V1,APPETITE_FILTER_FEEDING_EXPRESSION,APPETITE,SELFISH,SOLO,NEUTRAL,DELEGATED,SINGLE_ENTITY,MARKET,ANCESTRAL,ELECTION,LIGHT_BANTER,JOYFUL,NEUTRAL,WITHHOLDING,
PERSONALITY_PROFILE_DIMENSIONS_V1,APPETITE_FORBIDDEN_FOOD_CONFLICT,APPETITE,SELFISH,SOLO,NEUTRAL,DELEGATED,SINGLE_ENTITY,MARKET,ANCESTRAL,ELECTION,LIGHT_BANTER,JOYFUL,NEUTRAL,WITHHOLDING,
PERSONALITY_PROFILE_DIMENSIONS_V1,APPETITE_GORGE_AND_FAST_EXPRESSION,APPETITE,SELFISH,SOLO,NEUTRAL,DELEGATED,SINGLE_ENTITY,MARKET,ANCESTRAL,ELECTION,LIGHT_BANTER,JOYFUL,NEUTRAL,WITHHOLDING,
PERSONALITY_PROFILE_DIMENSIONS_V1,APPETITE_GRAZING_EXPRESSION,APPETITE,SELFISH,SOLO,NEUTRAL,DELEGATED,SINGLE_ENTITY,MARKET,ANCESTRAL,ELECTION,LIGHT_BANTER,JOYFUL,NEUTRAL,WITHHOLDING,
PERSONALITY_PROFILE_DIMENSIONS_V1,APPETITE_HOST_DEPENDENCE_CONFLICT,APPETITE,SELFISH,SOLO,NEUTRAL,DELEGATED,SINGLE_ENTITY,MARKET,ANCESTRAL,ELECTION,LIGHT_BANTER,JOYFUL,NEUTRAL,WITHHOLDING,
PERSONALITY_PROFILE_DIMENSIONS_V1,APPETITE_PARASITIC_EXPRESSION,APPETITE,SELFISH,SOLO,NEUTRAL,DELEGATED,SINGLE_ENTITY,MARKET,ANCESTRAL,ELECTION,LIGHT_BANTER,JOYFUL,NEUTRAL,WITHHOLDING,
PERSONALITY_PROFILE_DIMENSIONS_V1,APPETITE_UNENDING_HUNGER_CONFLICT,APPETITE,SELFISH,SOLO,NEUTRAL,DELEGATED,SINGLE_ENTITY,MARKET,ANCESTRAL,ELECTION,LIGHT_BANTER,JOYFUL,NEUTRAL,WITHHOLDING,
PERSONALITY_PROFILE_DIMENSIONS_V1,ATTACHMENT_ANCHOR_PERSON_CONFLICT,ATTACHMENT,ALTRUISTIC,TEAMWORK,NEUTRAL,DISTRIBUTED,COMMON_USE,PLANNED,ANCESTRAL,APPOINTMENT,TALKATIVE,JOYFUL,OPTIMISTIC,HELPFUL,
PERSONALITY_PROFILE_DIMENSIONS_V1,ATTACHMENT_FAMILY_SEPARATION_WOUND,ATTACHMENT,ALTRUISTIC,TEAMWORK,NEUTRAL,DISTRIBUTED,COMMON_USE,PLANNED,ANCESTRAL,APPOINTMENT,TALKATIVE,JOYFUL,OPTIMISTIC,HELPFUL,
PERSONALITY_PROFILE_DIMENSIONS_V1,ATTACHMENT_LIFELONG_BOND_EXPRESSION,ATTACHMENT,ALTRUISTIC,TEAMWORK,NEUTRAL,DISTRIBUTED,COMMON_USE,PLANNED,ANCESTRAL,APPOINTMENT,TALKATIVE,JOYFUL,OPTIMISTIC,HELPFUL,
PERSONALITY_PROFILE_DIMENSIONS_V1,AUTHENTICITY_ASSIMILATION_WOUND,AUTHENTICITY,SELFISH,SOLO,CHAOS,DISTRIBUTED,SINGLE_ENTITY,MARKET,ANCESTRAL,ELECTION,TALKATIVE,JOYFUL,NEUTRAL,WITHHOLDING,
PERSONALITY_PROFILE_DIMENSIONS_V1,AUTHENTICITY_CONTEXTUAL_FORM_EXPRESSION,AUTHENTICITY,SELFISH,SOLO,CHAOS,DISTRIBUTED,SINGLE_ENTITY,MARKET,ANCESTRAL,ELECTION,TALKATIVE,JOYFUL,NEUTRAL,WITHHOLDING,
PERSONALITY_PROFILE_DIMENSIONS_V1,AUTHENTICITY_INDIVIDUAL_SIGNATURE_EXPRESSION,AUTHENTICITY,SELFISH,SOLO,CHAOS,DISTRIBUTED,SINGLE_ENTITY,MARKET,ANCESTRAL,ELECTION,TALKATIVE,JOYFUL,NEUTRAL,WITHHOLDING,
PERSONALITY_PROFILE_DIMENSIONS_V1,AUTHENTICITY_MADE_PURPOSE_CONFLICT,AUTHENTICITY,SELFISH,SOLO,CHAOS,DISTRIBUTED,SINGLE_ENTITY,MARKET,ANCESTRAL,ELECTION,TALKATIVE,JOYFUL,NEUTRAL,WITHHOLDING,
PERSONALITY_PROFILE_DIMENSIONS_V1,AUTHENTICITY_MASK_FUSION_CONFLICT,AUTHENTICITY,SELFISH,SOLO,CHAOS,DISTRIBUTED,SINGLE_ENTITY,MARKET,ANCESTRAL,ELECTION,TO_THE_POINT,JOYFUL,NEUTRAL,WITHHOLDING,loquacity
PERSONALITY_PROFILE_DIMENSIONS_V1,AUTHENTICITY_PURITY_TEST_WOUND,AUTHENTICITY,SELFISH,SOLO,CHAOS,DISTRIBUTED,SINGLE_ENTITY,MARKET,ANCESTRAL,ELECTION,TALKATIVE,JOYFUL,NEUTRAL,WITHHOLDING,
PERSONALITY_PROFILE_DIMENSIONS_V1,AUTHENTICITY_SHAPE_WITHOUT_SELF_CONFLICT,AUTHENTICITY,SELFISH,SOLO,CHAOS,DISTRIBUTED,SINGLE_ENTITY,MARKET,ANCESTRAL,ELECTION,TALKATIVE,JOYFUL,NEUTRAL,WITHHOLDING,
PERSONALITY_PROFILE_DIMENSIONS_V1,AUTHORITY_ABUSIVE_RULE_WOUND,AUTHORITY,SELFISH,SOLO,ORDERED,CENTRALIZED,SINGLE_ENTITY,PLANNED,CHARTERED,APPOINTMENT,LIGHT_BANTER,COMPOSED,NEUTRAL,WITHHOLDING,
PERSONALITY_PROFILE_DIMENSIONS_V1,AUTHORITY_ORDAINED_RANK_CONFLICT,AUTHORITY,SELFISH,SOLO,ORDERED,CENTRALIZED,SINGLE_ENTITY,PLANNED,CHARTERED,APPOINTMENT,LIGHT_BANTER,COMPOSED,NEUTRAL,WITHHOLDING,
PERSONALITY_PROFILE_DIMENSIONS_V1,AUTHORITY_REPRODUCTIVE_LEADER_EXPRESSION,AUTHORITY,SELFISH,SOLO,ORDERED,CENTRALIZED,SINGLE_ENTITY,PLANNED,CHARTERED,APPOINTMENT,LIGHT_BANTER,COMPOSED,NEUTRAL,WITHHOLDING,
PERSONALITY_PROFILE_DIMENSIONS_V1,AUTHORITY_STEWARD_OR_OWNER_CONFLICT,AUTHORITY,SELFISH,SOLO,ORDERED,CENTRALIZED,SINGLE_ENTITY,PLANNED,CHARTERED,APPOINTMENT,LIGHT_BANTER,COMPOSED,NEUTRAL,WITHHOLDING,
PERSONALITY_PROFILE_DIMENSIONS_V1,AUTONOMY_DEPENDENCY_TOLERANT_EXPRESSION,AUTONOMY,SELFISH,SOLO,CHAOS,DISTRIBUTED,SINGLE_ENTITY,MARKET,ANCESTRAL,ELECTION,LIGHT_BANTER,JOYFUL,NEUTRAL,WITHHOLDING,
PERSONALITY_PROFILE_DIMENSIONS_V1,AUTONOMY_ENSLAVEMENT_WOUND,AUTONOMY,SELFISH,SOLO,CHAOS,DISTRIBUTED,SINGLE_ENTITY,MARKET,ANCESTRAL,ELECTION,LIGHT_BANTER,JOYFUL,NEUTRAL,WITHHOLDING,
PERSONALITY_PROFILE_DIMENSIONS_V1,AUTONOMY_FREEDOM_THROUGH_ISOLATION_CONFLICT,AUTONOMY,SELFISH,SOLO,CHAOS,DISTRIBUTED,SINGLE_ENTITY,MARKET,ANCESTRAL,ELECTION,LIGHT_BANTER,JOYFUL,NEUTRAL,WITHHOLDING,
PERSONALITY_PROFILE_DIMENSIONS_V1,AUTONOMY_PAIRING_CHOICE_EXPRESSION,AUTONOMY,SELFISH,SOLO,CHAOS,DISTRIBUTED,SINGLE_ENTITY,MARKET,ANCESTRAL,ELECTION,LIGHT_BANTER,JOYFUL,NEUTRAL,WITHHOLDING,
PERSONALITY_PROFILE_DIMENSIONS_V1,AUTONOMY_PATERNAL_RULE_WOUND,AUTONOMY,SELFISH,SOLO,CHAOS,DISTRIBUTED,SINGLE_ENTITY,MARKET,ANCESTRAL,ELECTION,LIGHT_BANTER,JOYFUL,NEUTRAL,WITHHOLDING,
PERSONALITY_PROFILE_DIMENSIONS_V1,AUTONOMY_POSSESSION_WITHIN_CONFLICT,AUTONOMY,SELFISH,SOLO,CHAOS,DISTRIBUTED,SINGLE_ENTITY,MARKET,ANCESTRAL,ELECTION,LIGHT_BANTER,JOYFUL,NEUTRAL,WITHHOLDING,
PERSONALITY_PROFILE_DIMENSIONS_V1,BELONGING_COLONY_EXPRESSION,BELONGING,ALTRUISTIC,TEAMWORK,NEUTRAL,DISTRIBUTED,COMMON_USE,CUSTOMARY,ANCESTRAL,ELECTION,TALKATIVE,JOYFUL,NEUTRAL,HELPFUL,
PERSONALITY_PROFILE_DIMENSIONS_V1,BELONGING_DISPLACEMENT_WOUND,BELONGING,ALTRUISTIC,TEAMWORK,NEUTRAL,DISTRIBUTED,COMMON_USE,CUSTOMARY,ANCESTRAL,ELECTION,TALKATIVE,JOYFUL,NEUTRAL,HELPFUL,
PERSONALITY_PROFILE_DIMENSIONS_V1,BELONGING_HERDING_EXPRESSION,BELONGING,ALTRUISTIC,TEAMWORK,NEUTRAL,DISTRIBUTED,COMMON_USE,CUSTOMARY,ANCESTRAL,ELECTION,TALKATIVE,JOYFUL,NEUTRAL,HELPFUL,
PERSONALITY_PROFILE_DIMENSIONS_V1,BELONGING_KINDLESS_CONFLICT,BELONGING,ALTRUISTIC,SOLO,NEUTRAL,DISTRIBUTED,COMMON_USE,CUSTOMARY,ANCESTRAL,ELECTION,TALKATIVE,JOYFUL,NEUTRAL,WITHHOLDING,collaborativePosture | operatingStyle
PERSONALITY_PROFILE_DIMENSIONS_V1,BELONGING_MORTAL_LONGING_CONFLICT,BELONGING,ALTRUISTIC,TEAMWORK,NEUTRAL,DISTRIBUTED,COMMON_USE,CUSTOMARY,ANCESTRAL,ELECTION,TALKATIVE,JOYFUL,NEUTRAL,HELPFUL,
PERSONALITY_PROFILE_DIMENSIONS_V1,BELONGING_THRESHOLD_KEEPER_CONFLICT,BELONGING,ALTRUISTIC,TEAMWORK,NEUTRAL,DISTRIBUTED,COMMON_USE,CUSTOMARY,ANCESTRAL,ELECTION,TALKATIVE,JOYFUL,NEUTRAL,HELPFUL,
PERSONALITY_PROFILE_DIMENSIONS_V1,BELONGING_TWO_WORLD_CONFLICT,BELONGING,ALTRUISTIC,TEAMWORK,NEUTRAL,DISTRIBUTED,COMMON_USE,CUSTOMARY,ANCESTRAL,ELECTION,TALKATIVE,JOYFUL,NEUTRAL,HELPFUL,
PERSONALITY_PROFILE_DIMENSIONS_V1,BOUNDARIES_DOMAIN_BOUND_CONFLICT,BOUNDARIES,SELFISH,SOLO,ORDERED,CENTRALIZED,SINGLE_ENTITY,PLANNED,CHARTERED,APPOINTMENT,TO_THE_POINT,COMPOSED,NEUTRAL,WITHHOLDING,
PERSONALITY_PROFILE_DIMENSIONS_V1,BOUNDARIES_LAND_BOUNDARY_WOUND,BOUNDARIES,SELFISH,SOLO,ORDERED,CENTRALIZED,SINGLE_ENTITY,PLANNED,CHARTERED,APPOINTMENT,TO_THE_POINT,COMPOSED,NEUTRAL,WITHHOLDING,
PERSONALITY_PROFILE_DIMENSIONS_V1,BOUNDARIES_TERRITORIAL_MARKING_EXPRESSION,BOUNDARIES,SELFISH,SOLO,ORDERED,CENTRALIZED,SINGLE_ENTITY,PLANNED,CHARTERED,APPOINTMENT,TO_THE_POINT,COMPOSED,NEUTRAL,WITHHOLDING,
PERSONALITY_PROFILE_DIMENSIONS_V1,CARE_ABANDONMENT_WOUND,CARE,ALTRUISTIC,TEAMWORK,ORDERED,DISTRIBUTED,COMMON_USE,PLANNED,CHARTERED,APPOINTMENT,LIGHT_BANTER,JOYFUL,PESSIMISTIC,HELPFUL,outlookOrientation
PERSONALITY_PROFILE_DIMENSIONS_V1,CARE_CARRYING_EXPRESSION,CARE,ALTRUISTIC,TEAMWORK,ORDERED,DISTRIBUTED,COMMON_USE,PLANNED,CHARTERED,APPOINTMENT,LIGHT_BANTER,JOYFUL,OPTIMISTIC,HELPFUL,
PERSONALITY_PROFILE_DIMENSIONS_V1,CARE_CREATED_SERVANT_CONFLICT,CARE,ALTRUISTIC,TEAMWORK,ORDERED,DISTRIBUTED,COMMON_USE,PLANNED,CHARTERED,APPOINTMENT,LIGHT_BANTER,JOYFUL,OPTIMISTIC,HELPFUL,
PERSONALITY_PROFILE_DIMENSIONS_V1,CARE_PROVISIONING_EXPRESSION,CARE,ALTRUISTIC,TEAMWORK,ORDERED,DISTRIBUTED,COMMON_USE,PLANNED,CHARTERED,APPOINTMENT,LIGHT_BANTER,JOYFUL,OPTIMISTIC,HELPFUL,
PERSONALITY_PROFILE_DIMENSIONS_V1,CARE_SELECTIVE_NEGLECT_EXPRESSION,CARE,ALTRUISTIC,TEAMWORK,ORDERED,DISTRIBUTED,COMMON_USE,PLANNED,CHARTERED,APPOINTMENT,LIGHT_BANTER,JOYFUL,OPTIMISTIC,HELPFUL,
PERSONALITY_PROFILE_DIMENSIONS_V1,CARE_UNIVERSAL_GUARDIAN_CONFLICT,CARE,ALTRUISTIC,TEAMWORK,ORDERED,DISTRIBUTED,COMMON_USE,PLANNED,CHARTERED,APPOINTMENT,LIGHT_BANTER,JOYFUL,OPTIMISTIC,HELPFUL,
PERSONALITY_PROFILE_DIMENSIONS_V1,CHANGE_DEVELOPMENTAL_PLASTICITY_EXPRESSION,CHANGE,RECIPROCAL,SITUATIONAL,CHAOS,DISTRIBUTED,SHARED_TITLE,CUSTOMARY,ANCESTRAL,ELECTION,TALKATIVE,JOYFUL,OPTIMISTIC,JUST_ENOUGH,
PERSONALITY_PROFILE_DIMENSIONS_V1,CHANGE_FORM_SURRENDER_CONFLICT,CHANGE,RECIPROCAL,SITUATIONAL,CHAOS,DISTRIBUTED,SHARED_TITLE,CUSTOMARY,ANCESTRAL,ELECTION,TALKATIVE,JOYFUL,OPTIMISTIC,JUST_ENOUGH,
PERSONALITY_PROFILE_DIMENSIONS_V1,CHANGE_MIGRATION_CHANGE_WOUND,CHANGE,RECIPROCAL,SITUATIONAL,CHAOS,DISTRIBUTED,SHARED_TITLE,CUSTOMARY,ANCESTRAL,ELECTION,TALKATIVE,JOYFUL,OPTIMISTIC,JUST_ENOUGH,
PERSONALITY_PROFILE_DIMENSIONS_V1,CHANGE_MOLTING_EXPRESSION,CHANGE,RECIPROCAL,SITUATIONAL,CHAOS,DISTRIBUTED,SHARED_TITLE,CUSTOMARY,ANCESTRAL,ELECTION,TALKATIVE,JOYFUL,OPTIMISTIC,JUST_ENOUGH,
PERSONALITY_PROFILE_DIMENSIONS_V1,CHANGE_WORLD_ADAPTATION_CONFLICT,CHANGE,RECIPROCAL,SITUATIONAL,CHAOS,DISTRIBUTED,SHARED_TITLE,CUSTOMARY,ANCESTRAL,ELECTION,TALKATIVE,JOYFUL,OPTIMISTIC,JUST_ENOUGH,
PERSONALITY_PROFILE_DIMENSIONS_V1,CLOSURE_OPEN_DOOR_CONFLICT,CLOSURE,RECIPROCAL,SITUATIONAL,ORDERED,CENTRALIZED,SHARED_TITLE,PLANNED,CHARTERED,APPOINTMENT,TO_THE_POINT,COMPOSED,NEUTRAL,JUST_ENOUGH,
PERSONALITY_PROFILE_DIMENSIONS_V1,CLOSURE_RAPID_CLASSIFICATION_EXPRESSION,CLOSURE,RECIPROCAL,SITUATIONAL,ORDERED,CENTRALIZED,SHARED_TITLE,PLANNED,CHARTERED,APPOINTMENT,TO_THE_POINT,COMPOSED,NEUTRAL,JUST_ENOUGH,
PERSONALITY_PROFILE_DIMENSIONS_V1,CLOSURE_UNRESOLVED_DISAPPEARANCE_WOUND,CLOSURE,RECIPROCAL,SITUATIONAL,ORDERED,CENTRALIZED,SHARED_TITLE,PLANNED,CHARTERED,APPOINTMENT,TO_THE_POINT,COMPOSED,NEUTRAL,JUST_ENOUGH,
PERSONALITY_PROFILE_DIMENSIONS_V1,COLLECTIVE_MEMORY_LIVING_MEMORIAL_CONFLICT,COLLECTIVE_MEMORY,ALTRUISTIC,TEAMWORK,ORDERED,DISTRIBUTED,COMMON_USE,CUSTOMARY,ANCESTRAL,ELECTION,LIGHT_BANTER,JOYFUL,NEUTRAL,HELPFUL,
PERSONALITY_PROFILE_DIMENSIONS_V1,COLLECTIVE_MEMORY_TECHNIQUE_TRADITION,COLLECTIVE_MEMORY,ALTRUISTIC,TEAMWORK,ORDERED,DISTRIBUTED,COMMON_USE,CUSTOMARY,ANCESTRAL,ELECTION,LIGHT_BANTER,JOYFUL,NEUTRAL,HELPFUL,
PERSONALITY_PROFILE_DIMENSIONS_V1,COMPASSION_INJURY_AID_EXPRESSION,COMPASSION,ALTRUISTIC,TEAMWORK,NEUTRAL,DISTRIBUTED,COMMON_USE,PLANNED,ANCESTRAL,APPOINTMENT,LIGHT_BANTER,JOYFUL,OPTIMISTIC,HELPFUL,
PERSONALITY_PROFILE_DIMENSIONS_V1,COMPASSION_NECESSARY_HARM_CONFLICT,COMPASSION,ALTRUISTIC,TEAMWORK,NEUTRAL,DISTRIBUTED,COMMON_USE,PLANNED,ANCESTRAL,APPOINTMENT,LIGHT_BANTER,JOYFUL,OPTIMISTIC,HELPFUL,
PERSONALITY_PROFILE_DIMENSIONS_V1,COMPASSION_RESCUE_CONTROL_WOUND,COMPASSION,ALTRUISTIC,TEAMWORK,NEUTRAL,DISTRIBUTED,COMMON_USE,PLANNED,ANCESTRAL,APPOINTMENT,LIGHT_BANTER,JOYFUL,OPTIMISTIC,HELPFUL,
PERSONALITY_PROFILE_DIMENSIONS_V1,COMPETITION_COSMIC_TOURNAMENT_CONFLICT,COMPETITION,SELFISH,SOLO,NEUTRAL,DELEGATED,SINGLE_ENTITY,MARKET,MARTIAL,DIVINE_MANDATE,LIGHT_BANTER,JOYFUL,NEUTRAL,WITHHOLDING,
PERSONALITY_PROFILE_DIMENSIONS_V1,COMPETITION_MANUFACTURED_RIVALRY_WOUND,COMPETITION,SELFISH,SOLO,NEUTRAL,DELEGATED,SINGLE_ENTITY,MARKET,MARTIAL,DIVINE_MANDATE,LIGHT_BANTER,JOYFUL,NEUTRAL,WITHHOLDING,
PERSONALITY_PROFILE_DIMENSIONS_V1,COMPETITION_MATE_COMPETITION,COMPETITION,SELFISH,SOLO,NEUTRAL,DELEGATED,SINGLE_ENTITY,MARKET,MARTIAL,DIVINE_MANDATE,LIGHT_BANTER,JOYFUL,NEUTRAL,WITHHOLDING,
PERSONALITY_PROFILE_DIMENSIONS_V1,COMPETITION_UNFAIR_GIFT_CONFLICT,COMPETITION,SELFISH,SOLO,NEUTRAL,DELEGATED,SINGLE_ENTITY,MARKET,MARTIAL,DIVINE_MANDATE,LIGHT_BANTER,JOYFUL,NEUTRAL,WITHHOLDING,
PERSONALITY_PROFILE_DIMENSIONS_V1,CONFORMITY_ASSIMILATION_WOUND,CONFORMITY,RECIPROCAL,TEAMWORK,ORDERED,CENTRALIZED,COMMON_USE,PLANNED,CHARTERED,APPOINTMENT,LIGHT_BANTER,COMPOSED,NEUTRAL,HELPFUL,
PERSONALITY_PROFILE_DIMENSIONS_V1,CONFORMITY_EMERGENCE_SYNCHRONY_EXPRESSION,CONFORMITY,RECIPROCAL,TEAMWORK,ORDERED,CENTRALIZED,COMMON_USE,PLANNED,CHARTERED,APPOINTMENT,LIGHT_BANTER,COMPOSED,NEUTRAL,HELPFUL,
PERSONALITY_PROFILE_DIMENSIONS_V1,CONFORMITY_MOVEMENT_SYNCHRONY_EXPRESSION,CONFORMITY,RECIPROCAL,TEAMWORK,ORDERED,CENTRALIZED,COMMON_USE,PLANNED,CHARTERED,APPOINTMENT,LIGHT_BANTER,COMPOSED,NEUTRAL,HELPFUL,
PERSONALITY_PROFILE_DIMENSIONS_V1,CONFORMITY_OBEDIENCE_NATURE_CONFLICT,CONFORMITY,RECIPROCAL,TEAMWORK,ORDERED,CENTRALIZED,COMMON_USE,PLANNED,CHARTERED,APPOINTMENT,LIGHT_BANTER,COMPOSED,NEUTRAL,HELPFUL,
PERSONALITY_PROFILE_DIMENSIONS_V1,CONTROL_ADAPTIVE_SURRENDER_EXPRESSION,CONTROL,RECIPROCAL,SITUATIONAL,ORDERED,CENTRALIZED,SINGLE_ENTITY,PLANNED,CHARTERED,APPOINTMENT,LIGHT_BANTER,COMPOSED,NEUTRAL,JUST_ENOUGH,
PERSONALITY_PROFILE_DIMENSIONS_V1,CONTROL_BINDING_RITUAL_CONFLICT,CONTROL,RECIPROCAL,SITUATIONAL,ORDERED,CENTRALIZED,SINGLE_ENTITY,PLANNED,CHARTERED,APPOINTMENT,LIGHT_BANTER,COMPOSED,NEUTRAL,JUST_ENOUGH,
PERSONALITY_PROFILE_DIMENSIONS_V1,CONTROL_ENVIRONMENT_ENGINEERING_EXPRESSION,CONTROL,RECIPROCAL,SITUATIONAL,ORDERED,CENTRALIZED,SINGLE_ENTITY,PLANNED,CHARTERED,APPOINTMENT,LIGHT_BANTER,COMPOSED,NEUTRAL,JUST_ENOUGH,
PERSONALITY_PROFILE_DIMENSIONS_V1,CONTROL_POWERLESSNESS_WOUND,CONTROL,RECIPROCAL,SITUATIONAL,ORDERED,CENTRALIZED,SINGLE_ENTITY,PLANNED,CHARTERED,APPOINTMENT,LIGHT_BANTER,COMPOSED,PESSIMISTIC,JUST_ENOUGH,outlookOrientation
PERSONALITY_PROFILE_DIMENSIONS_V1,CONTROL_RESOURCE_CONTROL_EXPRESSION,CONTROL,RECIPROCAL,SITUATIONAL,ORDERED,CENTRALIZED,SINGLE_ENTITY,PLANNED,CHARTERED,APPOINTMENT,LIGHT_BANTER,COMPOSED,NEUTRAL,JUST_ENOUGH,
PERSONALITY_PROFILE_DIMENSIONS_V1,CONTROL_UNCONTROLLABLE_CORE_CONFLICT,CONTROL,RECIPROCAL,SITUATIONAL,CHAOS,CENTRALIZED,SINGLE_ENTITY,PLANNED,CHARTERED,APPOINTMENT,LIGHT_BANTER,COMPOSED,NEUTRAL,JUST_ENOUGH,structureOrientation
PERSONALITY_PROFILE_DIMENSIONS_V1,CONTROL_UNPREDICTABILITY_WOUND,CONTROL,RECIPROCAL,SITUATIONAL,CHAOS,CENTRALIZED,SINGLE_ENTITY,PLANNED,CHARTERED,APPOINTMENT,LIGHT_BANTER,COMPOSED,NEUTRAL,JUST_ENOUGH,structureOrientation
PERSONALITY_PROFILE_DIMENSIONS_V1,COOPERATION_CIRCLE_DEPENDENT_POWER_CONFLICT,COOPERATION,ALTRUISTIC,TEAMWORK,NEUTRAL,DISTRIBUTED,COMMON_USE,CUSTOMARY,ANCESTRAL,ELECTION,LIGHT_BANTER,JOYFUL,NEUTRAL,HELPFUL,
PERSONALITY_PROFILE_DIMENSIONS_V1,COOPERATION_COOPERATIVE_HUNTING_EXPRESSION,COOPERATION,ALTRUISTIC,TEAMWORK,NEUTRAL,DISTRIBUTED,COMMON_USE,CUSTOMARY,ANCESTRAL,ELECTION,LIGHT_BANTER,JOYFUL,NEUTRAL,HELPFUL,
PERSONALITY_PROFILE_DIMENSIONS_V1,COOPERATION_GROUP_DEFENSE_EXPRESSION,COOPERATION,ALTRUISTIC,TEAMWORK,NEUTRAL,DISTRIBUTED,COMMON_USE,CUSTOMARY,ANCESTRAL,ELECTION,LIGHT_BANTER,JOYFUL,NEUTRAL,HELPFUL,
PERSONALITY_PROFILE_DIMENSIONS_V1,COOPERATION_SOLIDARITY_FRACTURE_WOUND,COOPERATION,ALTRUISTIC,TEAMWORK,NEUTRAL,DISTRIBUTED,COMMON_USE,CUSTOMARY,ANCESTRAL,ELECTION,LIGHT_BANTER,JOYFUL,NEUTRAL,HELPFUL,
PERSONALITY_PROFILE_DIMENSIONS_V1,COURAGE_COURAGE_WITHOUT_CHOICE_CONFLICT,COURAGE,ALTRUISTIC,SITUATIONAL,ORDERED,DELEGATED,SHARED_TITLE,PLANNED,CHARTERED,APPOINTMENT,TO_THE_POINT,IRRITABLE,OPTIMISTIC,JUST_ENOUGH,
PERSONALITY_PROFILE_DIMENSIONS_V1,COURAGE_FEIGNED_INJURY_EXPRESSION,COURAGE,ALTRUISTIC,SITUATIONAL,ORDERED,DELEGATED,SHARED_TITLE,PLANNED,CHARTERED,APPOINTMENT,TO_THE_POINT,IRRITABLE,OPTIMISTIC,JUST_ENOUGH,
PERSONALITY_PROFILE_DIMENSIONS_V1,COURAGE_RESISTANCE_COURAGE_WOUND,COURAGE,ALTRUISTIC,SITUATIONAL,ORDERED,DELEGATED,SHARED_TITLE,PLANNED,CHARTERED,APPOINTMENT,TO_THE_POINT,IRRITABLE,OPTIMISTIC,JUST_ENOUGH,
PERSONALITY_PROFILE_DIMENSIONS_V1,CURIOSITY_BOUNDARY_BLIND_INQUIRY_CONFLICT,CURIOSITY,RECIPROCAL,SITUATIONAL,CHAOS,DELEGATED,SHARED_TITLE,CUSTOMARY,ANCESTRAL,ELECTION,TALKATIVE,JOYFUL,OPTIMISTIC,JUST_ENOUGH,
PERSONALITY_PROFILE_DIMENSIONS_V1,CURIOSITY_LOST_HISTORY_WOUND,CURIOSITY,RECIPROCAL,SITUATIONAL,CHAOS,DELEGATED,SHARED_TITLE,CUSTOMARY,ANCESTRAL,ELECTION,TALKATIVE,JOYFUL,OPTIMISTIC,JUST_ENOUGH,
PERSONALITY_PROFILE_DIMENSIONS_V1,CURIOSITY_PROBLEM_SOLVING_EXPRESSION,CURIOSITY,RECIPROCAL,SITUATIONAL,CHAOS,DELEGATED,SHARED_TITLE,CUSTOMARY,ANCESTRAL,ELECTION,TALKATIVE,JOYFUL,OPTIMISTIC,JUST_ENOUGH,
PERSONALITY_PROFILE_DIMENSIONS_V1,DESIRE_COMMODIFIED_DESIRE_WOUND,DESIRE,SELFISH,SOLO,NEUTRAL,DELEGATED,SINGLE_ENTITY,MARKET,ANCESTRAL,ELECTION,LIGHT_BANTER,JOYFUL,OPTIMISTIC,WITHHOLDING,
PERSONALITY_PROFILE_DIMENSIONS_V1,DESIRE_COMPELLED_ATTRACTION_CONFLICT,DESIRE,SELFISH,SOLO,NEUTRAL,DELEGATED,SINGLE_ENTITY,MARKET,ANCESTRAL,ELECTION,LIGHT_BANTER,JOYFUL,OPTIMISTIC,WITHHOLDING,
PERSONALITY_PROFILE_DIMENSIONS_V1,DESIRE_COURTSHIP_DISPLAY_EXPRESSION,DESIRE,SELFISH,SOLO,NEUTRAL,DELEGATED,SINGLE_ENTITY,MARKET,ANCESTRAL,ELECTION,TALKATIVE,JOYFUL,OPTIMISTIC,WITHHOLDING,loquacity
PERSONALITY_PROFILE_DIMENSIONS_V1,DESIRE_HUNGER_VERSUS_LOVE_CONFLICT,DESIRE,SELFISH,SOLO,NEUTRAL,DELEGATED,SINGLE_ENTITY,MARKET,ANCESTRAL,ELECTION,LIGHT_BANTER,JOYFUL,OPTIMISTIC,WITHHOLDING,
PERSONALITY_PROFILE_DIMENSIONS_V1,DESIRE_WISH_GRANTER_CONFLICT,DESIRE,SELFISH,SOLO,NEUTRAL,DELEGATED,SINGLE_ENTITY,MARKET,ANCESTRAL,ELECTION,LIGHT_BANTER,JOYFUL,OPTIMISTIC,WITHHOLDING,
PERSONALITY_PROFILE_DIMENSIONS_V1,DISCIPLINE_ASCETIC_POWER_CONFLICT,DISCIPLINE,RECIPROCAL,SITUATIONAL,ORDERED,CENTRALIZED,SHARED_TITLE,PLANNED,CHARTERED,APPOINTMENT,TO_THE_POINT,COMPOSED,NEUTRAL,JUST_ENOUGH,
PERSONALITY_PROFILE_DIMENSIONS_V1,DISCIPLINE_COMMANDED_DISCIPLINE_CONFLICT,DISCIPLINE,RECIPROCAL,SITUATIONAL,ORDERED,CENTRALIZED,SHARED_TITLE,PLANNED,CHARTERED,APPOINTMENT,TO_THE_POINT,COMPOSED,NEUTRAL,JUST_ENOUGH,
PERSONALITY_PROFILE_DIMENSIONS_V1,DISCIPLINE_FORAGING_DISCIPLINE_EXPRESSION,DISCIPLINE,RECIPROCAL,SITUATIONAL,ORDERED,CENTRALIZED,SHARED_TITLE,PLANNED,CHARTERED,APPOINTMENT,TO_THE_POINT,COMPOSED,NEUTRAL,JUST_ENOUGH,
PERSONALITY_PROFILE_DIMENSIONS_V1,DISCIPLINE_FORM_MAINTENANCE_CONFLICT,DISCIPLINE,RECIPROCAL,SITUATIONAL,ORDERED,CENTRALIZED,SHARED_TITLE,PLANNED,CHARTERED,APPOINTMENT,TO_THE_POINT,COMPOSED,NEUTRAL,JUST_ENOUGH,
PERSONALITY_PROFILE_DIMENSIONS_V1,DISCIPLINE_PUNITIVE_TRAINING_WOUND,DISCIPLINE,RECIPROCAL,SITUATIONAL,ORDERED,CENTRALIZED,SHARED_TITLE,PLANNED,CHARTERED,APPOINTMENT,TO_THE_POINT,COMPOSED,NEUTRAL,JUST_ENOUGH,
PERSONALITY_PROFILE_DIMENSIONS_V1,DISCIPLINE_VIGIL_WITHOUT_END_CONFLICT,DISCIPLINE,RECIPROCAL,SITUATIONAL,ORDERED,CENTRALIZED,SHARED_TITLE,PLANNED,CHARTERED,APPOINTMENT,TO_THE_POINT,COMPOSED,NEUTRAL,JUST_ENOUGH,
PERSONALITY_PROFILE_DIMENSIONS_V1,DISSENT_CONTRARIAN_IDENTITY_CONFLICT,DISSENT,SELFISH,SOLO,CHAOS,DISTRIBUTED,SINGLE_ENTITY,MARKET,ANCESTRAL,ELECTION,TALKATIVE,JOYFUL,NEUTRAL,WITHHOLDING,
PERSONALITY_PROFILE_DIMENSIONS_V1,DISSENT_HERETICAL_DIVINITY_CONFLICT,DISSENT,SELFISH,SOLO,CHAOS,DISTRIBUTED,SINGLE_ENTITY,MARKET,ANCESTRAL,ELECTION,TALKATIVE,JOYFUL,NEUTRAL,WITHHOLDING,
PERSONALITY_PROFILE_DIMENSIONS_V1,DISSENT_MINORITY_VOICE_WOUND,DISSENT,SELFISH,SOLO,CHAOS,DISTRIBUTED,SINGLE_ENTITY,MARKET,ANCESTRAL,ELECTION,TALKATIVE,JOYFUL,NEUTRAL,WITHHOLDING,
PERSONALITY_PROFILE_DIMENSIONS_V1,DISSENT_REFUSAL_EXPRESSION,DISSENT,SELFISH,SOLO,CHAOS,DISTRIBUTED,SINGLE_ENTITY,MARKET,ANCESTRAL,ELECTION,TALKATIVE,JOYFUL,NEUTRAL,WITHHOLDING,
PERSONALITY_PROFILE_DIMENSIONS_V1,DISSENT_SUPPRESSED_SPEECH_WOUND,DISSENT,SELFISH,SOLO,CHAOS,DISTRIBUTED,SINGLE_ENTITY,MARKET,ANCESTRAL,ELECTION,TALKATIVE,JOYFUL,NEUTRAL,WITHHOLDING,
PERSONALITY_PROFILE_DIMENSIONS_V1,DOMINANCE_POSTURE_DOMINANCE_EXPRESSION,DOMINANCE,SELFISH,SOLO,ORDERED,CENTRALIZED,SINGLE_ENTITY,MARKET,MARTIAL,DIVINE_MANDATE,LIGHT_BANTER,JOYFUL,NEUTRAL,WITHHOLDING,
PERSONALITY_PROFILE_DIMENSIONS_V1,DOMINANCE_RESOURCE_MONOPOLY_EXPRESSION,DOMINANCE,SELFISH,SOLO,ORDERED,CENTRALIZED,SINGLE_ENTITY,MARKET,MARTIAL,DIVINE_MANDATE,LIGHT_BANTER,JOYFUL,NEUTRAL,WITHHOLDING,
PERSONALITY_PROFILE_DIMENSIONS_V1,DOMINANCE_RULE_OR_BE_RULED_CONFLICT,DOMINANCE,SELFISH,SOLO,ORDERED,CENTRALIZED,SINGLE_ENTITY,MARKET,MARTIAL,DIVINE_MANDATE,LIGHT_BANTER,JOYFUL,NEUTRAL,WITHHOLDING,
PERSONALITY_PROFILE_DIMENSIONS_V1,DOUBT_MAKER_DECEPTION_CONFLICT,DOUBT,RECIPROCAL,SITUATIONAL,NEUTRAL,DISTRIBUTED,SHARED_TITLE,CUSTOMARY,ANCESTRAL,ELECTION,TALKATIVE,COMPOSED,OPTIMISTIC,JUST_ENOUGH,
PERSONALITY_PROFILE_DIMENSIONS_V1,DOUBT_RETESTING_EXPRESSION,DOUBT,RECIPROCAL,SITUATIONAL,NEUTRAL,DISTRIBUTED,SHARED_TITLE,CUSTOMARY,ANCESTRAL,ELECTION,TALKATIVE,COMPOSED,OPTIMISTIC,JUST_ENOUGH,
PERSONALITY_PROFILE_DIMENSIONS_V1,DUTY_ABANDONED_DUTY_WOUND,DUTY,ALTRUISTIC,TEAMWORK,ORDERED,CENTRALIZED,COMMON_USE,PLANNED,CHARTERED,APPOINTMENT,LIGHT_BANTER,COMPOSED,PESSIMISTIC,HELPFUL,outlookOrientation
PERSONALITY_PROFILE_DIMENSIONS_V1,DUTY_LAST_GUARDIAN_CONFLICT,DUTY,ALTRUISTIC,TEAMWORK,ORDERED,CENTRALIZED,COMMON_USE,PLANNED,CHARTERED,APPOINTMENT,LIGHT_BANTER,COMPOSED,NEUTRAL,HELPFUL,
PERSONALITY_PROFILE_DIMENSIONS_V1,DUTY_NEST_DUTY_EXPRESSION,DUTY,ALTRUISTIC,TEAMWORK,ORDERED,CENTRALIZED,COMMON_USE,PLANNED,CHARTERED,APPOINTMENT,LIGHT_BANTER,COMPOSED,NEUTRAL,HELPFUL,
PERSONALITY_PROFILE_DIMENSIONS_V1,DUTY_WATCH_DUTY_EXPRESSION,DUTY,ALTRUISTIC,TEAMWORK,ORDERED,CENTRALIZED,COMMON_USE,PLANNED,CHARTERED,APPOINTMENT,LIGHT_BANTER,COMPOSED,NEUTRAL,HELPFUL,
PERSONALITY_PROFILE_DIMENSIONS_V1,EMBODIMENT_DISEMBODIED_LONGING_CONFLICT,EMBODIMENT,SELFISH,SOLO,NEUTRAL,DISTRIBUTED,SINGLE_ENTITY,MARKET,ANCESTRAL,ELECTION,TALKATIVE,JOYFUL,NEUTRAL,WITHHOLDING,
PERSONALITY_PROFILE_DIMENSIONS_V1,EMBODIMENT_DISPLACEMENT_FROM_BODY_WOUND,EMBODIMENT,SELFISH,SOLO,NEUTRAL,DISTRIBUTED,SINGLE_ENTITY,MARKET,ANCESTRAL,ELECTION,TALKATIVE,JOYFUL,NEUTRAL,WITHHOLDING,
PERSONALITY_PROFILE_DIMENSIONS_V1,EMBODIMENT_FUNCTIONAL_BODY_EXPRESSION,EMBODIMENT,SELFISH,SOLO,NEUTRAL,DISTRIBUTED,SINGLE_ENTITY,MARKET,ANCESTRAL,ELECTION,TALKATIVE,JOYFUL,NEUTRAL,WITHHOLDING,
PERSONALITY_PROFILE_DIMENSIONS_V1,EMBODIMENT_ORNAMENTAL_BODY_EXPRESSION,EMBODIMENT,SELFISH,SOLO,NEUTRAL,DISTRIBUTED,SINGLE_ENTITY,MARKET,ANCESTRAL,ELECTION,TALKATIVE,JOYFUL,NEUTRAL,WITHHOLDING,
PERSONALITY_PROFILE_DIMENSIONS_V1,EMBODIMENT_PRISON_BODY_CONFLICT,EMBODIMENT,SELFISH,SOLO,NEUTRAL,DISTRIBUTED,SINGLE_ENTITY,MARKET,ANCESTRAL,ELECTION,TALKATIVE,JOYFUL,NEUTRAL,WITHHOLDING,
PERSONALITY_PROFILE_DIMENSIONS_V1,EMBODIMENT_PROTECTED_BODY_EXPRESSION,EMBODIMENT,ALTRUISTIC,SOLO,NEUTRAL,DISTRIBUTED,SINGLE_ENTITY,MARKET,ANCESTRAL,ELECTION,TALKATIVE,JOYFUL,NEUTRAL,HELPFUL,collaborativePosture | motivation
PERSONALITY_PROFILE_DIMENSIONS_V1,EMBODIMENT_WEAPON_BODY_CONFLICT,EMBODIMENT,SELFISH,SOLO,NEUTRAL,DISTRIBUTED,SINGLE_ENTITY,MARKET,ANCESTRAL,ELECTION,TALKATIVE,JOYFUL,NEUTRAL,WITHHOLDING,
PERSONALITY_PROFILE_DIMENSIONS_V1,EMPATHY_CONSOLATION_EXPRESSION,EMPATHY,ALTRUISTIC,TEAMWORK,NEUTRAL,DISTRIBUTED,COMMON_USE,PLANNED,ANCESTRAL,APPOINTMENT,TALKATIVE,JOYFUL,OPTIMISTIC,HELPFUL,
PERSONALITY_PROFILE_DIMENSIONS_V1,EMPATHY_DEHUMANIZATION_WOUND,EMPATHY,ALTRUISTIC,TEAMWORK,NEUTRAL,DISTRIBUTED,COMMON_USE,PLANNED,ANCESTRAL,APPOINTMENT,TALKATIVE,JOYFUL,OPTIMISTIC,HELPFUL,
PERSONALITY_PROFILE_DIMENSIONS_V1,EMPATHY_DISTRESS_RESPONSE_EXPRESSION,EMPATHY,ALTRUISTIC,TEAMWORK,NEUTRAL,DISTRIBUTED,COMMON_USE,PLANNED,ANCESTRAL,APPOINTMENT,TALKATIVE,JOYFUL,OPTIMISTIC,HELPFUL,
PERSONALITY_PROFILE_DIMENSIONS_V1,EMPATHY_PREDATOR_EMPATHY_CONFLICT,EMPATHY,ALTRUISTIC,TEAMWORK,NEUTRAL,DISTRIBUTED,COMMON_USE,PLANNED,ANCESTRAL,APPOINTMENT,TALKATIVE,JOYFUL,OPTIMISTIC,HELPFUL,
PERSONALITY_PROFILE_DIMENSIONS_V1,ENVY_INTERNAL_COMPARISON_WOUND,ENVY,SELFISH,SOLO,CHAOS,DELEGATED,SINGLE_ENTITY,MARKET,MARTIAL,ELECTION,LIGHT_BANTER,IRRITABLE,PESSIMISTIC,JUST_ENOUGH,
PERSONALITY_PROFILE_DIMENSIONS_V1,ENVY_OBJECT_COVETING_EXPRESSION,ENVY,SELFISH,SOLO,CHAOS,DELEGATED,SINGLE_ENTITY,MARKET,MARTIAL,ELECTION,LIGHT_BANTER,IRRITABLE,PESSIMISTIC,JUST_ENOUGH,
PERSONALITY_PROFILE_DIMENSIONS_V1,ENVY_ORDINARY_LIFE_ENVY_CONFLICT,ENVY,SELFISH,SOLO,CHAOS,DELEGATED,SINGLE_ENTITY,MARKET,MARTIAL,ELECTION,LIGHT_BANTER,IRRITABLE,PESSIMISTIC,JUST_ENOUGH,
PERSONALITY_PROFILE_DIMENSIONS_V1,ENVY_VISIBLE_INEQUALITY_WOUND,ENVY,SELFISH,SOLO,CHAOS,DELEGATED,SINGLE_ENTITY,MARKET,MARTIAL,ELECTION,LIGHT_BANTER,IRRITABLE,PESSIMISTIC,JUST_ENOUGH,
PERSONALITY_PROFILE_DIMENSIONS_V1,EQUANIMITY_LOW_REACTIVITY_EXPRESSION,EQUANIMITY,RECIPROCAL,SITUATIONAL,ORDERED,DELEGATED,SHARED_TITLE,CUSTOMARY,CHARTERED,ELECTION,TO_THE_POINT,COMPOSED,NEUTRAL,JUST_ENOUGH,
PERSONALITY_PROFILE_DIMENSIONS_V1,EQUANIMITY_SCRUTINIZED_COMPOSURE_WOUND,EQUANIMITY,RECIPROCAL,SITUATIONAL,ORDERED,DELEGATED,SHARED_TITLE,CUSTOMARY,CHARTERED,ELECTION,TO_THE_POINT,COMPOSED,NEUTRAL,JUST_ENOUGH,
PERSONALITY_PROFILE_DIMENSIONS_V1,EQUANIMITY_SERENITY_AS_SEAL_CONFLICT,EQUANIMITY,RECIPROCAL,SITUATIONAL,ORDERED,DELEGATED,SHARED_TITLE,CUSTOMARY,CHARTERED,ELECTION,TO_THE_POINT,COMPOSED,NEUTRAL,JUST_ENOUGH,
PERSONALITY_PROFILE_DIMENSIONS_V1,EXILE_COLONIZATION_EXPRESSION,EXILE,RECIPROCAL,SITUATIONAL,ORDERED,DISTRIBUTED,SHARED_TITLE,CUSTOMARY,ANCESTRAL,ELECTION,LIGHT_BANTER,JOYFUL,PESSIMISTIC,JUST_ENOUGH,
PERSONALITY_PROFILE_DIMENSIONS_V1,EXILE_DIASPORA_DISTANCE_WOUND,EXILE,RECIPROCAL,SITUATIONAL,ORDERED,DISTRIBUTED,SHARED_TITLE,CUSTOMARY,ANCESTRAL,ELECTION,LIGHT_BANTER,JOYFUL,PESSIMISTIC,JUST_ENOUGH,
PERSONALITY_PROFILE_DIMENSIONS_V1,EXILE_FORCED_MIGRATION_WOUND,EXILE,RECIPROCAL,SITUATIONAL,ORDERED,DISTRIBUTED,SHARED_TITLE,CUSTOMARY,ANCESTRAL,ELECTION,LIGHT_BANTER,JOYFUL,PESSIMISTIC,JUST_ENOUGH,
PERSONALITY_PROFILE_DIMENSIONS_V1,EXILE_NOMADIC_CONTINUITY_EXPRESSION,EXILE,RECIPROCAL,SITUATIONAL,ORDERED,DISTRIBUTED,SHARED_TITLE,CUSTOMARY,ANCESTRAL,ELECTION,LIGHT_BANTER,JOYFUL,PESSIMISTIC,JUST_ENOUGH,
PERSONALITY_PROFILE_DIMENSIONS_V1,EXILE_TWO_HOME_CONFLICT,EXILE,RECIPROCAL,SITUATIONAL,ORDERED,DISTRIBUTED,SHARED_TITLE,CUSTOMARY,ANCESTRAL,ELECTION,LIGHT_BANTER,JOYFUL,PESSIMISTIC,JUST_ENOUGH,
PERSONALITY_PROFILE_DIMENSIONS_V1,EXPOSURE_DISPLAY_EXPOSURE_EXPRESSION,EXPOSURE,SELFISH,SOLO,NEUTRAL,DELEGATED,SINGLE_ENTITY,MARKET,ANCESTRAL,ELECTION,TALKATIVE,JOYFUL,OPTIMISTIC,WITHHOLDING,emotionalTemperature | outlookOrientation
PERSONALITY_PROFILE_DIMENSIONS_V1,EXPOSURE_EXPOSURE_AS_EXISTENCE_CONFLICT,EXPOSURE,SELFISH,SOLO,NEUTRAL,DELEGATED,SINGLE_ENTITY,MARKET,ANCESTRAL,ELECTION,TALKATIVE,IRRITABLE,PESSIMISTIC,WITHHOLDING,
PERSONALITY_PROFILE_DIMENSIONS_V1,EXPOSURE_INVINCIBLE_WHILE_UNKNOWN_CONFLICT,EXPOSURE,SELFISH,SOLO,NEUTRAL,DELEGATED,SINGLE_ENTITY,MARKET,ANCESTRAL,ELECTION,TO_THE_POINT,IRRITABLE,PESSIMISTIC,WITHHOLDING,loquacity
PERSONALITY_PROFILE_DIMENSIONS_V1,EXPOSURE_PRIVACY_DEPRIVATION_WOUND,EXPOSURE,SELFISH,SOLO,NEUTRAL,DELEGATED,SINGLE_ENTITY,MARKET,ANCESTRAL,ELECTION,TALKATIVE,IRRITABLE,PESSIMISTIC,WITHHOLDING,
PERSONALITY_PROFILE_DIMENSIONS_V1,EXPOSURE_SEEN_AND_BOUND_CONFLICT,EXPOSURE,SELFISH,SOLO,NEUTRAL,DELEGATED,SINGLE_ENTITY,MARKET,ANCESTRAL,ELECTION,TALKATIVE,IRRITABLE,PESSIMISTIC,WITHHOLDING,
PERSONALITY_PROFILE_DIMENSIONS_V1,EXPRESSION_CHEMICAL_EXPRESSION,EXPRESSION,SELFISH,TEAMWORK,NEUTRAL,DELEGATED,SINGLE_ENTITY,MARKET,ANCESTRAL,ELECTION,TALKATIVE,JOYFUL,NEUTRAL,WITHHOLDING,
PERSONALITY_PROFILE_DIMENSIONS_V1,EXPRESSION_COMPELLED_PERFORMANCE_CONFLICT,EXPRESSION,SELFISH,TEAMWORK,NEUTRAL,DELEGATED,SINGLE_ENTITY,MARKET,ANCESTRAL,ELECTION,TALKATIVE,JOYFUL,NEUTRAL,WITHHOLDING,
PERSONALITY_PROFILE_DIMENSIONS_V1,EXPRESSION_LANGUAGE_SUPPRESSION_WOUND,EXPRESSION,SELFISH,TEAMWORK,NEUTRAL,DELEGATED,SINGLE_ENTITY,MARKET,ANCESTRAL,ELECTION,TALKATIVE,JOYFUL,NEUTRAL,WITHHOLDING,
PERSONALITY_PROFILE_DIMENSIONS_V1,EXPRESSION_SILENCE_EXPRESSION,EXPRESSION,SELFISH,TEAMWORK,NEUTRAL,DELEGATED,SINGLE_ENTITY,MARKET,ANCESTRAL,ELECTION,TO_THE_POINT,JOYFUL,NEUTRAL,WITHHOLDING,loquacity
PERSONALITY_PROFILE_DIMENSIONS_V1,EXPRESSION_TACTILE_EXPRESSION,EXPRESSION,SELFISH,TEAMWORK,NEUTRAL,DELEGATED,SINGLE_ENTITY,MARKET,ANCESTRAL,ELECTION,TALKATIVE,JOYFUL,NEUTRAL,WITHHOLDING,
PERSONALITY_PROFILE_DIMENSIONS_V1,EXPRESSION_UNSPEAKABLE_NEED_CONFLICT,EXPRESSION,SELFISH,TEAMWORK,NEUTRAL,DELEGATED,SINGLE_ENTITY,MARKET,ANCESTRAL,ELECTION,TO_THE_POINT,JOYFUL,NEUTRAL,WITHHOLDING,loquacity
PERSONALITY_PROFILE_DIMENSIONS_V1,EXPRESSION_VISUAL_EXPRESSION,EXPRESSION,SELFISH,TEAMWORK,NEUTRAL,DELEGATED,SINGLE_ENTITY,MARKET,ANCESTRAL,ELECTION,TALKATIVE,JOYFUL,NEUTRAL,WITHHOLDING,
PERSONALITY_PROFILE_DIMENSIONS_V1,EXPRESSION_VOCAL_EXPRESSION,EXPRESSION,SELFISH,TEAMWORK,NEUTRAL,DELEGATED,SINGLE_ENTITY,MARKET,ANCESTRAL,ELECTION,TALKATIVE,JOYFUL,NEUTRAL,WITHHOLDING,
PERSONALITY_PROFILE_DIMENSIONS_V1,EXPRESSION_WORLD_CHANGING_VOICE_CONFLICT,EXPRESSION,SELFISH,TEAMWORK,NEUTRAL,DELEGATED,SINGLE_ENTITY,MARKET,ANCESTRAL,ELECTION,TALKATIVE,JOYFUL,NEUTRAL,WITHHOLDING,
PERSONALITY_PROFILE_DIMENSIONS_V1,FAIRNESS_JUSTICE_VERSUS_LOVE_CONFLICT,FAIRNESS,RECIPROCAL,SITUATIONAL,ORDERED,CENTRALIZED,SHARED_TITLE,PLANNED,CHARTERED,APPOINTMENT,LIGHT_BANTER,COMPOSED,NEUTRAL,HELPFUL,
PERSONALITY_PROFILE_DIMENSIONS_V1,FAIRNESS_LABOR_EXTRACTION_WOUND,FAIRNESS,RECIPROCAL,SITUATIONAL,ORDERED,CENTRALIZED,SHARED_TITLE,PLANNED,CHARTERED,APPOINTMENT,LIGHT_BANTER,COMPOSED,PESSIMISTIC,HELPFUL,outlookOrientation
PERSONALITY_PROFILE_DIMENSIONS_V1,FAIRNESS_TURN_TAKING_EXPRESSION,FAIRNESS,RECIPROCAL,SITUATIONAL,ORDERED,CENTRALIZED,SHARED_TITLE,PLANNED,CHARTERED,APPOINTMENT,LIGHT_BANTER,COMPOSED,NEUTRAL,HELPFUL,
PERSONALITY_PROFILE_DIMENSIONS_V1,FAIRNESS_UNEQUAL_LAW_WOUND,FAIRNESS,RECIPROCAL,SITUATIONAL,ORDERED,CENTRALIZED,SHARED_TITLE,PLANNED,CHARTERED,APPOINTMENT,LIGHT_BANTER,COMPOSED,NEUTRAL,HELPFUL,
PERSONALITY_PROFILE_DIMENSIONS_V1,FAITH_FALSE_REVELATION_CONFLICT,FAITH,RECIPROCAL,SITUATIONAL,ORDERED,DELEGATED,SHARED_TITLE,CUSTOMARY,ANCESTRAL,DIVINE_MANDATE,LIGHT_BANTER,JOYFUL,NEUTRAL,JUST_ENOUGH,
PERSONALITY_PROFILE_DIMENSIONS_V1,FAITH_INHERITED_CUE_EXPRESSION,FAITH,RECIPROCAL,SITUATIONAL,ORDERED,DELEGATED,SHARED_TITLE,CUSTOMARY,ANCESTRAL,DIVINE_MANDATE,LIGHT_BANTER,JOYFUL,NEUTRAL,JUST_ENOUGH,
PERSONALITY_PROFILE_DIMENSIONS_V1,FAITH_PERSECUTED_FAITH_WOUND,FAITH,RECIPROCAL,SITUATIONAL,ORDERED,DELEGATED,SHARED_TITLE,CUSTOMARY,ANCESTRAL,DIVINE_MANDATE,LIGHT_BANTER,JOYFUL,PESSIMISTIC,JUST_ENOUGH,outlookOrientation
PERSONALITY_PROFILE_DIMENSIONS_V1,FAITH_SELF_AS_OBJECT_OF_FAITH_CONFLICT,FAITH,SELFISH,SITUATIONAL,ORDERED,DELEGATED,SINGLE_ENTITY,CUSTOMARY,ANCESTRAL,DIVINE_MANDATE,LIGHT_BANTER,JOYFUL,NEUTRAL,JUST_ENOUGH,motivation | ownershipMode
PERSONALITY_PROFILE_DIMENSIONS_V1,FEAR_CHRONIC_DANGER_WOUND,FEAR,RECIPROCAL,SITUATIONAL,NEUTRAL,DELEGATED,SHARED_TITLE,CUSTOMARY,ANCESTRAL,ELECTION,TO_THE_POINT,IRRITABLE,PESSIMISTIC,JUST_ENOUGH,emotionalTemperature
PERSONALITY_PROFILE_DIMENSIONS_V1,FEAR_DEFENSIVE_DISPLAY_EXPRESSION,FEAR,RECIPROCAL,SITUATIONAL,NEUTRAL,DELEGATED,SHARED_TITLE,CUSTOMARY,ANCESTRAL,ELECTION,TALKATIVE,JOYFUL,OPTIMISTIC,JUST_ENOUGH,emotionalTemperature | loquacity | outlookOrientation
PERSONALITY_PROFILE_DIMENSIONS_V1,FEAR_FEAR_FED_CONFLICT,FEAR,RECIPROCAL,SITUATIONAL,NEUTRAL,DELEGATED,SHARED_TITLE,CUSTOMARY,ANCESTRAL,ELECTION,TO_THE_POINT,COMPOSED,PESSIMISTIC,JUST_ENOUGH,
PERSONALITY_PROFILE_DIMENSIONS_V1,FEAR_INTERGENERATIONAL_WARNING_WOUND,FEAR,RECIPROCAL,SITUATIONAL,NEUTRAL,DELEGATED,SHARED_TITLE,CUSTOMARY,ANCESTRAL,ELECTION,TO_THE_POINT,COMPOSED,PESSIMISTIC,JUST_ENOUGH,
PERSONALITY_PROFILE_DIMENSIONS_V1,FEAR_STATE_TERROR_WOUND,FEAR,RECIPROCAL,SITUATIONAL,NEUTRAL,DELEGATED,SHARED_TITLE,CUSTOMARY,ANCESTRAL,ELECTION,TO_THE_POINT,IRRITABLE,PESSIMISTIC,JUST_ENOUGH,emotionalTemperature
PERSONALITY_PROFILE_DIMENSIONS_V1,FEAR_TERROR_INCARNATE_CONFLICT,FEAR,RECIPROCAL,SITUATIONAL,NEUTRAL,DELEGATED,SHARED_TITLE,CUSTOMARY,ANCESTRAL,ELECTION,TO_THE_POINT,IRRITABLE,PESSIMISTIC,JUST_ENOUGH,emotionalTemperature
PERSONALITY_PROFILE_DIMENSIONS_V1,FORCE_BITE_OR_STING_EXPRESSION,FORCE,SELFISH,SOLO,CHAOS,DELEGATED,SINGLE_ENTITY,CUSTOMARY,MARTIAL,DIVINE_MANDATE,TO_THE_POINT,IRRITABLE,PESSIMISTIC,WITHHOLDING,
PERSONALITY_PROFILE_DIMENSIONS_V1,FORCE_CATASTROPHIC_THRESHOLD_CONFLICT,FORCE,SELFISH,SOLO,CHAOS,DELEGATED,SINGLE_ENTITY,CUSTOMARY,MARTIAL,DIVINE_MANDATE,TO_THE_POINT,IRRITABLE,PESSIMISTIC,WITHHOLDING,
PERSONALITY_PROFILE_DIMENSIONS_V1,FORCE_CHARGE_EXPRESSION,FORCE,SELFISH,SOLO,CHAOS,DELEGATED,SINGLE_ENTITY,CUSTOMARY,MARTIAL,DIVINE_MANDATE,TO_THE_POINT,IRRITABLE,PESSIMISTIC,WITHHOLDING,
PERSONALITY_PROFILE_DIMENSIONS_V1,FORCE_CONSTRICT_EXPRESSION,FORCE,SELFISH,SOLO,CHAOS,DELEGATED,SINGLE_ENTITY,CUSTOMARY,MARTIAL,DIVINE_MANDATE,TO_THE_POINT,IRRITABLE,PESSIMISTIC,WITHHOLDING,
PERSONALITY_PROFILE_DIMENSIONS_V1,FORCE_CONTAINED_POWER_CONFLICT,FORCE,SELFISH,SOLO,CHAOS,DELEGATED,SINGLE_ENTITY,CUSTOMARY,MARTIAL,DIVINE_MANDATE,TO_THE_POINT,COMPOSED,PESSIMISTIC,WITHHOLDING,emotionalTemperature
PERSONALITY_PROFILE_DIMENSIONS_V1,FORCE_LIVING_WEAPON_CONFLICT,FORCE,SELFISH,SOLO,CHAOS,DELEGATED,SINGLE_ENTITY,CUSTOMARY,MARTIAL,DIVINE_MANDATE,TO_THE_POINT,IRRITABLE,PESSIMISTIC,WITHHOLDING,
PERSONALITY_PROFILE_DIMENSIONS_V1,FORCE_PROTECTIVE_BRUTALITY_CONFLICT,FORCE,ALTRUISTIC,SOLO,CHAOS,DELEGATED,SINGLE_ENTITY,CUSTOMARY,MARTIAL,DIVINE_MANDATE,TO_THE_POINT,IRRITABLE,PESSIMISTIC,HELPFUL,collaborativePosture | motivation
PERSONALITY_PROFILE_DIMENSIONS_V1,FORCE_STATE_FORCE_WOUND,FORCE,SELFISH,SOLO,CHAOS,DELEGATED,SINGLE_ENTITY,CUSTOMARY,MARTIAL,DIVINE_MANDATE,TO_THE_POINT,IRRITABLE,PESSIMISTIC,WITHHOLDING,
PERSONALITY_PROFILE_DIMENSIONS_V1,FORCE_SWARM_EXPRESSION,FORCE,SELFISH,SOLO,CHAOS,DELEGATED,SINGLE_ENTITY,CUSTOMARY,MARTIAL,DIVINE_MANDATE,TO_THE_POINT,IRRITABLE,PESSIMISTIC,WITHHOLDING,
PERSONALITY_PROFILE_DIMENSIONS_V1,FORGIVENESS_COMMUNITY_SPLIT_WOUND,FORGIVENESS,ALTRUISTIC,TEAMWORK,NEUTRAL,DELEGATED,COMMON_USE,PLANNED,ANCESTRAL,APPOINTMENT,TO_THE_POINT,COMPOSED,OPTIMISTIC,HELPFUL,
PERSONALITY_PROFILE_DIMENSIONS_V1,FORGIVENESS_CONDITIONAL_RELEASE_CONFLICT,FORGIVENESS,ALTRUISTIC,TEAMWORK,NEUTRAL,DELEGATED,COMMON_USE,PLANNED,ANCESTRAL,APPOINTMENT,TO_THE_POINT,COMPOSED,OPTIMISTIC,HELPFUL,
PERSONALITY_PROFILE_DIMENSIONS_V1,FORGIVENESS_RECONCILIATION_GROOMING_EXPRESSION,FORGIVENESS,ALTRUISTIC,TEAMWORK,NEUTRAL,DELEGATED,COMMON_USE,PLANNED,ANCESTRAL,APPOINTMENT,TO_THE_POINT,COMPOSED,OPTIMISTIC,HELPFUL,
PERSONALITY_PROFILE_DIMENSIONS_V1,FORGIVENESS_UNACKNOWLEDGED_HARM_WOUND,FORGIVENESS,ALTRUISTIC,TEAMWORK,NEUTRAL,DELEGATED,COMMON_USE,PLANNED,ANCESTRAL,APPOINTMENT,TO_THE_POINT,COMPOSED,OPTIMISTIC,HELPFUL,
PERSONALITY_PROFILE_DIMENSIONS_V1,GRIEF_DISPLACEMENT_GRIEF_WOUND,GRIEF,ALTRUISTIC,TEAMWORK,ORDERED,DISTRIBUTED,COMMON_USE,CUSTOMARY,ANCESTRAL,ELECTION,LIGHT_BANTER,JOYFUL,PESSIMISTIC,HELPFUL,
PERSONALITY_PROFILE_DIMENSIONS_V1,GRIEF_GHOST_BOND_CONFLICT,GRIEF,ALTRUISTIC,TEAMWORK,ORDERED,DISTRIBUTED,COMMON_USE,CUSTOMARY,ANCESTRAL,ELECTION,LIGHT_BANTER,JOYFUL,PESSIMISTIC,HELPFUL,
PERSONALITY_PROFILE_DIMENSIONS_V1,GRIEF_GUARD_REMAINS_EXPRESSION,GRIEF,ALTRUISTIC,TEAMWORK,ORDERED,DISTRIBUTED,COMMON_USE,CUSTOMARY,ANCESTRAL,ELECTION,LIGHT_BANTER,JOYFUL,PESSIMISTIC,HELPFUL,
PERSONALITY_PROFILE_DIMENSIONS_V1,GRIEF_MASS_LOSS_WOUND,GRIEF,ALTRUISTIC,TEAMWORK,ORDERED,DISTRIBUTED,COMMON_USE,CUSTOMARY,ANCESTRAL,ELECTION,LIGHT_BANTER,JOYFUL,PESSIMISTIC,HELPFUL,
PERSONALITY_PROFILE_DIMENSIONS_V1,GRIEF_MEMORY_BODY_CONFLICT,GRIEF,ALTRUISTIC,TEAMWORK,ORDERED,DISTRIBUTED,COMMON_USE,CUSTOMARY,ANCESTRAL,ELECTION,LIGHT_BANTER,JOYFUL,PESSIMISTIC,HELPFUL,
PERSONALITY_PROFILE_DIMENSIONS_V1,GRIEF_WORLD_MOURNER_CONFLICT,GRIEF,ALTRUISTIC,TEAMWORK,ORDERED,DISTRIBUTED,COMMON_USE,CUSTOMARY,ANCESTRAL,ELECTION,LIGHT_BANTER,JOYFUL,PESSIMISTIC,HELPFUL,
PERSONALITY_PROFILE_DIMENSIONS_V1,HIERARCHY_CASTE_FIXATION_WOUND,HIERARCHY,RECIPROCAL,SITUATIONAL,ORDERED,CENTRALIZED,SHARED_TITLE,PLANNED,CHARTERED,APPOINTMENT,LIGHT_BANTER,COMPOSED,NEUTRAL,JUST_ENOUGH,
PERSONALITY_PROFILE_DIMENSIONS_V1,HIERARCHY_COSMIC_ORDER_CONFLICT,HIERARCHY,RECIPROCAL,SITUATIONAL,ORDERED,CENTRALIZED,SHARED_TITLE,PLANNED,CHARTERED,APPOINTMENT,LIGHT_BANTER,COMPOSED,NEUTRAL,JUST_ENOUGH,
PERSONALITY_PROFILE_DIMENSIONS_V1,HIERARCHY_REPRODUCTIVE_CASTE_EXPRESSION,HIERARCHY,RECIPROCAL,SITUATIONAL,ORDERED,CENTRALIZED,SHARED_TITLE,PLANNED,CHARTERED,APPOINTMENT,LIGHT_BANTER,COMPOSED,NEUTRAL,JUST_ENOUGH,
PERSONALITY_PROFILE_DIMENSIONS_V1,HOPE_BROKEN_PROMISE_WOUND,HOPE,ALTRUISTIC,TEAMWORK,CHAOS,DELEGATED,COMMON_USE,PLANNED,ANCESTRAL,APPOINTMENT,LIGHT_BANTER,JOYFUL,OPTIMISTIC,HELPFUL,
PERSONALITY_PROFILE_DIMENSIONS_V1,HOPE_HOPE_BEARER_CONFLICT,HOPE,ALTRUISTIC,TEAMWORK,CHAOS,DELEGATED,COMMON_USE,PLANNED,ANCESTRAL,APPOINTMENT,LIGHT_BANTER,JOYFUL,OPTIMISTIC,HELPFUL,
PERSONALITY_PROFILE_DIMENSIONS_V1,HOPE_JUVENILE_INVESTMENT_EXPRESSION,HOPE,ALTRUISTIC,TEAMWORK,CHAOS,DELEGATED,COMMON_USE,PLANNED,ANCESTRAL,APPOINTMENT,LIGHT_BANTER,JOYFUL,OPTIMISTIC,HELPFUL,
PERSONALITY_PROFILE_DIMENSIONS_V1,HOSPITALITY_CLEANING_STATION_EXPRESSION,HOSPITALITY,ALTRUISTIC,TEAMWORK,ORDERED,DELEGATED,COMMON_USE,PLANNED,ANCESTRAL,APPOINTMENT,LIGHT_BANTER,JOYFUL,OPTIMISTIC,HELPFUL,
PERSONALITY_PROFILE_DIMENSIONS_V1,HOSPITALITY_GUEST_RIGHT_BINDING_CONFLICT,HOSPITALITY,ALTRUISTIC,TEAMWORK,ORDERED,DELEGATED,COMMON_USE,PLANNED,ANCESTRAL,APPOINTMENT,LIGHT_BANTER,JOYFUL,OPTIMISTIC,HELPFUL,
PERSONALITY_PROFILE_DIMENSIONS_V1,HOSPITALITY_HOST_VERSUS_REALM_CONFLICT,HOSPITALITY,ALTRUISTIC,TEAMWORK,ORDERED,DELEGATED,COMMON_USE,PLANNED,ANCESTRAL,APPOINTMENT,LIGHT_BANTER,JOYFUL,OPTIMISTIC,HELPFUL,
PERSONALITY_PROFILE_DIMENSIONS_V1,HOSPITALITY_REFUGE_WOUND,HOSPITALITY,ALTRUISTIC,TEAMWORK,ORDERED,DELEGATED,COMMON_USE,PLANNED,ANCESTRAL,APPOINTMENT,LIGHT_BANTER,JOYFUL,OPTIMISTIC,HELPFUL,
PERSONALITY_PROFILE_DIMENSIONS_V1,IMPULSE_DANGER_CONDITIONED_IMPULSE,IMPULSE,SELFISH,SOLO,CHAOS,DELEGATED,SINGLE_ENTITY,MARKET,MARTIAL,ELECTION,LIGHT_BANTER,IRRITABLE,PESSIMISTIC,JUST_ENOUGH,
PERSONALITY_PROFILE_DIMENSIONS_V1,IMPULSE_EMOTION_MANIFEST_CONFLICT,IMPULSE,SELFISH,SOLO,CHAOS,DELEGATED,SINGLE_ENTITY,MARKET,MARTIAL,ELECTION,LIGHT_BANTER,IRRITABLE,PESSIMISTIC,JUST_ENOUGH,
PERSONALITY_PROFILE_DIMENSIONS_V1,IMPULSE_FIRST_THOUGHT_MAGIC_CONFLICT,IMPULSE,SELFISH,SOLO,CHAOS,DELEGATED,SINGLE_ENTITY,MARKET,MARTIAL,ELECTION,LIGHT_BANTER,IRRITABLE,PESSIMISTIC,JUST_ENOUGH,
PERSONALITY_PROFILE_DIMENSIONS_V1,IMPULSE_STRIKE_FIRST_EXPRESSION,IMPULSE,SELFISH,SOLO,CHAOS,DELEGATED,SINGLE_ENTITY,MARKET,MARTIAL,ELECTION,LIGHT_BANTER,IRRITABLE,PESSIMISTIC,JUST_ENOUGH,
PERSONALITY_PROFILE_DIMENSIONS_V1,INDIVIDUALITY_HOST_IDENTITY_CONFLICT,INDIVIDUALITY,SELFISH,SOLO,CHAOS,DISTRIBUTED,SINGLE_ENTITY,MARKET,ANCESTRAL,ELECTION,TALKATIVE,JOYFUL,NEUTRAL,WITHHOLDING,
PERSONALITY_PROFILE_DIMENSIONS_V1,INDIVIDUALITY_STEREOTYPE_WOUND,INDIVIDUALITY,SELFISH,SOLO,CHAOS,DISTRIBUTED,SINGLE_ENTITY,MARKET,ANCESTRAL,ELECTION,TALKATIVE,JOYFUL,NEUTRAL,WITHHOLDING,
PERSONALITY_PROFILE_DIMENSIONS_V1,INDIVIDUALITY_UNIQUE_MARKING_EXPRESSION,INDIVIDUALITY,SELFISH,SOLO,CHAOS,DISTRIBUTED,SINGLE_ENTITY,MARKET,ANCESTRAL,ELECTION,TALKATIVE,JOYFUL,NEUTRAL,WITHHOLDING,
PERSONALITY_PROFILE_DIMENSIONS_V1,INDIVIDUALITY_UNIQUE_MONSTER_CONFLICT,INDIVIDUALITY,SELFISH,SOLO,CHAOS,DISTRIBUTED,SINGLE_ENTITY,MARKET,ANCESTRAL,ELECTION,TALKATIVE,JOYFUL,NEUTRAL,WITHHOLDING,
PERSONALITY_PROFILE_DIMENSIONS_V1,INTIMACY_ARMOR_REMOVAL_CONFLICT,INTIMACY,ALTRUISTIC,TEAMWORK,NEUTRAL,DELEGATED,COMMON_USE,PLANNED,ANCESTRAL,APPOINTMENT,TALKATIVE,JOYFUL,OPTIMISTIC,HELPFUL,
PERSONALITY_PROFILE_DIMENSIONS_V1,INTIMACY_EMOTIONAL_DEPRIVATION_WOUND,INTIMACY,ALTRUISTIC,TEAMWORK,NEUTRAL,DELEGATED,COMMON_USE,PLANNED,ANCESTRAL,APPOINTMENT,TALKATIVE,JOYFUL,OPTIMISTIC,HELPFUL,
PERSONALITY_PROFILE_DIMENSIONS_V1,INTIMACY_GROOMING_INTIMACY_EXPRESSION,INTIMACY,ALTRUISTIC,TEAMWORK,NEUTRAL,DELEGATED,COMMON_USE,PLANNED,ANCESTRAL,APPOINTMENT,TALKATIVE,JOYFUL,OPTIMISTIC,HELPFUL,
PERSONALITY_PROFILE_DIMENSIONS_V1,LAND_DOMAIN_BOUND_CONFLICT,LAND,ALTRUISTIC,SITUATIONAL,ORDERED,DELEGATED,COMMON_USE,PLANNED,CHARTERED,APPOINTMENT,LIGHT_BANTER,JOYFUL,NEUTRAL,HELPFUL,
PERSONALITY_PROFILE_DIMENSIONS_V1,LAND_LAND_AS_BODY_CONFLICT,LAND,ALTRUISTIC,SITUATIONAL,ORDERED,DELEGATED,COMMON_USE,PLANNED,CHARTERED,APPOINTMENT,LIGHT_BANTER,JOYFUL,NEUTRAL,HELPFUL,
PERSONALITY_PROFILE_DIMENSIONS_V1,LAND_NESTING_SITE_DEPENDENCE,LAND,ALTRUISTIC,SITUATIONAL,ORDERED,DELEGATED,COMMON_USE,PLANNED,CHARTERED,APPOINTMENT,LIGHT_BANTER,JOYFUL,NEUTRAL,HELPFUL,
PERSONALITY_PROFILE_DIMENSIONS_V1,LAND_REMOVAL_WOUND,LAND,ALTRUISTIC,SITUATIONAL,ORDERED,DELEGATED,COMMON_USE,PLANNED,CHARTERED,APPOINTMENT,LIGHT_BANTER,JOYFUL,NEUTRAL,HELPFUL,
PERSONALITY_PROFILE_DIMENSIONS_V1,LAND_ROOTEDNESS_VERSUS_FREEDOM_CONFLICT,LAND,ALTRUISTIC,SITUATIONAL,ORDERED,DELEGATED,COMMON_USE,PLANNED,CHARTERED,APPOINTMENT,LIGHT_BANTER,JOYFUL,NEUTRAL,HELPFUL,
PERSONALITY_PROFILE_DIMENSIONS_V1,LAND_SPAWNING_SITE_DEPENDENCE,LAND,ALTRUISTIC,SITUATIONAL,ORDERED,DELEGATED,COMMON_USE,PLANNED,CHARTERED,APPOINTMENT,LIGHT_BANTER,JOYFUL,NEUTRAL,HELPFUL,
PERSONALITY_PROFILE_DIMENSIONS_V1,LEGITIMACY_CHALLENGE_LEGITIMACY_EXPRESSION,LEGITIMACY,RECIPROCAL,SITUATIONAL,ORDERED,CENTRALIZED,SHARED_TITLE,PLANNED,CHARTERED,APPOINTMENT,LIGHT_BANTER,COMPOSED,NEUTRAL,JUST_ENOUGH,
PERSONALITY_PROFILE_DIMENSIONS_V1,LEGITIMACY_CONQUEST_LEGITIMACY_WOUND,LEGITIMACY,RECIPROCAL,SITUATIONAL,ORDERED,CENTRALIZED,SHARED_TITLE,PLANNED,CHARTERED,APPOINTMENT,LIGHT_BANTER,COMPOSED,NEUTRAL,JUST_ENOUGH,
PERSONALITY_PROFILE_DIMENSIONS_V1,LEGITIMACY_DIVINE_MANDATE_CONFLICT,LEGITIMACY,RECIPROCAL,SITUATIONAL,ORDERED,CENTRALIZED,SHARED_TITLE,PLANNED,CHARTERED,APPOINTMENT,LIGHT_BANTER,COMPOSED,NEUTRAL,JUST_ENOUGH,
PERSONALITY_PROFILE_DIMENSIONS_V1,LOYALTY_DEAD_MASTER_CONFLICT,LOYALTY,ALTRUISTIC,TEAMWORK,ORDERED,DISTRIBUTED,COMMON_USE,PLANNED,CHARTERED,APPOINTMENT,LIGHT_BANTER,JOYFUL,NEUTRAL,HELPFUL,
PERSONALITY_PROFILE_DIMENSIONS_V1,LOYALTY_FACTIONALIZATION_WOUND,LOYALTY,ALTRUISTIC,TEAMWORK,ORDERED,DISTRIBUTED,COMMON_USE,PLANNED,CHARTERED,APPOINTMENT,LIGHT_BANTER,JOYFUL,NEUTRAL,HELPFUL,
PERSONALITY_PROFILE_DIMENSIONS_V1,LOYALTY_GROUP_ALLEGIANCE_EXPRESSION,LOYALTY,ALTRUISTIC,TEAMWORK,ORDERED,DISTRIBUTED,COMMON_USE,PLANNED,CHARTERED,APPOINTMENT,LIGHT_BANTER,JOYFUL,NEUTRAL,HELPFUL,
PERSONALITY_PROFILE_DIMENSIONS_V1,MEANING_CREATED_PURPOSE_VERSUS_MEANING_CONFLICT,MEANING,RECIPROCAL,SITUATIONAL,ORDERED,DELEGATED,SHARED_TITLE,CUSTOMARY,ANCESTRAL,DIVINE_MANDATE,TALKATIVE,JOYFUL,OPTIMISTIC,JUST_ENOUGH,
PERSONALITY_PROFILE_DIMENSIONS_V1,MEANING_ERASED_WORLDVIEW_WOUND,MEANING,RECIPROCAL,SITUATIONAL,ORDERED,DELEGATED,SHARED_TITLE,CUSTOMARY,ANCESTRAL,DIVINE_MANDATE,TALKATIVE,JOYFUL,OPTIMISTIC,JUST_ENOUGH,
PERSONALITY_PROFILE_DIMENSIONS_V1,MEANING_RITUAL_ACTION_EXPRESSION,MEANING,RECIPROCAL,SITUATIONAL,ORDERED,DELEGATED,SHARED_TITLE,CUSTOMARY,ANCESTRAL,DIVINE_MANDATE,TALKATIVE,JOYFUL,OPTIMISTIC,JUST_ENOUGH,
PERSONALITY_PROFILE_DIMENSIONS_V1,MEMORY_CACHE_MEMORY_EXPRESSION,MEMORY,RECIPROCAL,SITUATIONAL,ORDERED,DELEGATED,SHARED_TITLE,CUSTOMARY,ANCESTRAL,ELECTION,TALKATIVE,COMPOSED,OPTIMISTIC,JUST_ENOUGH,
PERSONALITY_PROFILE_DIMENSIONS_V1,MEMORY_HAUNTED_MEMORY_CONFLICT,MEMORY,RECIPROCAL,SITUATIONAL,ORDERED,DELEGATED,SHARED_TITLE,CUSTOMARY,ANCESTRAL,ELECTION,TALKATIVE,COMPOSED,OPTIMISTIC,JUST_ENOUGH,
PERSONALITY_PROFILE_DIMENSIONS_V1,MEMORY_RITUAL_RETURN_EXPRESSION,MEMORY,RECIPROCAL,SITUATIONAL,ORDERED,DELEGATED,SHARED_TITLE,CUSTOMARY,ANCESTRAL,ELECTION,TALKATIVE,COMPOSED,OPTIMISTIC,JUST_ENOUGH,
PERSONALITY_PROFILE_DIMENSIONS_V1,MEMORY_SELECTIVE_MEMORY_WOUND,MEMORY,RECIPROCAL,SITUATIONAL,ORDERED,DELEGATED,SHARED_TITLE,CUSTOMARY,ANCESTRAL,ELECTION,TALKATIVE,COMPOSED,OPTIMISTIC,JUST_ENOUGH,
PERSONALITY_PROFILE_DIMENSIONS_V1,MEMORY_SURVIVOR_MEMORY_WOUND,MEMORY,RECIPROCAL,SITUATIONAL,ORDERED,DELEGATED,SHARED_TITLE,CUSTOMARY,ANCESTRAL,ELECTION,TALKATIVE,COMPOSED,OPTIMISTIC,JUST_ENOUGH,
PERSONALITY_PROFILE_DIMENSIONS_V1,MERCY_IMPUNITY_THROUGH_MERCY_WOUND,MERCY,ALTRUISTIC,TEAMWORK,NEUTRAL,DELEGATED,COMMON_USE,PLANNED,CHARTERED,APPOINTMENT,TO_THE_POINT,COMPOSED,OPTIMISTIC,HELPFUL,
PERSONALITY_PROFILE_DIMENSIONS_V1,MERCY_JUDGE_WHO_CANNOT_FORGIVE_CONFLICT,MERCY,ALTRUISTIC,TEAMWORK,NEUTRAL,DELEGATED,COMMON_USE,PLANNED,CHARTERED,APPOINTMENT,TO_THE_POINT,COMPOSED,OPTIMISTIC,HELPFUL,
PERSONALITY_PROFILE_DIMENSIONS_V1,MERCY_MERCY_DENIAL_WOUND,MERCY,ALTRUISTIC,TEAMWORK,NEUTRAL,DELEGATED,COMMON_USE,PLANNED,CHARTERED,APPOINTMENT,TO_THE_POINT,COMPOSED,OPTIMISTIC,HELPFUL,
PERSONALITY_PROFILE_DIMENSIONS_V1,MERCY_SUBMISSION_RESPONSE_EXPRESSION,MERCY,ALTRUISTIC,TEAMWORK,NEUTRAL,DELEGATED,COMMON_USE,PLANNED,CHARTERED,APPOINTMENT,TO_THE_POINT,COMPOSED,OPTIMISTIC,HELPFUL,
PERSONALITY_PROFILE_DIMENSIONS_V1,MORTALITY_BRIEF_LIFE_EXPRESSION,MORTALITY,SELFISH,SOLO,NEUTRAL,DELEGATED,SINGLE_ENTITY,MARKET,ANCESTRAL,ELECTION,LIGHT_BANTER,COMPOSED,PESSIMISTIC,WITHHOLDING,
PERSONALITY_PROFILE_DIMENSIONS_V1,MORTALITY_IMMORTALITY_FATIGUE_CONFLICT,MORTALITY,SELFISH,SOLO,NEUTRAL,DELEGATED,SINGLE_ENTITY,MARKET,ANCESTRAL,ELECTION,LIGHT_BANTER,COMPOSED,PESSIMISTIC,WITHHOLDING,
PERSONALITY_PROFILE_DIMENSIONS_V1,MORTALITY_LONG_LIFE_EXPRESSION,MORTALITY,SELFISH,SOLO,NEUTRAL,DELEGATED,SINGLE_ENTITY,MARKET,ANCESTRAL,ELECTION,LIGHT_BANTER,COMPOSED,PESSIMISTIC,WITHHOLDING,
PERSONALITY_PROFILE_DIMENSIONS_V1,MORTALITY_MASS_DEATH_WOUND,MORTALITY,SELFISH,SOLO,NEUTRAL,DELEGATED,SINGLE_ENTITY,MARKET,ANCESTRAL,ELECTION,LIGHT_BANTER,COMPOSED,PESSIMISTIC,WITHHOLDING,
PERSONALITY_PROFILE_DIMENSIONS_V1,MORTALITY_MORTALITY_THEFT_CONFLICT,MORTALITY,SELFISH,SOLO,NEUTRAL,DELEGATED,SINGLE_ENTITY,MARKET,ANCESTRAL,ELECTION,LIGHT_BANTER,COMPOSED,PESSIMISTIC,WITHHOLDING,
PERSONALITY_PROFILE_DIMENSIONS_V1,MORTALITY_SEMELPAROUS_EXPRESSION,MORTALITY,SELFISH,SOLO,NEUTRAL,DELEGATED,SINGLE_ENTITY,MARKET,ANCESTRAL,ELECTION,LIGHT_BANTER,COMPOSED,PESSIMISTIC,WITHHOLDING,
PERSONALITY_PROFILE_DIMENSIONS_V1,MORTALITY_UNDEAD_CONTINUATION_CONFLICT,MORTALITY,SELFISH,SOLO,NEUTRAL,DELEGATED,SINGLE_ENTITY,MARKET,ANCESTRAL,ELECTION,LIGHT_BANTER,COMPOSED,PESSIMISTIC,WITHHOLDING,
PERSONALITY_PROFILE_DIMENSIONS_V1,MORTALITY_UNEQUAL_EXPOSURE_WOUND,MORTALITY,SELFISH,SOLO,NEUTRAL,DELEGATED,SINGLE_ENTITY,MARKET,ANCESTRAL,ELECTION,LIGHT_BANTER,COMPOSED,PESSIMISTIC,WITHHOLDING,
PERSONALITY_PROFILE_DIMENSIONS_V1,NOVELTY_CREATION_ADDICTION_CONFLICT,NOVELTY,SELFISH,SOLO,CHAOS,DELEGATED,SINGLE_ENTITY,MARKET,ANCESTRAL,ELECTION,TALKATIVE,JOYFUL,OPTIMISTIC,WITHHOLDING,
PERSONALITY_PROFILE_DIMENSIONS_V1,NOVELTY_ENDLESS_REINVENTION_CONFLICT,NOVELTY,SELFISH,SOLO,CHAOS,DELEGATED,SINGLE_ENTITY,MARKET,ANCESTRAL,ELECTION,TALKATIVE,JOYFUL,OPTIMISTIC,WITHHOLDING,
PERSONALITY_PROFILE_DIMENSIONS_V1,NOVELTY_MIGRATION_OPPORTUNITY_WOUND,NOVELTY,SELFISH,SOLO,CHAOS,DELEGATED,SINGLE_ENTITY,MARKET,ANCESTRAL,ELECTION,TALKATIVE,JOYFUL,OPTIMISTIC,WITHHOLDING,
PERSONALITY_PROFILE_DIMENSIONS_V1,NOVELTY_OBJECT_PLAY_EXPRESSION,NOVELTY,SELFISH,SOLO,CHAOS,DELEGATED,SINGLE_ENTITY,MARKET,ANCESTRAL,ELECTION,TALKATIVE,JOYFUL,OPTIMISTIC,WITHHOLDING,
PERSONALITY_PROFILE_DIMENSIONS_V1,NOVELTY_STRATEGY_SWITCH_EXPRESSION,NOVELTY,SELFISH,SOLO,CHAOS,DELEGATED,SINGLE_ENTITY,MARKET,ANCESTRAL,ELECTION,TALKATIVE,JOYFUL,OPTIMISTIC,WITHHOLDING,
PERSONALITY_PROFILE_DIMENSIONS_V1,PATIENCE_AMBUSH_PATIENCE_EXPRESSION,PATIENCE,RECIPROCAL,SITUATIONAL,ORDERED,DELEGATED,SHARED_TITLE,CUSTOMARY,CHARTERED,ELECTION,TO_THE_POINT,COMPOSED,NEUTRAL,JUST_ENOUGH,
PERSONALITY_PROFILE_DIMENSIONS_V1,PATIENCE_STALKING_PATIENCE_EXPRESSION,PATIENCE,RECIPROCAL,SITUATIONAL,ORDERED,DELEGATED,SHARED_TITLE,CUSTOMARY,CHARTERED,ELECTION,TO_THE_POINT,COMPOSED,NEUTRAL,JUST_ENOUGH,
PERSONALITY_PROFILE_DIMENSIONS_V1,PATIENCE_STONE_OR_SEED_CONFLICT,PATIENCE,RECIPROCAL,SITUATIONAL,ORDERED,DELEGATED,SHARED_TITLE,CUSTOMARY,CHARTERED,ELECTION,TO_THE_POINT,COMPOSED,NEUTRAL,JUST_ENOUGH,
PERSONALITY_PROFILE_DIMENSIONS_V1,PATIENCE_WAITING_FOR_RETURN_WOUND,PATIENCE,RECIPROCAL,SITUATIONAL,ORDERED,DELEGATED,SHARED_TITLE,CUSTOMARY,CHARTERED,ELECTION,TO_THE_POINT,COMPOSED,NEUTRAL,JUST_ENOUGH,
PERSONALITY_PROFILE_DIMENSIONS_V1,PERFECTION_ERROR_CORRECTION_EXPRESSION,PERFECTION,RECIPROCAL,SITUATIONAL,ORDERED,CENTRALIZED,SINGLE_ENTITY,PLANNED,CHARTERED,APPOINTMENT,LIGHT_BANTER,COMPOSED,NEUTRAL,JUST_ENOUGH,
PERSONALITY_PROFILE_DIMENSIONS_V1,PERFECTION_EXEMPLARY_MINORITY_WOUND,PERFECTION,RECIPROCAL,SITUATIONAL,ORDERED,CENTRALIZED,SINGLE_ENTITY,PLANNED,CHARTERED,APPOINTMENT,LIGHT_BANTER,COMPOSED,NEUTRAL,JUST_ENOUGH,
PERSONALITY_PROFILE_DIMENSIONS_V1,PERFECTION_IDEAL_FORM_CONFLICT,PERFECTION,RECIPROCAL,SITUATIONAL,ORDERED,CENTRALIZED,SINGLE_ENTITY,PLANNED,CHARTERED,APPOINTMENT,LIGHT_BANTER,COMPOSED,NEUTRAL,JUST_ENOUGH,
PERSONALITY_PROFILE_DIMENSIONS_V1,PERFECTION_PERFECT_OBEDIENCE_CONFLICT,PERFECTION,RECIPROCAL,SITUATIONAL,ORDERED,CENTRALIZED,SINGLE_ENTITY,PLANNED,CHARTERED,APPOINTMENT,LIGHT_BANTER,COMPOSED,NEUTRAL,JUST_ENOUGH,
PERSONALITY_PROFILE_DIMENSIONS_V1,PERFECTION_SYMMETRY_PREFERENCE_EXPRESSION,PERFECTION,RECIPROCAL,SITUATIONAL,ORDERED,CENTRALIZED,SINGLE_ENTITY,PLANNED,CHARTERED,APPOINTMENT,LIGHT_BANTER,COMPOSED,NEUTRAL,JUST_ENOUGH,
PERSONALITY_PROFILE_DIMENSIONS_V1,PERSEVERANCE_DROUGHT_OR_COLD_ENDURANCE_EXPRESSION,PERSEVERANCE,ALTRUISTIC,SITUATIONAL,ORDERED,DELEGATED,SHARED_TITLE,PLANNED,CHARTERED,APPOINTMENT,LIGHT_BANTER,COMPOSED,OPTIMISTIC,JUST_ENOUGH,
PERSONALITY_PROFILE_DIMENSIONS_V1,PERSEVERANCE_LABOR_EXPLOITATION_WOUND,PERSEVERANCE,ALTRUISTIC,SITUATIONAL,ORDERED,DELEGATED,SHARED_TITLE,PLANNED,CHARTERED,APPOINTMENT,LIGHT_BANTER,COMPOSED,OPTIMISTIC,JUST_ENOUGH,
PERSONALITY_PROFILE_DIMENSIONS_V1,PERSEVERANCE_METHOD_SWITCHING_EXPRESSION,PERSEVERANCE,ALTRUISTIC,SITUATIONAL,ORDERED,DELEGATED,SHARED_TITLE,PLANNED,CHARTERED,APPOINTMENT,LIGHT_BANTER,COMPOSED,OPTIMISTIC,JUST_ENOUGH,
PERSONALITY_PROFILE_DIMENSIONS_V1,PERSEVERANCE_PERSISTENT_PURSUIT_EXPRESSION,PERSEVERANCE,ALTRUISTIC,SITUATIONAL,ORDERED,DELEGATED,SHARED_TITLE,PLANNED,CHARTERED,APPOINTMENT,LIGHT_BANTER,COMPOSED,OPTIMISTIC,JUST_ENOUGH,
PERSONALITY_PROFILE_DIMENSIONS_V1,PERSEVERANCE_SUFFERING_AS_PROOF_CONFLICT,PERSEVERANCE,ALTRUISTIC,SITUATIONAL,ORDERED,DELEGATED,SHARED_TITLE,PLANNED,CHARTERED,APPOINTMENT,LIGHT_BANTER,COMPOSED,OPTIMISTIC,JUST_ENOUGH,
PERSONALITY_PROFILE_DIMENSIONS_V1,PERSEVERANCE_SURVIVAL_PERSISTENCE_WOUND,PERSEVERANCE,ALTRUISTIC,SITUATIONAL,ORDERED,DELEGATED,SHARED_TITLE,PLANNED,CHARTERED,APPOINTMENT,LIGHT_BANTER,COMPOSED,OPTIMISTIC,JUST_ENOUGH,
PERSONALITY_PROFILE_DIMENSIONS_V1,PERSPECTIVE_GOD_S_EYE_CONFLICT,PERSPECTIVE,RECIPROCAL,SITUATIONAL,NEUTRAL,DISTRIBUTED,SHARED_TITLE,CUSTOMARY,ANCESTRAL,ELECTION,TALKATIVE,COMPOSED,OPTIMISTIC,JUST_ENOUGH,
PERSONALITY_PROFILE_DIMENSIONS_V1,PERSPECTIVE_PERSISTENT_MISREADING_WOUND,PERSPECTIVE,RECIPROCAL,SITUATIONAL,NEUTRAL,DISTRIBUTED,SHARED_TITLE,CUSTOMARY,ANCESTRAL,ELECTION,TALKATIVE,COMPOSED,OPTIMISTIC,JUST_ENOUGH,
PERSONALITY_PROFILE_DIMENSIONS_V1,PERSPECTIVE_VISUAL_VANTAGE_EXPRESSION,PERSPECTIVE,RECIPROCAL,SITUATIONAL,NEUTRAL,DISTRIBUTED,SHARED_TITLE,CUSTOMARY,ANCESTRAL,ELECTION,TALKATIVE,COMPOSED,OPTIMISTIC,JUST_ENOUGH,
PERSONALITY_PROFILE_DIMENSIONS_V1,PLEASURE_BASKING_EXPRESSION,PLEASURE,SELFISH,TEAMWORK,NEUTRAL,DELEGATED,SINGLE_ENTITY,MARKET,ANCESTRAL,ELECTION,TALKATIVE,JOYFUL,OPTIMISTIC,JUST_ENOUGH,
PERSONALITY_PROFILE_DIMENSIONS_V1,PLEASURE_EXPLORATION_PLEASURE_EXPRESSION,PLEASURE,SELFISH,TEAMWORK,NEUTRAL,DELEGATED,SINGLE_ENTITY,MARKET,ANCESTRAL,ELECTION,TALKATIVE,JOYFUL,OPTIMISTIC,JUST_ENOUGH,
PERSONALITY_PROFILE_DIMENSIONS_V1,PLEASURE_JOY_BRINGER_CONFLICT,PLEASURE,SELFISH,TEAMWORK,NEUTRAL,DELEGATED,SINGLE_ENTITY,MARKET,ANCESTRAL,ELECTION,TALKATIVE,JOYFUL,OPTIMISTIC,JUST_ENOUGH,
PERSONALITY_PROFILE_DIMENSIONS_V1,PLEASURE_PLAY_EXPRESSION,PLEASURE,SELFISH,TEAMWORK,NEUTRAL,DELEGATED,SINGLE_ENTITY,MARKET,ANCESTRAL,ELECTION,TALKATIVE,JOYFUL,OPTIMISTIC,JUST_ENOUGH,
PERSONALITY_PROFILE_DIMENSIONS_V1,PLEASURE_PLEASURE_TABOO_CONFLICT,PLEASURE,SELFISH,TEAMWORK,NEUTRAL,DELEGATED,SINGLE_ENTITY,MARKET,ANCESTRAL,ELECTION,TALKATIVE,JOYFUL,OPTIMISTIC,JUST_ENOUGH,
PERSONALITY_PROFILE_DIMENSIONS_V1,POSSESSION_CACHE_GUARDING_EXPRESSION,POSSESSION,SELFISH,SOLO,NEUTRAL,CENTRALIZED,SINGLE_ENTITY,PLANNED,ANCESTRAL,ELECTION,LIGHT_BANTER,JOYFUL,NEUTRAL,WITHHOLDING,
PERSONALITY_PROFILE_DIMENSIONS_V1,POSSESSION_CULTURAL_PROPERTY_WOUND,POSSESSION,SELFISH,SOLO,NEUTRAL,CENTRALIZED,SINGLE_ENTITY,PLANNED,ANCESTRAL,ELECTION,LIGHT_BANTER,JOYFUL,NEUTRAL,WITHHOLDING,
PERSONALITY_PROFILE_DIMENSIONS_V1,POSSESSION_GUARDIAN_VERSUS_OWNER_CONFLICT,POSSESSION,ALTRUISTIC,SOLO,NEUTRAL,CENTRALIZED,SINGLE_ENTITY,PLANNED,ANCESTRAL,ELECTION,LIGHT_BANTER,JOYFUL,NEUTRAL,HELPFUL,collaborativePosture | motivation
PERSONALITY_PROFILE_DIMENSIONS_V1,POSSESSION_HOARD_MASTER_CONFLICT,POSSESSION,SELFISH,SOLO,NEUTRAL,CENTRALIZED,SINGLE_ENTITY,PLANNED,ANCESTRAL,ELECTION,LIGHT_BANTER,JOYFUL,NEUTRAL,WITHHOLDING,
PERSONALITY_PROFILE_DIMENSIONS_V1,POSSESSION_NEST_DECORATION_EXPRESSION,POSSESSION,SELFISH,SOLO,NEUTRAL,CENTRALIZED,SINGLE_ENTITY,PLANNED,ANCESTRAL,ELECTION,LIGHT_BANTER,JOYFUL,NEUTRAL,WITHHOLDING,
PERSONALITY_PROFILE_DIMENSIONS_V1,POWER_CAPTURED_RESOURCE_WOUND,POWER,SELFISH,SOLO,NEUTRAL,CENTRALIZED,SINGLE_ENTITY,PLANNED,MARTIAL,DIVINE_MANDATE,LIGHT_BANTER,JOYFUL,NEUTRAL,WITHHOLDING,
PERSONALITY_PROFILE_DIMENSIONS_V1,POWER_COLONIAL_POWER_WOUND,POWER,SELFISH,SOLO,NEUTRAL,CENTRALIZED,SINGLE_ENTITY,PLANNED,MARTIAL,DIVINE_MANDATE,LIGHT_BANTER,JOYFUL,NEUTRAL,WITHHOLDING,
PERSONALITY_PROFILE_DIMENSIONS_V1,POWER_PHYSICAL_POWER_EXPRESSION,POWER,SELFISH,SOLO,NEUTRAL,CENTRALIZED,SINGLE_ENTITY,PLANNED,MARTIAL,DIVINE_MANDATE,LIGHT_BANTER,JOYFUL,NEUTRAL,WITHHOLDING,
PERSONALITY_PROFILE_DIMENSIONS_V1,POWER_REPRODUCTIVE_POWER_EXPRESSION,POWER,SELFISH,SOLO,NEUTRAL,CENTRALIZED,SINGLE_ENTITY,PLANNED,MARTIAL,DIVINE_MANDATE,LIGHT_BANTER,JOYFUL,NEUTRAL,WITHHOLDING,
PERSONALITY_PROFILE_DIMENSIONS_V1,POWER_SINGLE_WEAKNESS_CONFLICT,POWER,SELFISH,SOLO,NEUTRAL,CENTRALIZED,SINGLE_ENTITY,PLANNED,MARTIAL,DIVINE_MANDATE,LIGHT_BANTER,JOYFUL,NEUTRAL,WITHHOLDING,
PERSONALITY_PROFILE_DIMENSIONS_V1,PROTECTION_GUARDIAN_CURSE_CONFLICT,PROTECTION,ALTRUISTIC,TEAMWORK,ORDERED,DELEGATED,COMMON_USE,PLANNED,CHARTERED,APPOINTMENT,TO_THE_POINT,IRRITABLE,OPTIMISTIC,HELPFUL,
PERSONALITY_PROFILE_DIMENSIONS_V1,PROTECTION_PROTECTOR_AS_PERPETRATOR_WOUND,PROTECTION,ALTRUISTIC,TEAMWORK,ORDERED,DELEGATED,COMMON_USE,PLANNED,CHARTERED,APPOINTMENT,TO_THE_POINT,IRRITABLE,OPTIMISTIC,HELPFUL,
PERSONALITY_PROFILE_DIMENSIONS_V1,PROTECTION_THREAT_CREATION_CONFLICT,PROTECTION,ALTRUISTIC,TEAMWORK,ORDERED,DELEGATED,COMMON_USE,PLANNED,CHARTERED,APPOINTMENT,TO_THE_POINT,IRRITABLE,OPTIMISTIC,HELPFUL,
PERSONALITY_PROFILE_DIMENSIONS_V1,PROTECTION_WORLD_SHIELD_CONFLICT,PROTECTION,ALTRUISTIC,TEAMWORK,ORDERED,DELEGATED,COMMON_USE,PLANNED,CHARTERED,APPOINTMENT,TO_THE_POINT,IRRITABLE,OPTIMISTIC,HELPFUL,
PERSONALITY_PROFILE_DIMENSIONS_V1,PROTECTION_YOUNG_SHIELDING_EXPRESSION,PROTECTION,ALTRUISTIC,TEAMWORK,ORDERED,DELEGATED,COMMON_USE,PLANNED,CHARTERED,APPOINTMENT,TO_THE_POINT,IRRITABLE,OPTIMISTIC,HELPFUL,
PERSONALITY_PROFILE_DIMENSIONS_V1,PURPOSE_DISPOSSESSION_PURPOSE_WOUND,PURPOSE,ALTRUISTIC,SITUATIONAL,ORDERED,DELEGATED,SHARED_TITLE,PLANNED,CHARTERED,APPOINTMENT,LIGHT_BANTER,COMPOSED,OPTIMISTIC,JUST_ENOUGH,
PERSONALITY_PROFILE_DIMENSIONS_V1,PURPOSE_MIGRATION_PURPOSE_EXPRESSION,PURPOSE,ALTRUISTIC,SITUATIONAL,ORDERED,DELEGATED,SHARED_TITLE,PLANNED,CHARTERED,APPOINTMENT,LIGHT_BANTER,COMPOSED,OPTIMISTIC,JUST_ENOUGH,
PERSONALITY_PROFILE_DIMENSIONS_V1,PURPOSE_SUCCESS_DISSOLUTION_CONFLICT,PURPOSE,ALTRUISTIC,SITUATIONAL,ORDERED,DELEGATED,SHARED_TITLE,PLANNED,CHARTERED,APPOINTMENT,LIGHT_BANTER,COMPOSED,OPTIMISTIC,JUST_ENOUGH,
PERSONALITY_PROFILE_DIMENSIONS_V1,REACTANCE_HANDLING_REACTANCE_EXPRESSION,REACTANCE,SELFISH,SOLO,CHAOS,DISTRIBUTED,SINGLE_ENTITY,MARKET,MARTIAL,ELECTION,LIGHT_BANTER,IRRITABLE,PESSIMISTIC,WITHHOLDING,
PERSONALITY_PROFILE_DIMENSIONS_V1,REACTANCE_OCCUPATION_REACTANCE_WOUND,REACTANCE,SELFISH,SOLO,CHAOS,DISTRIBUTED,SINGLE_ENTITY,MARKET,MARTIAL,ELECTION,LIGHT_BANTER,IRRITABLE,PESSIMISTIC,WITHHOLDING,
PERSONALITY_PROFILE_DIMENSIONS_V1,REACTANCE_REVERSE_COMPULSION_CONFLICT,REACTANCE,SELFISH,SOLO,CHAOS,DISTRIBUTED,SINGLE_ENTITY,MARKET,MARTIAL,ELECTION,LIGHT_BANTER,IRRITABLE,PESSIMISTIC,WITHHOLDING,
PERSONALITY_PROFILE_DIMENSIONS_V1,RECIPROCITY_CLEANING_MUTUALISM_EXPRESSION,RECIPROCITY,ALTRUISTIC,TEAMWORK,NEUTRAL,DISTRIBUTED,COMMON_USE,CUSTOMARY,CHARTERED,ELECTION,LIGHT_BANTER,JOYFUL,NEUTRAL,HELPFUL,
PERSONALITY_PROFILE_DIMENSIONS_V1,RECIPROCITY_EXTRACTIVE_EXCHANGE_WOUND,RECIPROCITY,SELFISH,TEAMWORK,NEUTRAL,DISTRIBUTED,SINGLE_ENTITY,CUSTOMARY,CHARTERED,ELECTION,LIGHT_BANTER,JOYFUL,NEUTRAL,HELPFUL,motivation | ownershipMode
PERSONALITY_PROFILE_DIMENSIONS_V1,RECIPROCITY_FOOD_SHARING_EXPRESSION,RECIPROCITY,ALTRUISTIC,TEAMWORK,NEUTRAL,DISTRIBUTED,COMMON_USE,CUSTOMARY,CHARTERED,ELECTION,LIGHT_BANTER,JOYFUL,NEUTRAL,HELPFUL,
PERSONALITY_PROFILE_DIMENSIONS_V1,RECIPROCITY_GENEROSITY_WITHOUT_RECEIVING_CONFLICT,RECIPROCITY,ALTRUISTIC,TEAMWORK,NEUTRAL,DISTRIBUTED,COMMON_USE,CUSTOMARY,CHARTERED,ELECTION,LIGHT_BANTER,JOYFUL,NEUTRAL,HELPFUL,
PERSONALITY_PROFILE_DIMENSIONS_V1,RECIPROCITY_GIFT_AS_BINDING_CONFLICT,RECIPROCITY,ALTRUISTIC,TEAMWORK,NEUTRAL,DISTRIBUTED,COMMON_USE,CUSTOMARY,CHARTERED,ELECTION,LIGHT_BANTER,JOYFUL,NEUTRAL,HELPFUL,
PERSONALITY_PROFILE_DIMENSIONS_V1,RECOGNITION_COURTSHIP_DISPLAY_EXPRESSION,RECOGNITION,RECIPROCAL,TEAMWORK,NEUTRAL,DELEGATED,SHARED_TITLE,CUSTOMARY,CHARTERED,ELECTION,TALKATIVE,JOYFUL,OPTIMISTIC,JUST_ENOUGH,outlookOrientation
PERSONALITY_PROFILE_DIMENSIONS_V1,RECOGNITION_CREDIT_THEFT_WOUND,RECOGNITION,RECIPROCAL,TEAMWORK,NEUTRAL,DELEGATED,SHARED_TITLE,CUSTOMARY,CHARTERED,ELECTION,TALKATIVE,JOYFUL,NEUTRAL,JUST_ENOUGH,
PERSONALITY_PROFILE_DIMENSIONS_V1,RECOGNITION_MISRECOGNIZED_MONSTER_CONFLICT,RECOGNITION,RECIPROCAL,TEAMWORK,NEUTRAL,DELEGATED,SHARED_TITLE,CUSTOMARY,CHARTERED,ELECTION,TALKATIVE,JOYFUL,NEUTRAL,JUST_ENOUGH,
PERSONALITY_PROFILE_DIMENSIONS_V1,REPAIR_DESTROYED_INFRASTRUCTURE_WOUND,REPAIR,ALTRUISTIC,TEAMWORK,ORDERED,DELEGATED,COMMON_USE,PLANNED,CHARTERED,APPOINTMENT,LIGHT_BANTER,JOYFUL,OPTIMISTIC,HELPFUL,
PERSONALITY_PROFILE_DIMENSIONS_V1,REPAIR_STRUCTURE_REPAIR_EXPRESSION,REPAIR,ALTRUISTIC,TEAMWORK,ORDERED,DELEGATED,COMMON_USE,PLANNED,CHARTERED,APPOINTMENT,LIGHT_BANTER,JOYFUL,OPTIMISTIC,HELPFUL,
PERSONALITY_PROFILE_DIMENSIONS_V1,REPAIR_UNREPAIRABLE_ORIGIN_CONFLICT,REPAIR,ALTRUISTIC,TEAMWORK,ORDERED,DELEGATED,COMMON_USE,PLANNED,CHARTERED,APPOINTMENT,LIGHT_BANTER,JOYFUL,OPTIMISTIC,HELPFUL,
PERSONALITY_PROFILE_DIMENSIONS_V1,REPUTATION_INHERITED_LEGEND_CONFLICT,REPUTATION,RECIPROCAL,TEAMWORK,ORDERED,DELEGATED,SHARED_TITLE,MARKET,ANCESTRAL,ELECTION,TALKATIVE,JOYFUL,NEUTRAL,JUST_ENOUGH,
PERSONALITY_PROFILE_DIMENSIONS_V1,REPUTATION_THREAT_MEMORY_EXPRESSION,REPUTATION,RECIPROCAL,TEAMWORK,ORDERED,DELEGATED,SHARED_TITLE,MARKET,ANCESTRAL,ELECTION,TALKATIVE,IRRITABLE,NEUTRAL,JUST_ENOUGH,emotionalTemperature
PERSONALITY_PROFILE_DIMENSIONS_V1,RESTRAINT_ATTACK_INHIBITION_EXPRESSION,RESTRAINT,RECIPROCAL,SITUATIONAL,ORDERED,CENTRALIZED,SHARED_TITLE,PLANNED,CHARTERED,APPOINTMENT,TO_THE_POINT,COMPOSED,NEUTRAL,JUST_ENOUGH,
PERSONALITY_PROFILE_DIMENSIONS_V1,RESTRAINT_CATASTROPHE_CONTAINED_CONFLICT,RESTRAINT,RECIPROCAL,SITUATIONAL,ORDERED,CENTRALIZED,SHARED_TITLE,PLANNED,CHARTERED,APPOINTMENT,TO_THE_POINT,COMPOSED,NEUTRAL,JUST_ENOUGH,
PERSONALITY_PROFILE_DIMENSIONS_V1,RESTRAINT_PUNISHED_EXPRESSION_WOUND,RESTRAINT,RECIPROCAL,SITUATIONAL,ORDERED,CENTRALIZED,SHARED_TITLE,PLANNED,CHARTERED,APPOINTMENT,TO_THE_POINT,COMPOSED,NEUTRAL,JUST_ENOUGH,
PERSONALITY_PROFILE_DIMENSIONS_V1,RESTRAINT_SCARCITY_RESTRAINT_WOUND,RESTRAINT,RECIPROCAL,SITUATIONAL,ORDERED,CENTRALIZED,SHARED_TITLE,PLANNED,CHARTERED,APPOINTMENT,TO_THE_POINT,COMPOSED,PESSIMISTIC,JUST_ENOUGH,outlookOrientation
PERSONALITY_PROFILE_DIMENSIONS_V1,RISK_LEAP_OR_DIVE_EXPRESSION,RISK,RECIPROCAL,SITUATIONAL,NEUTRAL,DISTRIBUTED,SHARED_TITLE,MARKET,ANCESTRAL,ELECTION,LIGHT_BANTER,JOYFUL,OPTIMISTIC,JUST_ENOUGH,
PERSONALITY_PROFILE_DIMENSIONS_V1,RISK_OPEN_FORAGING_EXPRESSION,RISK,RECIPROCAL,SITUATIONAL,NEUTRAL,DISTRIBUTED,SHARED_TITLE,MARKET,ANCESTRAL,ELECTION,LIGHT_BANTER,JOYFUL,OPTIMISTIC,JUST_ENOUGH,
PERSONALITY_PROFILE_DIMENSIONS_V1,RISK_PRECARITY_WOUND,RISK,RECIPROCAL,SITUATIONAL,NEUTRAL,DISTRIBUTED,SHARED_TITLE,MARKET,ANCESTRAL,ELECTION,LIGHT_BANTER,JOYFUL,OPTIMISTIC,JUST_ENOUGH,
PERSONALITY_PROFILE_DIMENSIONS_V1,RISK_PROPHECY_CALCULATION_CONFLICT,RISK,RECIPROCAL,SITUATIONAL,NEUTRAL,DISTRIBUTED,SHARED_TITLE,MARKET,ANCESTRAL,ELECTION,LIGHT_BANTER,JOYFUL,OPTIMISTIC,JUST_ENOUGH,
PERSONALITY_PROFILE_DIMENSIONS_V1,RISK_SOCIAL_RISK_SHARING_EXPRESSION,RISK,RECIPROCAL,SITUATIONAL,NEUTRAL,DISTRIBUTED,SHARED_TITLE,MARKET,ANCESTRAL,ELECTION,LIGHT_BANTER,JOYFUL,OPTIMISTIC,JUST_ENOUGH,
PERSONALITY_PROFILE_DIMENSIONS_V1,RISK_UNEQUAL_RISK_WOUND,RISK,RECIPROCAL,SITUATIONAL,NEUTRAL,DISTRIBUTED,SHARED_TITLE,MARKET,ANCESTRAL,ELECTION,LIGHT_BANTER,JOYFUL,OPTIMISTIC,JUST_ENOUGH,
PERSONALITY_PROFILE_DIMENSIONS_V1,SCARCITY_CACHE_EXPRESSION,SCARCITY,RECIPROCAL,SITUATIONAL,NEUTRAL,CENTRALIZED,SINGLE_ENTITY,PLANNED,ANCESTRAL,ELECTION,TO_THE_POINT,COMPOSED,PESSIMISTIC,JUST_ENOUGH,
PERSONALITY_PROFILE_DIMENSIONS_V1,SCARCITY_LAND_LOSS_SCARCITY,SCARCITY,RECIPROCAL,SITUATIONAL,NEUTRAL,CENTRALIZED,SINGLE_ENTITY,PLANNED,ANCESTRAL,ELECTION,TO_THE_POINT,COMPOSED,PESSIMISTIC,JUST_ENOUGH,
PERSONALITY_PROFILE_DIMENSIONS_V1,SCARCITY_LAST_RESOURCE_CONFLICT,SCARCITY,RECIPROCAL,SITUATIONAL,NEUTRAL,CENTRALIZED,SINGLE_ENTITY,PLANNED,ANCESTRAL,ELECTION,TO_THE_POINT,COMPOSED,PESSIMISTIC,JUST_ENOUGH,
PERSONALITY_PROFILE_DIMENSIONS_V1,SCARCITY_MEMORY_OF_LACK_CONFLICT,SCARCITY,RECIPROCAL,SITUATIONAL,NEUTRAL,CENTRALIZED,SINGLE_ENTITY,PLANNED,ANCESTRAL,ELECTION,TO_THE_POINT,COMPOSED,PESSIMISTIC,JUST_ENOUGH,
PERSONALITY_PROFILE_DIMENSIONS_V1,SCARCITY_METABOLIC_SLOWING_EXPRESSION,SCARCITY,RECIPROCAL,SITUATIONAL,NEUTRAL,CENTRALIZED,SINGLE_ENTITY,PLANNED,ANCESTRAL,ELECTION,TO_THE_POINT,COMPOSED,PESSIMISTIC,JUST_ENOUGH,
PERSONALITY_PROFILE_DIMENSIONS_V1,SECRECY_MASK_WITHIN_MASK_CONFLICT,SECRECY,SELFISH,SOLO,NEUTRAL,DELEGATED,SINGLE_ENTITY,MARKET,ANCESTRAL,ELECTION,TO_THE_POINT,COMPOSED,NEUTRAL,WITHHOLDING,
PERSONALITY_PROFILE_DIMENSIONS_V1,SECRECY_PERSECUTION_SECRECY_WOUND,SECRECY,SELFISH,SOLO,NEUTRAL,DELEGATED,SINGLE_ENTITY,MARKET,ANCESTRAL,ELECTION,TO_THE_POINT,COMPOSED,PESSIMISTIC,WITHHOLDING,outlookOrientation
PERSONALITY_PROFILE_DIMENSIONS_V1,SECRECY_ROUTE_SECRECY_EXPRESSION,SECRECY,SELFISH,SOLO,NEUTRAL,DELEGATED,SINGLE_ENTITY,MARKET,ANCESTRAL,ELECTION,TO_THE_POINT,COMPOSED,NEUTRAL,WITHHOLDING,
PERSONALITY_PROFILE_DIMENSIONS_V1,SECRECY_SECRET_INSTITUTION_WOUND,SECRECY,SELFISH,SOLO,NEUTRAL,DELEGATED,SINGLE_ENTITY,MARKET,ANCESTRAL,ELECTION,TO_THE_POINT,COMPOSED,NEUTRAL,WITHHOLDING,
PERSONALITY_PROFILE_DIMENSIONS_V1,SELF_KNOWLEDGE_EXTERNALLY_DEFINED_WOUND,SELF_KNOWLEDGE,SELFISH,SOLO,NEUTRAL,DELEGATED,SINGLE_ENTITY,MARKET,ANCESTRAL,ELECTION,TALKATIVE,COMPOSED,OPTIMISTIC,WITHHOLDING,
PERSONALITY_PROFILE_DIMENSIONS_V1,SELF_KNOWLEDGE_GASLIGHTING_WOUND,SELF_KNOWLEDGE,SELFISH,SOLO,NEUTRAL,DELEGATED,SINGLE_ENTITY,MARKET,ANCESTRAL,ELECTION,TALKATIVE,COMPOSED,OPTIMISTIC,WITHHOLDING,
PERSONALITY_PROFILE_DIMENSIONS_V1,SELF_KNOWLEDGE_MIRROR_RECOGNITION_EXPRESSION,SELF_KNOWLEDGE,SELFISH,SOLO,NEUTRAL,DELEGATED,SINGLE_ENTITY,MARKET,ANCESTRAL,ELECTION,TALKATIVE,COMPOSED,OPTIMISTIC,WITHHOLDING,
PERSONALITY_PROFILE_DIMENSIONS_V1,SELF_KNOWLEDGE_SPLIT_SOUL_CONFLICT,SELF_KNOWLEDGE,SELFISH,SOLO,NEUTRAL,DELEGATED,SINGLE_ENTITY,MARKET,ANCESTRAL,ELECTION,TALKATIVE,COMPOSED,OPTIMISTIC,WITHHOLDING,
PERSONALITY_PROFILE_DIMENSIONS_V1,SELF_KNOWLEDGE_STATE_AWARENESS_EXPRESSION,SELF_KNOWLEDGE,SELFISH,SOLO,NEUTRAL,DELEGATED,SINGLE_ENTITY,MARKET,ANCESTRAL,ELECTION,TALKATIVE,COMPOSED,OPTIMISTIC,WITHHOLDING,
PERSONALITY_PROFILE_DIMENSIONS_V1,SELF_REGARD_FLAW_REVELATION_CONFLICT,SELF_REGARD,SELFISH,SOLO,NEUTRAL,DELEGATED,SINGLE_ENTITY,MARKET,ANCESTRAL,ELECTION,TALKATIVE,JOYFUL,NEUTRAL,WITHHOLDING,
PERSONALITY_PROFILE_DIMENSIONS_V1,SELF_REGARD_INVULNERABILITY_DISPLAY_EXPRESSION,SELF_REGARD,SELFISH,SOLO,NEUTRAL,DELEGATED,SINGLE_ENTITY,MARKET,ANCESTRAL,ELECTION,TALKATIVE,JOYFUL,OPTIMISTIC,WITHHOLDING,outlookOrientation
PERSONALITY_PROFILE_DIMENSIONS_V1,SELF_REGARD_OVERCOMPENSATION_WOUND,SELF_REGARD,SELFISH,SOLO,NEUTRAL,DELEGATED,SINGLE_ENTITY,MARKET,ANCESTRAL,ELECTION,TALKATIVE,JOYFUL,NEUTRAL,WITHHOLDING,
PERSONALITY_PROFILE_DIMENSIONS_V1,SELF_REGARD_RANK_DISPLAY_EXPRESSION,SELF_REGARD,SELFISH,SOLO,NEUTRAL,DELEGATED,SINGLE_ENTITY,MARKET,ANCESTRAL,ELECTION,TALKATIVE,JOYFUL,OPTIMISTIC,WITHHOLDING,outlookOrientation
PERSONALITY_PROFILE_DIMENSIONS_V1,SELF_REGARD_SHAME_BOUND_FORM_CONFLICT,SELF_REGARD,SELFISH,SOLO,NEUTRAL,DELEGATED,SINGLE_ENTITY,MARKET,ANCESTRAL,ELECTION,TALKATIVE,JOYFUL,NEUTRAL,WITHHOLDING,
PERSONALITY_PROFILE_DIMENSIONS_V1,SELF_REGARD_UNADVERTISED_ASSURANCE_EXPRESSION,SELF_REGARD,SELFISH,SOLO,NEUTRAL,DELEGATED,SINGLE_ENTITY,MARKET,ANCESTRAL,ELECTION,TALKATIVE,JOYFUL,NEUTRAL,WITHHOLDING,
PERSONALITY_PROFILE_DIMENSIONS_V1,STATUS_CASTE_HUMILIATION_WOUND,STATUS,RECIPROCAL,TEAMWORK,ORDERED,CENTRALIZED,SHARED_TITLE,MARKET,ANCESTRAL,ELECTION,TALKATIVE,JOYFUL,NEUTRAL,JUST_ENOUGH,
PERSONALITY_PROFILE_DIMENSIONS_V1,STATUS_FALLEN_DIVINITY_CONFLICT,STATUS,RECIPROCAL,TEAMWORK,ORDERED,CENTRALIZED,SHARED_TITLE,MARKET,ANCESTRAL,ELECTION,TALKATIVE,JOYFUL,NEUTRAL,JUST_ENOUGH,
PERSONALITY_PROFILE_DIMENSIONS_V1,STATUS_ORNAMENT_RANK_EXPRESSION,STATUS,RECIPROCAL,TEAMWORK,ORDERED,CENTRALIZED,SHARED_TITLE,MARKET,ANCESTRAL,ELECTION,TALKATIVE,JOYFUL,NEUTRAL,JUST_ENOUGH,
PERSONALITY_PROFILE_DIMENSIONS_V1,STATUS_RACIALIZED_RANK_WOUND,STATUS,RECIPROCAL,TEAMWORK,ORDERED,CENTRALIZED,SHARED_TITLE,MARKET,ANCESTRAL,ELECTION,TALKATIVE,JOYFUL,NEUTRAL,JUST_ENOUGH,
PERSONALITY_PROFILE_DIMENSIONS_V1,STATUS_VICTORY_RANK_EXPRESSION,STATUS,RECIPROCAL,TEAMWORK,ORDERED,CENTRALIZED,SHARED_TITLE,MARKET,ANCESTRAL,ELECTION,TALKATIVE,JOYFUL,NEUTRAL,JUST_ENOUGH,
PERSONALITY_PROFILE_DIMENSIONS_V1,STEWARDSHIP_EXTRACTION_WOUND,STEWARDSHIP,ALTRUISTIC,TEAMWORK,ORDERED,DELEGATED,COMMON_USE,PLANNED,CHARTERED,APPOINTMENT,LIGHT_BANTER,JOYFUL,PESSIMISTIC,HELPFUL,outlookOrientation
PERSONALITY_PROFILE_DIMENSIONS_V1,STEWARDSHIP_FUTURE_SIGHT_CONFLICT,STEWARDSHIP,ALTRUISTIC,TEAMWORK,ORDERED,DELEGATED,COMMON_USE,PLANNED,CHARTERED,APPOINTMENT,LIGHT_BANTER,JOYFUL,OPTIMISTIC,HELPFUL,
PERSONALITY_PROFILE_DIMENSIONS_V1,STEWARDSHIP_GUARDIAN_OWNER_CONFLICT,STEWARDSHIP,ALTRUISTIC,TEAMWORK,ORDERED,DELEGATED,COMMON_USE,PLANNED,CHARTERED,APPOINTMENT,LIGHT_BANTER,JOYFUL,OPTIMISTIC,HELPFUL,
PERSONALITY_PROFILE_DIMENSIONS_V1,STEWARDSHIP_HABITAT_ENGINEERING_EXPRESSION,STEWARDSHIP,ALTRUISTIC,TEAMWORK,ORDERED,DELEGATED,COMMON_USE,PLANNED,CHARTERED,APPOINTMENT,LIGHT_BANTER,JOYFUL,OPTIMISTIC,HELPFUL,
PERSONALITY_PROFILE_DIMENSIONS_V1,STEWARDSHIP_LIVING_SYSTEM_CONFLICT,STEWARDSHIP,ALTRUISTIC,TEAMWORK,ORDERED,DELEGATED,COMMON_USE,PLANNED,CHARTERED,APPOINTMENT,LIGHT_BANTER,JOYFUL,OPTIMISTIC,HELPFUL,
PERSONALITY_PROFILE_DIMENSIONS_V1,STEWARDSHIP_REALM_KEEPER_CONFLICT,STEWARDSHIP,ALTRUISTIC,TEAMWORK,ORDERED,DELEGATED,COMMON_USE,PLANNED,CHARTERED,APPOINTMENT,LIGHT_BANTER,JOYFUL,OPTIMISTIC,HELPFUL,
PERSONALITY_PROFILE_DIMENSIONS_V1,STEWARDSHIP_SEED_DISPERSAL_EXPRESSION,STEWARDSHIP,ALTRUISTIC,TEAMWORK,ORDERED,DELEGATED,COMMON_USE,PLANNED,CHARTERED,APPOINTMENT,LIGHT_BANTER,JOYFUL,OPTIMISTIC,HELPFUL,
PERSONALITY_PROFILE_DIMENSIONS_V1,STEWARDSHIP_WASTE_RECYCLING_EXPRESSION,STEWARDSHIP,ALTRUISTIC,TEAMWORK,ORDERED,DELEGATED,COMMON_USE,PLANNED,CHARTERED,APPOINTMENT,LIGHT_BANTER,JOYFUL,OPTIMISTIC,HELPFUL,
PERSONALITY_PROFILE_DIMENSIONS_V1,TRADITION_APPROPRIATION_WOUND,TRADITION,ALTRUISTIC,TEAMWORK,ORDERED,CENTRALIZED,COMMON_USE,PLANNED,CHARTERED,APPOINTMENT,LIGHT_BANTER,COMPOSED,NEUTRAL,HELPFUL,
PERSONALITY_PROFILE_DIMENSIONS_V1,TRADITION_FORAGING_TRADITION_EXPRESSION,TRADITION,ALTRUISTIC,TEAMWORK,ORDERED,CENTRALIZED,COMMON_USE,PLANNED,CHARTERED,APPOINTMENT,LIGHT_BANTER,COMPOSED,NEUTRAL,HELPFUL,
PERSONALITY_PROFILE_DIMENSIONS_V1,TRADITION_FOUNDER_SHADOW_CONFLICT,TRADITION,ALTRUISTIC,TEAMWORK,ORDERED,CENTRALIZED,COMMON_USE,PLANNED,CHARTERED,APPOINTMENT,LIGHT_BANTER,COMPOSED,NEUTRAL,HELPFUL,
PERSONALITY_PROFILE_DIMENSIONS_V1,TRUST_ALARM_RELIABILITY_EXPRESSION,TRUST,RECIPROCAL,TEAMWORK,NEUTRAL,DELEGATED,SHARED_TITLE,CUSTOMARY,ANCESTRAL,ELECTION,TALKATIVE,JOYFUL,OPTIMISTIC,HELPFUL,
PERSONALITY_PROFILE_DIMENSIONS_V1,TRUST_COMPULSION_DOUBT_CONFLICT,TRUST,RECIPROCAL,TEAMWORK,NEUTRAL,DELEGATED,SHARED_TITLE,CUSTOMARY,ANCESTRAL,ELECTION,TALKATIVE,JOYFUL,OPTIMISTIC,HELPFUL,
PERSONALITY_PROFILE_DIMENSIONS_V1,TRUST_FRAUD_AND_EXTRACTION_WOUND,TRUST,RECIPROCAL,TEAMWORK,NEUTRAL,DELEGATED,SHARED_TITLE,CUSTOMARY,ANCESTRAL,ELECTION,TALKATIVE,JOYFUL,PESSIMISTIC,HELPFUL,outlookOrientation
PERSONALITY_PROFILE_DIMENSIONS_V1,TRUST_TRUST_BY_PROXIMITY_EXPRESSION,TRUST,RECIPROCAL,TEAMWORK,NEUTRAL,DELEGATED,SHARED_TITLE,CUSTOMARY,ANCESTRAL,ELECTION,TALKATIVE,JOYFUL,OPTIMISTIC,HELPFUL,
PERSONALITY_PROFILE_DIMENSIONS_V1,TRUTH_CAMOUFLAGE_EXPRESSION,TRUTH,RECIPROCAL,SITUATIONAL,NEUTRAL,DELEGATED,SHARED_TITLE,CUSTOMARY,CHARTERED,ELECTION,TO_THE_POINT,JOYFUL,OPTIMISTIC,JUST_ENOUGH,loquacity
PERSONALITY_PROFILE_DIMENSIONS_V1,TRUTH_GLAMOUR_DEPENDENCE_CONFLICT,TRUTH,RECIPROCAL,SITUATIONAL,NEUTRAL,DELEGATED,SHARED_TITLE,CUSTOMARY,CHARTERED,ELECTION,TALKATIVE,JOYFUL,OPTIMISTIC,JUST_ENOUGH,
PERSONALITY_PROFILE_DIMENSIONS_V1,TRUTH_HONEST_SIGNAL_EXPRESSION,TRUTH,RECIPROCAL,SITUATIONAL,NEUTRAL,DELEGATED,SHARED_TITLE,CUSTOMARY,CHARTERED,ELECTION,TALKATIVE,JOYFUL,OPTIMISTIC,JUST_ENOUGH,
PERSONALITY_PROFILE_DIMENSIONS_V1,TRUTH_LIVING_LIE_CONFLICT,TRUTH,RECIPROCAL,SITUATIONAL,NEUTRAL,DELEGATED,SHARED_TITLE,CUSTOMARY,CHARTERED,ELECTION,TALKATIVE,JOYFUL,OPTIMISTIC,JUST_ENOUGH,
PERSONALITY_PROFILE_DIMENSIONS_V1,TRUTH_MIMICRY_EXPRESSION,TRUTH,RECIPROCAL,SITUATIONAL,NEUTRAL,DELEGATED,SHARED_TITLE,CUSTOMARY,CHARTERED,ELECTION,TALKATIVE,JOYFUL,OPTIMISTIC,JUST_ENOUGH,
PERSONALITY_PROFILE_DIMENSIONS_V1,TRUTH_OFFICIAL_DENIAL_WOUND,TRUTH,RECIPROCAL,SITUATIONAL,NEUTRAL,DELEGATED,SHARED_TITLE,CUSTOMARY,CHARTERED,ELECTION,TALKATIVE,JOYFUL,OPTIMISTIC,JUST_ENOUGH,
PERSONALITY_PROFILE_DIMENSIONS_V1,TRUTH_PROPAGANDA_WOUND,TRUTH,RECIPROCAL,SITUATIONAL,NEUTRAL,DELEGATED,SHARED_TITLE,CUSTOMARY,CHARTERED,ELECTION,TALKATIVE,JOYFUL,OPTIMISTIC,JUST_ENOUGH,
PERSONALITY_PROFILE_DIMENSIONS_V1,VENGEANCE_BLOOD_FEUD_WOUND,VENGEANCE,SELFISH,SOLO,ORDERED,DELEGATED,SHARED_TITLE,CUSTOMARY,MARTIAL,ELECTION,TO_THE_POINT,IRRITABLE,PESSIMISTIC,JUST_ENOUGH,
PERSONALITY_PROFILE_DIMENSIONS_V1,VENGEANCE_DELAYED_RETALIATION_EXPRESSION,VENGEANCE,SELFISH,SOLO,ORDERED,DELEGATED,SHARED_TITLE,CUSTOMARY,MARTIAL,ELECTION,TO_THE_POINT,IRRITABLE,PESSIMISTIC,JUST_ENOUGH,
PERSONALITY_PROFILE_DIMENSIONS_V1,VENGEANCE_MEMORY_PERFECT_CONFLICT,VENGEANCE,SELFISH,SOLO,ORDERED,DELEGATED,SHARED_TITLE,CUSTOMARY,MARTIAL,ELECTION,TO_THE_POINT,IRRITABLE,PESSIMISTIC,JUST_ENOUGH,
PERSONALITY_PROFILE_DIMENSIONS_V1,VENGEANCE_WRONG_TARGET_CONFLICT,VENGEANCE,SELFISH,SOLO,ORDERED,DELEGATED,SHARED_TITLE,CUSTOMARY,MARTIAL,ELECTION,TO_THE_POINT,IRRITABLE,PESSIMISTIC,JUST_ENOUGH,
