siteId,currentSiteName,nameStatus,classification,attractivenessClass,attractivenessTier,latitude,longitude,regionId,regionName,continent,surfaceType,biomeClass,broadTerrain,specificTerrain,elevationM,coastalDistanceKm,riverDistanceKm,wetlandDistanceKm,ridgeDistanceKm,hostFeatureId,poiCount,poiIds,poiTypes,poiCurrentLabels,poiSummary,namingContext,proposedSiteName,proposedPronunciation,siteNamingNotes
SITE-001,Anseris,CANONICAL,METROPOLIS,METROPOLIS,7,81.375,-106.375,R01,Icewake,Northwestern,COASTAL_LAND,TUNDRA_COOL_STEPPE,BUILT_ENVIRONMENT | COASTAL | GENERALIST | GRASSLAND | OCEAN | POLAR_ICE | SUBTERRANEAN,BOREAL_FOREST | CASTLE | CITY | ESTUARY | GENERALIST | ROAD | TUNDRA | VILLAGE | WORKSHOP,539.5,27.8,666.7,2419.7,343.4,,0,,,,,Region: Icewake || Continent: Northwestern || Class: Metropolis || Biome: Tundra Cool Steppe || Broad: BUILT_ENVIRONMENT | COASTAL | GENERALIST | GRASSLAND | OCEAN | POLAR_ICE | SUBTERRANEAN || Specific: BOREAL_FOREST | CASTLE | CITY | ESTUARY | GENERALIST | ROAD | TUNDRA | VILLAGE | WORKSHOP,,,
SITE-002,,WORKING,CITY,PRIME,6,71.471175,-84.328579,R01,Icewake,Northwestern,ICE,ICE_SNOW_GLACIER,POLAR_ICE,GLACIER | PACK_ICE,119.7,186.5,1535.6,1477.8,2315.3,,0,,,,,Region: Icewake || Continent: Northwestern || Class: City || Biome: Ice Snow Glacier || Broad: POLAR_ICE || Specific: GLACIER | PACK_ICE,,,
SITE-003,,WORKING,TOWN,MAJOR,5,57.074054,-67.257679,R01,Icewake,Northwestern,COASTAL_LAND,GRASSLAND_STEPPE,COASTAL | GRASSLAND,ESTUARY | STEPPE,37.6,20.9,674.8,1131.4,2817.9,,0,,,,,Region: Icewake || Continent: Northwestern || Class: Town || Biome: Grassland Steppe || Broad: COASTAL | GRASSLAND || Specific: ESTUARY | STEPPE,,,
SITE-004,,WORKING,VILLAGE,STRONG,4,55.653895,-99.139383,R01,Icewake,Northwestern,LAND,TEMPERATE_DENSE_FOREST,FOREST | FRESHWATER,FLOODPLAIN | FOREST_FLOOR | RIVER | WOODLAND,89.6,209.2,9.5,1071.7,683.6,,1,POI-042,RIVER,Northeast Wetland Feeder River,POI-042 [RIVER] Northeast Wetland Feeder River,Region: Icewake || Continent: Northwestern || Class: Village || Biome: Temperate Dense Forest || Broad: FOREST | FRESHWATER || Specific: FLOODPLAIN | FOREST_FLOOR | RIVER | WOODLAND || POIs: POI-042 [RIVER] Northeast Wetland Feeder River,,,
SITE-005,,WORKING,HAMLET,GOOD,3,61.654944,-84.223023,R01,Icewake,Northwestern,LAND,TUNDRA_COOL_STEPPE,GRASSLAND | POLAR_ICE,BOREAL_FOREST | TUNDRA,258.1,248.8,1350.5,974.6,2170.4,,0,,,,,Region: Icewake || Continent: Northwestern || Class: Hamlet || Biome: Tundra Cool Steppe || Broad: GRASSLAND | POLAR_ICE || Specific: BOREAL_FOREST | TUNDRA,,,
SITE-006,,WORKING,HAMLET,MODEST,2,63.215475,-105.570324,R01,Icewake,Northwestern,COASTAL_LAND,ALPINE_MOUNTAIN,COASTAL | MOUNTAIN,ALPINE | CLIFF | ESTUARY,2090.1,34.2,242.8,1865.4,225.4,,0,,,,,Region: Icewake || Continent: Northwestern || Class: Hamlet || Biome: Alpine Mountain || Broad: COASTAL | MOUNTAIN || Specific: ALPINE | CLIFF | ESTUARY,,,
SITE-007,,WORKING,HAMLET,FRONTIER,1,70.659302,-107.468519,R01,Icewake,Northwestern,COASTAL_LAND,ICE_SNOW_GLACIER,COASTAL | MOUNTAIN | POLAR_ICE,ALPINE | CLIFF | ESTUARY | GLACIER | PACK_ICE,2215.6,21.3,478.7,2249.2,197.2,,2,POI-068 | POI-086,GLACIER | PLATEAU,Northern Crown Glacier | Northern Glacial Upland,POI-068 [GLACIER] Northern Crown Glacier; POI-086 [PLATEAU] Northern Glacial Upland,Region: Icewake || Continent: Northwestern || Class: Hamlet || Biome: Ice Snow Glacier || Broad: COASTAL | MOUNTAIN | POLAR_ICE || Specific: ALPINE | CLIFF | ESTUARY | GLACIER | PACK_ICE || POIs: POI-068 [GLACIER] Northern Crown Glacier; POI-086 [PLATEAU] Northern Glacial Upland,,,
SITE-008,Lupin-Ghar,CANONICAL,METROPOLIS,METROPOLIS,7,64.028474,-157.391045,R02,Timbersteppe,Northwestern,LAND,TEMPERATE_DENSE_FOREST,BUILT_ENVIRONMENT | FOREST | GENERALIST,CASTLE | CITY | FOREST_FLOOR | GENERALIST | ROAD | VILLAGE | WOODLAND | WORKSHOP,97.0,55.6,4993.0,6576.8,671.7,,0,,,,,Region: Timbersteppe || Continent: Northwestern || Class: Metropolis || Biome: Temperate Dense Forest || Broad: BUILT_ENVIRONMENT | FOREST | GENERALIST || Specific: CASTLE | CITY | FOREST_FLOOR | GENERALIST | ROAD | VILLAGE | WOODLAND | WORKSHOP,,,
SITE-009,,WORKING,CITY,PRIME,6,41.773021,-127.632047,R02,Timbersteppe,Northwestern,COASTAL_LAND,GRASSLAND_STEPPE,COASTAL | GRASSLAND,ESTUARY | STEPPE,530.6,1.1,2108.7,3522.9,833.6,,1,POI-058,GRASSLAND,Westwind Grasslands,POI-058 [GRASSLAND] Westwind Grasslands,Region: Timbersteppe || Continent: Northwestern || Class: City || Biome: Grassland Steppe || Broad: COASTAL | GRASSLAND || Specific: ESTUARY | STEPPE || POIs: POI-058 [GRASSLAND] Westwind Grasslands,,,
SITE-010,,WORKING,TOWN,MAJOR,5,50.418524,-156.546896,R02,Timbersteppe,Northwestern,COASTAL_LAND,TEMPERATE_DENSE_FOREST,COASTAL | FOREST,ESTUARY | FOREST_FLOOR | WOODLAND,42.0,33.1,4800.3,6375.5,1101.4,,0,,,,,Region: Timbersteppe || Continent: Northwestern || Class: Town || Biome: Temperate Dense Forest || Broad: COASTAL | FOREST || Specific: ESTUARY | FOREST_FLOOR | WOODLAND,,,
SITE-011,,WORKING,VILLAGE,STRONG,4,40.239529,-143.525654,R02,Timbersteppe,Northwestern,LAND,SHADOW_FOREST,FOREST,FOREST_FLOOR | SHADOW_FOREST,82.1,97.0,3634.3,5041.5,1521.9,,0,,,,,Region: Timbersteppe || Continent: Northwestern || Class: Village || Biome: Shadow Forest || Broad: FOREST || Specific: FOREST_FLOOR | SHADOW_FOREST,,,
SITE-012,,WORKING,HAMLET,GOOD,3,54.101261,-129.772159,R02,Timbersteppe,Northwestern,COASTAL_LAND,ALPINE_MOUNTAIN,COASTAL | MOUNTAIN,ALPINE | ESTUARY | PLATEAU,3704.3,0.4,2251.0,3840.2,73.4,,2,POI-035 | POI-076,HEATHERLANDS | HILLS,Western Heatherlands | Western Heather Hills,POI-035 [HEATHERLANDS] Western Heatherlands; POI-076 [HILLS] Western Heather Hills,Region: Timbersteppe || Continent: Northwestern || Class: Hamlet || Biome: Alpine Mountain || Broad: COASTAL | MOUNTAIN || Specific: ALPINE | ESTUARY | PLATEAU || POIs: POI-035 [HEATHERLANDS] Western Heatherlands; POI-076 [HILLS] Western Heather Hills,,,
SITE-013,,WORKING,HAMLET,MODEST,2,65.233482,-120.91688,R02,Timbersteppe,Northwestern,LAND,TUNDRA_COOL_STEPPE,GRASSLAND | POLAR_ICE,BOREAL_FOREST | TUNDRA,641.7,43.3,1696.5,3207.6,1062.1,,0,,,,,Region: Timbersteppe || Continent: Northwestern || Class: Hamlet || Biome: Tundra Cool Steppe || Broad: GRASSLAND | POLAR_ICE || Specific: BOREAL_FOREST | TUNDRA,,,
SITE-014,,WORKING,HAMLET,FRONTIER,1,76.98077,-124.200159,R02,Timbersteppe,Northwestern,COASTAL_LAND,ICE_SNOW_GLACIER,COASTAL | POLAR_ICE,ESTUARY | GLACIER | PACK_ICE,102.0,0.7,2072.6,3706.5,1314.8,,0,,,,,Region: Timbersteppe || Continent: Northwestern || Class: Hamlet || Biome: Ice Snow Glacier || Broad: COASTAL | POLAR_ICE || Specific: ESTUARY | GLACIER | PACK_ICE,,,
SITE-015,High Torven,CANONICAL,METROPOLIS,METROPOLIS,7,45.138154,-106.720397,R03,Highsteppe,Northwestern,LAND,GRASSLAND_STEPPE,BUILT_ENVIRONMENT | GENERALIST | GRASSLAND,CASTLE | CITY | GENERALIST | ROAD | STEPPE | VILLAGE | WORKSHOP,1698.4,3018.4,73.9,1546.6,293.9,,1,POI-050,FOREST,Northwestern Greatwood,POI-050 [FOREST] Northwestern Greatwood,Region: Highsteppe || Continent: Northwestern || Class: Metropolis || Biome: Grassland Steppe || Broad: BUILT_ENVIRONMENT | GENERALIST | GRASSLAND || Specific: CASTLE | CITY | GENERALIST | ROAD | STEPPE | VILLAGE | WORKSHOP || POIs: POI-050 [FOREST] Northwestern Greatwood,,,
SITE-016,,WORKING,CITY,PRIME,6,67.002817,-111.030264,R03,Highsteppe,Northwestern,ICE,ICE_SNOW_GLACIER,MOUNTAIN | POLAR_ICE,ALPINE | CLIFF | GLACIER | PACK_ICE,2233.3,987.2,748.6,2412.2,166.1,,1,POI-020,PEAK,Central Spine Peak,POI-020 [PEAK] Central Spine Peak,Region: Highsteppe || Continent: Northwestern || Class: City || Biome: Ice Snow Glacier || Broad: MOUNTAIN | POLAR_ICE || Specific: ALPINE | CLIFF | GLACIER | PACK_ICE || POIs: POI-020 [PEAK] Central Spine Peak,,,
SITE-017,,WORKING,TOWN,MAJOR,5,41.016237,-128.410344,R03,Highsteppe,Northwestern,COASTAL_LAND,GRASSLAND_STEPPE,COASTAL | GRASSLAND,ESTUARY | STEPPE,475.2,6.7,2198.8,3590.9,929.2,,2,POI-003 | POI-063,HEATHERLANDS | HILLS,Rainbow Heatherland Heart | Heather Hills,POI-003 [HEATHERLANDS] Rainbow Heatherland Heart; POI-063 [HILLS] Heather Hills,Region: Highsteppe || Continent: Northwestern || Class: Town || Biome: Grassland Steppe || Broad: COASTAL | GRASSLAND || Specific: ESTUARY | STEPPE || POIs: POI-003 [HEATHERLANDS] Rainbow Heatherland Heart; POI-063 [HILLS] Heather Hills,,,
SITE-018,,WORKING,VILLAGE,STRONG,4,52.935911,-128.825428,R03,Highsteppe,Northwestern,COASTAL_LAND,ALPINE_MOUNTAIN,COASTAL | MOUNTAIN,ALPINE | ESTUARY | MONTANE_FOREST | PLATEAU,4050.3,8.2,2146.6,3737.9,24.3,,0,,,,,Region: Highsteppe || Continent: Northwestern || Class: Village || Biome: Alpine Mountain || Broad: COASTAL | MOUNTAIN || Specific: ALPINE | ESTUARY | MONTANE_FOREST | PLATEAU,,,
SITE-019,,WORKING,HAMLET,GOOD,3,36.276413,-111.315626,R03,Highsteppe,Northwestern,LAND,TEMPERATE_DENSE_FOREST,FOREST,FOREST_FLOOR | WOODLAND,893.4,60.6,669.1,1935.6,994.1,,0,,,,,Region: Highsteppe || Continent: Northwestern || Class: Hamlet || Biome: Temperate Dense Forest || Broad: FOREST || Specific: FOREST_FLOOR | WOODLAND,,,
SITE-020,,WORKING,HAMLET,MODEST,2,31.231603,-121.011345,R03,Highsteppe,Northwestern,LAND,SHADOW_FOREST,FOREST,FOREST_FLOOR | SHADOW_FOREST,399.4,60.1,1691.8,2949.3,1600.4,,0,,,,,Region: Highsteppe || Continent: Northwestern || Class: Hamlet || Biome: Shadow Forest || Broad: FOREST || Specific: FOREST_FLOOR | SHADOW_FOREST,,,
SITE-021,,WORKING,HAMLET,FRONTIER,1,78.191384,-117.845511,R03,Highsteppe,Northwestern,COASTAL_LAND,ICE_SNOW_GLACIER,COASTAL | POLAR_ICE,ESTUARY | GLACIER | PACK_ICE,675.5,5.6,1495.6,3198.6,700.8,,1,POI-019,PEAK,High North Peak,POI-019 [PEAK] High North Peak,Region: Highsteppe || Continent: Northwestern || Class: Hamlet || Biome: Ice Snow Glacier || Broad: COASTAL | POLAR_ICE || Specific: ESTUARY | GLACIER | PACK_ICE || POIs: POI-019 [PEAK] High North Peak,,,
SITE-022,Suro Mara,CANONICAL,METROPOLIS,METROPOLIS,7,46.595012,-94.855377,R04,Rivergrass,Northwestern,LAND,GRASSLAND_STEPPE,BUILT_ENVIRONMENT | GENERALIST | GRASSLAND,CASTLE | CITY | GENERALIST | ROAD | STEPPE | VILLAGE | WORKSHOP,1096.5,2493.5,177.4,422.0,842.5,,0,,,,,Region: Rivergrass || Continent: Northwestern || Class: Metropolis || Biome: Grassland Steppe || Broad: BUILT_ENVIRONMENT | GENERALIST | GRASSLAND || Specific: CASTLE | CITY | GENERALIST | ROAD | STEPPE | VILLAGE | WORKSHOP,,,
SITE-023,,WORKING,CITY,PRIME,6,37.008632,-78.751768,R04,Rivergrass,Northwestern,LAKE,WETLAND_DELTA,FRESHWATER | WETLAND,FLOODPLAIN | LAKE | MARSH | POND | SWAMP,,2589.6,701.0,0.0,755.9,WATERBODY-0002,2,POI-040 | POI-077,LAKE | WETLAND,Northwestern Great Lake | Northwestern Reedlands,POI-040 [LAKE] Northwestern Great Lake; POI-077 [WETLAND] Northwestern Reedlands,Region: Rivergrass || Continent: Northwestern || Class: City || Biome: Wetland Delta || Broad: FRESHWATER | WETLAND || Specific: FLOODPLAIN | LAKE | MARSH | POND | SWAMP || POIs: POI-040 [LAKE] Northwestern Great Lake; POI-077 [WETLAND] Northwestern Reedlands,,,
SITE-024,,WORKING,TOWN,MAJOR,5,47.269244,-79.454228,R04,Rivergrass,Northwestern,WETLAND,WETLAND_DELTA,WETLAND,FLOODPLAIN | MARSH | SWAMP,126.5,403.7,261.8,0.0,1564.7,,0,,,,,Region: Rivergrass || Continent: Northwestern || Class: Town || Biome: Wetland Delta || Broad: WETLAND || Specific: FLOODPLAIN | MARSH | SWAMP,,,
SITE-025,,WORKING,VILLAGE,STRONG,4,37.02695,-47.935195,R04,Rivergrass,Northwestern,LAND,GRASSLAND_STEPPE,GRASSLAND,STEPPE,53.1,43.4,1389.2,2133.4,3063.7,,0,,,,,Region: Rivergrass || Continent: Northwestern || Class: Village || Biome: Grassland Steppe || Broad: GRASSLAND || Specific: STEPPE,,,
SITE-026,,WORKING,HAMLET,GOOD,3,50.950665,-61.241933,R04,Rivergrass,Northwestern,LAND,TEMPERATE_DENSE_FOREST,FOREST | FRESHWATER,FLOODPLAIN | FOREST_FLOOR | RIVER | WOODLAND,67.0,80.4,28.4,1069.5,2803.1,,1,POI-043,RIVER,Eastern Wetland Outflow,POI-043 [RIVER] Eastern Wetland Outflow,Region: Rivergrass || Continent: Northwestern || Class: Hamlet || Biome: Temperate Dense Forest || Broad: FOREST | FRESHWATER || Specific: FLOODPLAIN | FOREST_FLOOR | RIVER | WOODLAND || POIs: POI-043 [RIVER] Eastern Wetland Outflow,,,
SITE-027,,WORKING,HAMLET,MODEST,2,30.91927,-95.171737,R04,Rivergrass,Northwestern,COASTAL_LAND,SHADOW_FOREST,COASTAL | FOREST,ESTUARY | FOREST_FLOOR | SHADOW_FOREST,1702.1,14.9,744.7,763.6,287.4,,2,POI-044 | POI-070,RIVER | RAPIDS,Waterfall River | Waterfall River Rapids,POI-044 [RIVER] Waterfall River; POI-070 [RAPIDS] Waterfall River Rapids,Region: Rivergrass || Continent: Northwestern || Class: Hamlet || Biome: Shadow Forest || Broad: COASTAL | FOREST || Specific: ESTUARY | FOREST_FLOOR | SHADOW_FOREST || POIs: POI-044 [RIVER] Waterfall River; POI-070 [RAPIDS] Waterfall River Rapids,,,
SITE-028,,WORKING,HAMLET,FRONTIER,1,58.522775,-106.093649,R04,Rivergrass,Northwestern,COASTAL_LAND,ALPINE_MOUNTAIN,COASTAL | MOUNTAIN,ALPINE | ESTUARY | PLATEAU,3162.6,9.7,485.3,1743.1,118.7,,1,POI-018,MOUNTAIN_RANGE,Northwestern Spine Range,POI-018 [MOUNTAIN_RANGE] Northwestern Spine Range,Region: Rivergrass || Continent: Northwestern || Class: Hamlet || Biome: Alpine Mountain || Broad: COASTAL | MOUNTAIN || Specific: ALPINE | ESTUARY | PLATEAU || POIs: POI-018 [MOUNTAIN_RANGE] Northwestern Spine Range,,,
SITE-029,Crest Haven,CANONICAL,METROPOLIS,METROPOLIS,7,28.255597,-83.267442,R05,Shadowspine,Northwestern,LAND,TEMPERATE_DENSE_FOREST,BUILT_ENVIRONMENT | FOREST | GENERALIST | MOUNTAIN,ALPINE | CASTLE | CITY | FOREST_FLOOR | GENERALIST | PLATEAU | ROAD | VILLAGE | WOODLAND | WORKSHOP,2067.3,2139.7,1603.9,385.6,257.9,,1,POI-006,GREAT_PIT,Great Pit,POI-006 [GREAT_PIT] Great Pit,Region: Shadowspine || Continent: Northwestern || Class: Metropolis || Biome: Temperate Dense Forest || Broad: BUILT_ENVIRONMENT | FOREST | GENERALIST | MOUNTAIN || Specific: ALPINE | CASTLE | CITY | FOREST_FLOOR | GENERALIST | PLATEAU | ROAD | VILLAGE | WOODLAND | WORKSHOP || POIs: POI-006 [GREAT_PIT] Great Pit,,,
SITE-030,,WORKING,CITY,PRIME,6,37.227563,-137.359388,R05,Shadowspine,Northwestern,COASTAL_LAND,OCEAN,COASTAL,ESTUARY,0.0,7.1,3123.9,4441.7,1596.3,,0,,,,,Region: Shadowspine || Continent: Northwestern || Class: City || Biome: Ocean || Broad: COASTAL || Specific: ESTUARY,,,
SITE-031,,WORKING,TOWN,MAJOR,5,20.941213,-57.870347,R05,Shadowspine,Northwestern,LAND,GRASSLAND_STEPPE,GRASSLAND,FARMLAND | MEADOW | PRAIRIE | SOIL | STEPPE,177.2,334.5,2962.9,1976.7,2081.7,,0,,,,,Region: Shadowspine || Continent: Northwestern || Class: Town || Biome: Grassland Steppe || Broad: GRASSLAND || Specific: FARMLAND | MEADOW | PRAIRIE | SOIL | STEPPE,,,
SITE-032,,WORKING,VILLAGE,STRONG,4,21.654024,-32.893962,R05,Shadowspine,Northwestern,COASTAL_LAND,GRASSLAND_STEPPE,COASTAL | GRASSLAND,ESTUARY | ISLAND | STEPPE,42.6,30.3,3602.8,3907.6,4395.9,,2,POI-080 | POI-089,ISLAND | SEA,Highcourt Isle | Meridian Sea,POI-080 [ISLAND] Highcourt Isle; POI-089 [SEA] Meridian Sea,Region: Shadowspine || Continent: Northwestern || Class: Village || Biome: Grassland Steppe || Broad: COASTAL | GRASSLAND || Specific: ESTUARY | ISLAND | STEPPE || POIs: POI-080 [ISLAND] Highcourt Isle; POI-089 [SEA] Meridian Sea,,,
SITE-033,,WORKING,HAMLET,GOOD,3,19.105889,-103.329428,R05,Shadowspine,Northwestern,LAND,TEMPERATE_DENSE_FOREST,FOREST,FOREST_FLOOR | WOODLAND,565.8,124.2,1205.1,2245.7,1205.5,,0,,,,,Region: Shadowspine || Continent: Northwestern || Class: Hamlet || Biome: Temperate Dense Forest || Broad: FOREST || Specific: FOREST_FLOOR | WOODLAND,,,
SITE-034,,WORKING,HAMLET,MODEST,2,28.055458,-124.220284,R05,Shadowspine,Northwestern,LAND,SHADOW_FOREST,FOREST,FOREST_FLOOR | SHADOW_FOREST,200.8,297.9,2065.2,3345.2,2040.4,,0,,,,,Region: Shadowspine || Continent: Northwestern || Class: Hamlet || Biome: Shadow Forest || Broad: FOREST || Specific: FOREST_FLOOR | SHADOW_FOREST,,,
SITE-035,,WORKING,HAMLET,FRONTIER,1,35.141461,-101.544619,R05,Shadowspine,Northwestern,COASTAL_LAND,ALPINE_MOUNTAIN,COASTAL | MOUNTAIN,ALPINE | ESTUARY | PLATEAU,3202.8,4.4,232.1,1026.1,155.2,,2,POI-001 | POI-021,WATERFALL | PEAK,Visible Major Waterfall | Southern Spine Peak,POI-001 [WATERFALL] Visible Major Waterfall; POI-021 [PEAK] Southern Spine Peak,Region: Shadowspine || Continent: Northwestern || Class: Hamlet || Biome: Alpine Mountain || Broad: COASTAL | MOUNTAIN || Specific: ALPINE | ESTUARY | PLATEAU || POIs: POI-001 [WATERFALL] Visible Major Waterfall; POI-021 [PEAK] Southern Spine Peak,,,
SITE-036,Ascendancy,CANONICAL,METROPOLIS,METROPOLIS,7,20.360822,-32.076454,R06,Highcourt,Northwestern,FLOATING_ISLAND,TEMPERATE_DENSE_FOREST,BUILT_ENVIRONMENT | FOREST | GENERALIST,CASTLE | CITY | FOREST_FLOOR | GENERALIST | ISLAND | ROAD | VILLAGE | WOODLAND | WORKSHOP,33.6,27.8,3774.6,4040.6,4500.3,ISLAND-0002,0,,,,,Region: Highcourt || Continent: Northwestern || Class: Metropolis || Biome: Temperate Dense Forest || Broad: BUILT_ENVIRONMENT | FOREST | GENERALIST || Specific: CASTLE | CITY | FOREST_FLOOR | GENERALIST | ISLAND | ROAD | VILLAGE | WOODLAND | WORKSHOP,,,
SITE-037,,WORKING,CITY,PRIME,6,28.973392,-44.474406,R06,Highcourt,Northwestern,LAND,GRASSLAND_STEPPE,GRASSLAND,STEPPE,190.3,215.9,2314.3,2578.2,3227.3,,0,,,,,Region: Highcourt || Continent: Northwestern || Class: City || Biome: Grassland Steppe || Broad: GRASSLAND || Specific: STEPPE,,,
SITE-038,,WORKING,TOWN,MAJOR,5,19.656237,-76.593417,R06,Highcourt,Northwestern,COASTAL_LAND,SHADOW_FOREST,COASTAL | FOREST,ESTUARY | FOREST_FLOOR | SHADOW_FOREST,622.4,7.7,2645.3,1307.6,939.4,,0,,,,,Region: Highcourt || Continent: Northwestern || Class: Town || Biome: Shadow Forest || Broad: COASTAL | FOREST || Specific: ESTUARY | FOREST_FLOOR | SHADOW_FOREST,,,
SITE-039,,WORKING,VILLAGE,STRONG,4,15.389925,-52.274391,R06,Highcourt,Northwestern,COASTAL_LAND,OCEAN,COASTAL,ESTUARY,0.0,0.8,3727.8,2839.8,2865.4,,0,,,,,Region: Highcourt || Continent: Northwestern || Class: Village || Biome: Ocean || Broad: COASTAL || Specific: ESTUARY,,,
SITE-040,,WORKING,HAMLET,GOOD,3,19.385756,-42.840608,R06,Highcourt,Northwestern,LAND,SHADOW_FOREST,FOREST,FOREST_FLOOR | SHADOW_FOREST,52.9,49.7,3414.2,3182.4,3516.0,,0,,,,,Region: Highcourt || Continent: Northwestern || Class: Hamlet || Biome: Shadow Forest || Broad: FOREST || Specific: FOREST_FLOOR | SHADOW_FOREST,,,
SITE-041,,WORKING,HAMLET,MODEST,2,22.809119,-89.898424,R06,Highcourt,Northwestern,COASTAL_LAND,SHADOW_FOREST,COASTAL | FOREST,ESTUARY | FOREST_FLOOR | SHADOW_FOREST,640.9,24.3,1451.6,1129.4,945.2,,2,POI-036 | POI-051,SHADOW_FOREST | FOREST,Highcourt Shadow Forest | Northwestern Shadowwood,POI-036 [SHADOW_FOREST] Highcourt Shadow Forest; POI-051 [FOREST] Northwestern Shadowwood,Region: Highcourt || Continent: Northwestern || Class: Hamlet || Biome: Shadow Forest || Broad: COASTAL | FOREST || Specific: ESTUARY | FOREST_FLOOR | SHADOW_FOREST || POIs: POI-036 [SHADOW_FOREST] Highcourt Shadow Forest; POI-051 [FOREST] Northwestern Shadowwood,,,
SITE-042,,WORKING,HAMLET,FRONTIER,1,15.553966,-84.93413,R06,Highcourt,Northwestern,COASTAL_LAND,SHADOW_FOREST,COASTAL | FOREST,ESTUARY | FOREST_FLOOR | SHADOW_FOREST,429.3,11.0,2370.3,1893.7,1583.9,,0,,,,,Region: Highcourt || Continent: Northwestern || Class: Hamlet || Biome: Shadow Forest || Broad: COASTAL | FOREST || Specific: ESTUARY | FOREST_FLOOR | SHADOW_FOREST,,,
SITE-043,Sanguin Bay,CANONICAL,METROPOLIS,METROPOLIS,7,3.049856,-75.325975,R07,Duskcanopy,Northwestern,COASTAL_LAND,GRASSLAND_STEPPE,BUILT_ENVIRONMENT | COASTAL | GENERALIST | GRASSLAND,CASTLE | CITY | ESTUARY | GENERALIST | ISLAND | ROAD | STEPPE | VILLAGE | WORKSHOP,41.9,39.3,4155.9,3381.8,1455.9,ISLAND-0011,0,,,,,Region: Duskcanopy || Continent: Northwestern || Class: Metropolis || Biome: Grassland Steppe || Broad: BUILT_ENVIRONMENT | COASTAL | GENERALIST | GRASSLAND || Specific: CASTLE | CITY | ESTUARY | GENERALIST | ISLAND | ROAD | STEPPE | VILLAGE | WORKSHOP,,,
SITE-044,,WORKING,CITY,PRIME,6,20.277945,-92.210754,R07,Duskcanopy,Northwestern,LAND,SHADOW_FOREST,FOREST,FOREST_FLOOR | SHADOW_FOREST,506.9,161.5,1467.8,1490.7,1041.2,,1,POI-002,SHADOW_FOREST,Shadow Forest Heart,POI-002 [SHADOW_FOREST] Shadow Forest Heart,Region: Duskcanopy || Continent: Northwestern || Class: City || Biome: Shadow Forest || Broad: FOREST || Specific: FOREST_FLOOR | SHADOW_FOREST || POIs: POI-002 [SHADOW_FOREST] Shadow Forest Heart,,,
SITE-045,,WORKING,TOWN,MAJOR,5,15.953738,-65.824259,R07,Duskcanopy,Northwestern,LAND,GRASSLAND_STEPPE,GRASSLAND,STEPPE,67.5,46.2,3328.6,2098.3,1806.2,,2,POI-037 | POI-061,STEPPE | PLAINS,Northwestern Long Steppe | Northwestern Longplain,POI-037 [STEPPE] Northwestern Long Steppe; POI-061 [PLAINS] Northwestern Longplain,Region: Duskcanopy || Continent: Northwestern || Class: Town || Biome: Grassland Steppe || Broad: GRASSLAND || Specific: STEPPE || POIs: POI-037 [STEPPE] Northwestern Long Steppe; POI-061 [PLAINS] Northwestern Longplain,,,
SITE-046,,WORKING,VILLAGE,STRONG,4,3.1581,-100.336072,R07,Duskcanopy,Northwestern,COASTAL_LAND,OCEAN,COASTAL,ESTUARY | ISLAND,0.0,4.1,3202.7,3760.9,2333.8,,0,,,,,Region: Duskcanopy || Continent: Northwestern || Class: Village || Biome: Ocean || Broad: COASTAL || Specific: ESTUARY | ISLAND,,,
SITE-047,,WORKING,HAMLET,GOOD,3,7.476951,-88.222526,R07,Duskcanopy,Northwestern,LAND,TEMPERATE_DENSE_FOREST,FOREST,FOREST_FLOOR | WOODLAND,83.9,90.3,2992.3,2943.0,2050.6,,0,,,,,Region: Duskcanopy || Continent: Northwestern || Class: Hamlet || Biome: Temperate Dense Forest || Broad: FOREST || Specific: FOREST_FLOOR | WOODLAND,,,
SITE-048,,WORKING,HAMLET,MODEST,2,14.603792,-78.255325,R07,Duskcanopy,Northwestern,COASTAL_LAND,SHADOW_FOREST,COASTAL | FOREST,ESTUARY | FOREST_FLOOR | SHADOW_FOREST,413.8,23.2,2939.5,1918.9,1548.0,,0,,,,,Region: Duskcanopy || Continent: Northwestern || Class: Hamlet || Biome: Shadow Forest || Broad: COASTAL | FOREST || Specific: ESTUARY | FOREST_FLOOR | SHADOW_FOREST,,,
SITE-049,,WORKING,HAMLET,FRONTIER,1,14.629306,-102.811888,R07,Duskcanopy,Northwestern,COASTAL_LAND,SHADOW_FOREST,COASTAL | FOREST,ESTUARY | FOREST_FLOOR | SHADOW_FOREST,351.0,5.9,1750.7,2613.7,1689.4,,0,,,,,Region: Duskcanopy || Continent: Northwestern || Class: Hamlet || Biome: Shadow Forest || Broad: COASTAL | FOREST || Specific: ESTUARY | FOREST_FLOOR | SHADOW_FOREST,,,
SITE-050,Luminthalas,CANONICAL,METROPOLIS,METROPOLIS,7,3.625,-153.375,R08,Shadeleaf,Northwestern,COASTAL_LAND,TEMPERATE_DENSE_FOREST,BUILT_ENVIRONMENT | COASTAL | FOREST | GENERALIST,CASTLE | CITY | ESTUARY | FOREST_FLOOR | GENERALIST | ROAD | VILLAGE | WOODLAND | WORKSHOP,42.3,39.3,5807.9,7220.5,5853.3,,0,,,,,Region: Shadeleaf || Continent: Northwestern || Class: Metropolis || Biome: Temperate Dense Forest || Broad: BUILT_ENVIRONMENT | COASTAL | FOREST | GENERALIST || Specific: CASTLE | CITY | ESTUARY | FOREST_FLOOR | GENERALIST | ROAD | VILLAGE | WOODLAND | WORKSHOP,,,
SITE-051,,WORKING,CITY,PRIME,6,9.180965,-141.608305,R08,Shadeleaf,Northwestern,COASTAL_LAND,ICE_SNOW_GLACIER,COASTAL | POLAR_ICE,ESTUARY | GLACIER | PACK_ICE,43.7,28.9,4472.0,5885.7,4781.6,,0,,,,,Region: Shadeleaf || Continent: Northwestern || Class: City || Biome: Ice Snow Glacier || Broad: COASTAL | POLAR_ICE || Specific: ESTUARY | GLACIER | PACK_ICE,,,
SITE-052,,WORKING,TOWN,MAJOR,5,21.16427,-107.866089,R08,Shadeleaf,Northwestern,LAND,SHADOW_FOREST,FOREST,FOREST_FLOOR | SHADOW_FOREST,706.6,37.4,1078.6,2422.0,1300.0,,0,,,,,Region: Shadeleaf || Continent: Northwestern || Class: Town || Biome: Shadow Forest || Broad: FOREST || Specific: FOREST_FLOOR | SHADOW_FOREST,,,
SITE-053,,WORKING,VILLAGE,STRONG,4,19.043347,-120.468054,R08,Shadeleaf,Northwestern,LAND,SHADOW_FOREST,FOREST,FOREST_FLOOR | SHADOW_FOREST,82.2,67.7,2098.7,3517.0,2473.4,,0,,,,,Region: Shadeleaf || Continent: Northwestern || Class: Village || Biome: Shadow Forest || Broad: FOREST || Specific: FOREST_FLOOR | SHADOW_FOREST,,,
SITE-054,,WORKING,HAMLET,GOOD,3,9.72214,-102.18227,R08,Shadeleaf,Northwestern,LAND,TEMPERATE_DENSE_FOREST,FOREST,FOREST_FLOOR | WOODLAND,115.5,43.8,2363.3,3087.5,2265.5,,0,,,,,Region: Shadeleaf || Continent: Northwestern || Class: Hamlet || Biome: Temperate Dense Forest || Broad: FOREST || Specific: FOREST_FLOOR | WOODLAND,,,
SITE-055,,WORKING,HAMLET,MODEST,2,1.750114,-130.757616,R08,Shadeleaf,Northwestern,LAND,GRASSLAND_STEPPE,GRASSLAND,STEPPE,67.6,55.0,4325.5,5666.6,4563.0,,0,,,,,Region: Shadeleaf || Continent: Northwestern || Class: Hamlet || Biome: Grassland Steppe || Broad: GRASSLAND || Specific: STEPPE,,,
SITE-056,,WORKING,HAMLET,FRONTIER,1,4.588344,-116.146427,R08,Shadeleaf,Northwestern,LAND,TEMPERATE_DENSE_FOREST,FOREST,FOREST_FLOOR | WOODLAND,76.6,85.2,3279.8,4406.7,3392.9,,0,,,,,Region: Shadeleaf || Continent: Northwestern || Class: Hamlet || Biome: Temperate Dense Forest || Broad: FOREST || Specific: FOREST_FLOOR | WOODLAND,,,
SITE-057,Dzongkhar,CANONICAL,METROPOLIS,METROPOLIS,7,41.740275,50.235873,R09,Forestcrown,Eastern,LAND,TEMPERATE_DENSE_FOREST,BUILT_ENVIRONMENT | FOREST | GENERALIST,CASTLE | CITY | FOREST_FLOOR | GENERALIST | ROAD | VILLAGE | WOODLAND | WORKSHOP,1024.5,2185.1,1548.2,4570.5,712.8,,0,,,,,Region: Forestcrown || Continent: Eastern || Class: Metropolis || Biome: Temperate Dense Forest || Broad: BUILT_ENVIRONMENT | FOREST | GENERALIST || Specific: CASTLE | CITY | FOREST_FLOOR | GENERALIST | ROAD | VILLAGE | WOODLAND | WORKSHOP,,,
SITE-058,,WORKING,CITY,PRIME,6,8.0,47.5,R09,Forestcrown,Eastern,FLOATING_ISLAND,OCEAN,GENERALIST,ISLAND,1370,373.0,1103.3,2334.7,939.3,FLOAT-ISLAND-007,1,POI-067,FLOATING_ISLAND,Floating Island 04,POI-067 [FLOATING_ISLAND] Floating Island 04,Region: Forestcrown || Continent: Eastern || Class: City || Biome: Ocean || Broad: GENERALIST || Specific: ISLAND || POIs: POI-067 [FLOATING_ISLAND] Floating Island 04,,,
SITE-059,,WORKING,TOWN,MAJOR,5,47.23153,32.242475,R09,Forestcrown,Eastern,COASTAL_LAND,SAVANNA_WARM_GRASSLAND,COASTAL | GRASSLAND,ESTUARY | SAVANNA,475.8,3.2,2970.5,5956.4,694.4,,0,,,,,Region: Forestcrown || Continent: Eastern || Class: Town || Biome: Savanna Warm Grassland || Broad: COASTAL | GRASSLAND || Specific: ESTUARY | SAVANNA,,,
SITE-060,,WORKING,VILLAGE,STRONG,4,63.339916,44.725359,R09,Forestcrown,Eastern,LAND,DESERT_BADLANDS,DESERT,COLD_DESERT | SCRUBLAND,573.2,455.7,3310.1,6314.8,338.2,,1,POI-022,PEAK,Western Snow Peak,POI-022 [PEAK] Western Snow Peak,Region: Forestcrown || Continent: Eastern || Class: Village || Biome: Desert Badlands || Broad: DESERT || Specific: COLD_DESERT | SCRUBLAND || POIs: POI-022 [PEAK] Western Snow Peak,,,
SITE-061,,WORKING,HAMLET,GOOD,3,26.092566,53.215823,R09,Forestcrown,Eastern,LAND,ALPINE_MOUNTAIN,MOUNTAIN,ALPINE | PLATEAU,2065.3,103.3,271.7,3005.1,223.1,,1,POI-013,GEYSER,Visible Geyser,POI-013 [GEYSER] Visible Geyser,Region: Forestcrown || Continent: Eastern || Class: Hamlet || Biome: Alpine Mountain || Broad: MOUNTAIN || Specific: ALPINE | PLATEAU || POIs: POI-013 [GEYSER] Visible Geyser,,,
SITE-062,,WORKING,HAMLET,MODEST,2,25.201711,37.084407,R09,Forestcrown,Eastern,COASTAL_LAND,TEMPERATE_DENSE_FOREST,COASTAL | FOREST,ESTUARY | FOREST_FLOOR | WOODLAND,296.8,16.3,1776.9,4068.8,516.5,,0,,,,,Region: Forestcrown || Continent: Eastern || Class: Hamlet || Biome: Temperate Dense Forest || Broad: COASTAL | FOREST || Specific: ESTUARY | FOREST_FLOOR | WOODLAND,,,
SITE-063,,WORKING,HAMLET,FRONTIER,1,-2.801055,58.856953,R09,Forestcrown,Eastern,LAND,TEMPERATE_DENSE_FOREST,FOREST,FOREST_FLOOR | WOODLAND,44.2,43.2,1490.1,978.0,2636.4,,0,,,,,Region: Forestcrown || Continent: Eastern || Class: Hamlet || Biome: Temperate Dense Forest || Broad: FOREST || Specific: FOREST_FLOOR | WOODLAND,,,
SITE-064,Shahravan,CANONICAL,METROPOLIS,METROPOLIS,7,27.122485,56.390356,R10,Innerwood,Eastern,LAND,TEMPERATE_DENSE_FOREST,BUILT_ENVIRONMENT | FOREST | FRESHWATER | GENERALIST,CASTLE | CITY | FLOODPLAIN | FOREST_FLOOR | GENERALIST | RIVER | ROAD | VILLAGE | WOODLAND | WORKSHOP,125.7,1584.6,7.1,2933.7,491.6,,0,,,,,Region: Innerwood || Continent: Eastern || Class: Metropolis || Biome: Temperate Dense Forest || Broad: BUILT_ENVIRONMENT | FOREST | FRESHWATER | GENERALIST || Specific: CASTLE | CITY | FLOODPLAIN | FOREST_FLOOR | GENERALIST | RIVER | ROAD | VILLAGE | WOODLAND | WORKSHOP,,,
SITE-065,,WORKING,CITY,PRIME,6,54.904488,53.351259,R10,Innerwood,Eastern,LAKE,SAVANNA_WARM_GRASSLAND,FRESHWATER | GRASSLAND,LAKE | POND | SAVANNA,,2168.4,2599.6,5483.8,905.1,WATERBODY-0057,0,,,,,Region: Innerwood || Continent: Eastern || Class: City || Biome: Savanna Warm Grassland || Broad: FRESHWATER | GRASSLAND || Specific: LAKE | POND | SAVANNA,,,
SITE-066,,WORKING,TOWN,MAJOR,5,46.867054,56.074298,R10,Innerwood,Eastern,COASTAL_LAND,SAVANNA_WARM_GRASSLAND,COASTAL | GRASSLAND,ESTUARY | SAVANNA,1085.2,18.7,1943.2,4781.3,1425.4,,0,,,,,Region: Innerwood || Continent: Eastern || Class: Town || Biome: Savanna Warm Grassland || Broad: COASTAL | GRASSLAND || Specific: ESTUARY | SAVANNA,,,
SITE-067,,WORKING,VILLAGE,STRONG,4,18.350748,45.594193,R10,Innerwood,Eastern,COASTAL_LAND,TEMPERATE_DENSE_FOREST,COASTAL | FOREST,ESTUARY | FOREST_FLOOR | WOODLAND,1316.7,6.7,814.4,2938.7,292.8,,1,POI-012,FLOATING_ISLAND_GROUP,Floating Island Group,POI-012 [FLOATING_ISLAND_GROUP] Floating Island Group,Region: Innerwood || Continent: Eastern || Class: Village || Biome: Temperate Dense Forest || Broad: COASTAL | FOREST || Specific: ESTUARY | FOREST_FLOOR | WOODLAND || POIs: POI-012 [FLOATING_ISLAND_GROUP] Floating Island Group,,,
SITE-068,,WORKING,HAMLET,GOOD,3,67.911483,55.099968,R10,Innerwood,Eastern,LAND,ALPINE_MOUNTAIN,MOUNTAIN,ALPINE | PLATEAU,1761.1,143.8,3393.7,6168.7,94.2,,0,,,,,Region: Innerwood || Continent: Eastern || Class: Hamlet || Biome: Alpine Mountain || Broad: MOUNTAIN || Specific: ALPINE | PLATEAU,,,
SITE-069,,WORKING,HAMLET,MODEST,2,60.928769,49.897693,R10,Innerwood,Eastern,COASTAL_LAND,TUNDRA_COOL_STEPPE,COASTAL | GRASSLAND | POLAR_ICE,BOREAL_FOREST | ESTUARY | TUNDRA,668.2,12.3,3049.2,5988.6,519.1,,0,,,,,Region: Innerwood || Continent: Eastern || Class: Hamlet || Biome: Tundra Cool Steppe || Broad: COASTAL | GRASSLAND | POLAR_ICE || Specific: BOREAL_FOREST | ESTUARY | TUNDRA,,,
SITE-070,,WORKING,HAMLET,FRONTIER,1,15.335267,54.020195,R10,Innerwood,Eastern,LAND,DESERT_BADLANDS,DESERT | FRESHWATER,FLOODPLAIN | HOT_DESERT | RIVER | SCRUBLAND,38.0,329.0,12.1,2053.6,839.5,,0,,,,,Region: Innerwood || Continent: Eastern || Class: Hamlet || Biome: Desert Badlands || Broad: DESERT | FRESHWATER || Specific: FLOODPLAIN | HOT_DESERT | RIVER | SCRUBLAND,,,
SITE-071,Al-Mihraq,CANONICAL,METROPOLIS,METROPOLIS,7,52.317676,61.929893,R11,Sunscar,Eastern,LAND,SAVANNA_WARM_GRASSLAND,BUILT_ENVIRONMENT | GENERALIST | GRASSLAND,CASTLE | CITY | GENERALIST | ROAD | SAVANNA | VILLAGE | WORKSHOP,90.0,2165.2,2480.8,4999.9,1030.9,,1,POI-041,LAKE,Eastern Great Lake,POI-041 [LAKE] Eastern Great Lake,Region: Sunscar || Continent: Eastern || Class: Metropolis || Biome: Savanna Warm Grassland || Broad: BUILT_ENVIRONMENT | GENERALIST | GRASSLAND || Specific: CASTLE | CITY | GENERALIST | ROAD | SAVANNA | VILLAGE | WORKSHOP || POIs: POI-041 [LAKE] Eastern Great Lake,,,
SITE-072,,WORKING,CITY,PRIME,6,-5.131154,74.567461,R11,Sunscar,Eastern,DELTA,WETLAND_DELTA,FRESHWATER | WETLAND,DELTA | FLOODPLAIN | MUDFLAT | RIVER | SWAMP,32.7,20.0,29.0,0.0,3828.1,,1,POI-060,GRASSLAND,Eastern Golden Grasslands,POI-060 [GRASSLAND] Eastern Golden Grasslands,Region: Sunscar || Continent: Eastern || Class: City || Biome: Wetland Delta || Broad: FRESHWATER | WETLAND || Specific: DELTA | FLOODPLAIN | MUDFLAT | RIVER | SWAMP || POIs: POI-060 [GRASSLAND] Eastern Golden Grasslands,,,
SITE-073,,WORKING,TOWN,MAJOR,5,13.5,65.0,R11,Sunscar,Eastern,FLOATING_ISLAND,DESERT_BADLANDS,DESERT | GENERALIST,HOT_DESERT | ISLAND | SCRUBLAND,1610,550.4,101.2,1114.2,1912.3,FLOAT-ISLAND-002,5,POI-046 | POI-056 | POI-064 | POI-065 | POI-066,RIVER | DESERT | FLOATING_ISLAND | FLOATING_ISLAND | FLOATING_ISLAND,Western Tributary River | Central Sunwaste | Floating Island 01 | Floating Island 02 | Floating Island 03,POI-046 [RIVER] Western Tributary River; POI-056 [DESERT] Central Sunwaste; POI-064 [FLOATING_ISLAND] Floating Island 01; POI-065 [FLOATING_ISLAND] Floating Island 02; POI-066 [FLOATING_ISLAND] Floating Island 03,Region: Sunscar || Continent: Eastern || Class: Town || Biome: Desert Badlands || Broad: DESERT | GENERALIST || Specific: HOT_DESERT | ISLAND | SCRUBLAND || POIs: POI-046 [RIVER] Western Tributary River; POI-056 [DESERT] Central Sunwaste; POI-064 [FLOATING_ISLAND] Floating Island 01; POI-065 [FLOATING_ISLAND] Floating Island 02; POI-066 [FLOATING_ISLAND] Floating Island 03,,,
SITE-074,,WORKING,VILLAGE,STRONG,4,31.044808,60.135891,R11,Sunscar,Eastern,LAND,SAVANNA_WARM_GRASSLAND,GRASSLAND,SAVANNA,936.1,42.3,552.3,3173.4,956.1,,1,POI-052,FOREST,Eastern Crownwood,POI-052 [FOREST] Eastern Crownwood,Region: Sunscar || Continent: Eastern || Class: Village || Biome: Savanna Warm Grassland || Broad: GRASSLAND || Specific: SAVANNA || POIs: POI-052 [FOREST] Eastern Crownwood,,,
SITE-075,,WORKING,HAMLET,GOOD,3,32.237383,76.442362,R11,Sunscar,Eastern,LAND,DESERT_BADLANDS,DESERT,HOT_DESERT | SCRUBLAND,1735.1,48.7,836.4,2793.2,1422.1,,0,,,,,Region: Sunscar || Continent: Eastern || Class: Hamlet || Biome: Desert Badlands || Broad: DESERT || Specific: HOT_DESERT | SCRUBLAND,,,
SITE-076,,WORKING,HAMLET,MODEST,2,73.320965,64.42928,R11,Sunscar,Eastern,COASTAL_LAND,TEMPERATE_DENSE_FOREST,COASTAL | FOREST,ESTUARY | FOREST_FLOOR | WOODLAND,223.0,3.3,3731.9,6095.5,222.3,,0,,,,,Region: Sunscar || Continent: Eastern || Class: Hamlet || Biome: Temperate Dense Forest || Broad: COASTAL | FOREST || Specific: ESTUARY | FOREST_FLOOR | WOODLAND,,,
SITE-077,,WORKING,HAMLET,FRONTIER,1,2.321763,50.567703,R11,Sunscar,Eastern,COASTAL_LAND,OCEAN,COASTAL,ESTUARY,0.0,1.5,1673.9,1887.1,1713.3,,0,,,,,Region: Sunscar || Continent: Eastern || Class: Hamlet || Biome: Ocean || Broad: COASTAL || Specific: ESTUARY,,,
SITE-078,Thalassor,CANONICAL,METROPOLIS,METROPOLIS,7,39.033403,123.733175,R12,Reefward,Eastern,LAND,TEMPERATE_DENSE_FOREST,BUILT_ENVIRONMENT | FOREST | GENERALIST,CASTLE | CITY | FOREST_FLOOR | GENERALIST | ISLAND | ROAD | VILLAGE | WOODLAND | WORKSHOP,66.1,83.4,2010.3,4862.0,1726.7,ISLAND-0038,1,POI-081,ISLAND,Eastern Reef Isle,POI-081 [ISLAND] Eastern Reef Isle,Region: Reefward || Continent: Eastern || Class: Metropolis || Biome: Temperate Dense Forest || Broad: BUILT_ENVIRONMENT | FOREST | GENERALIST || Specific: CASTLE | CITY | FOREST_FLOOR | GENERALIST | ISLAND | ROAD | VILLAGE | WOODLAND | WORKSHOP || POIs: POI-081 [ISLAND] Eastern Reef Isle,,,
SITE-079,,WORKING,CITY,PRIME,6,45.269806,118.372322,R12,Reefward,Eastern,REEF,OCEAN,COASTAL | OCEAN,CORAL_REEF | PELAGIC,,111.2,2011.4,5078.4,1575.5,REEF-0003,1,POI-004,REEF,Eastern Great Reef,POI-004 [REEF] Eastern Great Reef,Region: Reefward || Continent: Eastern || Class: City || Biome: Ocean || Broad: COASTAL | OCEAN || Specific: CORAL_REEF | PELAGIC || POIs: POI-004 [REEF] Eastern Great Reef,,,
SITE-080,,WORKING,TOWN,MAJOR,5,20.630671,125.776409,R12,Reefward,Eastern,COASTAL_LAND,SAVANNA_WARM_GRASSLAND,COASTAL | GRASSLAND,ESTUARY | ISLAND | SAVANNA,32.6,8.8,2198.0,3351.7,2404.6,,0,,,,,Region: Reefward || Continent: Eastern || Class: Town || Biome: Savanna Warm Grassland || Broad: COASTAL | GRASSLAND || Specific: ESTUARY | ISLAND | SAVANNA,,,
SITE-081,,WORKING,VILLAGE,STRONG,4,22.144451,105.903675,R12,Reefward,Eastern,LAND,DESERT_BADLANDS,DESERT,HOT_DESERT | SCRUBLAND,305.3,492.1,788.0,2369.3,1357.4,,1,POI-007,WORLD_TREE,World Tree,POI-007 [WORLD_TREE] World Tree,Region: Reefward || Continent: Eastern || Class: Village || Biome: Desert Badlands || Broad: DESERT || Specific: HOT_DESERT | SCRUBLAND || POIs: POI-007 [WORLD_TREE] World Tree,,,
SITE-082,,WORKING,HAMLET,GOOD,3,37.171636,102.006668,R12,Reefward,Eastern,LAND,ALPINE_MOUNTAIN,MOUNTAIN,ALPINE | CLIFF,3852.1,45.0,887.2,3702.9,90.7,,0,,,,,Region: Reefward || Continent: Eastern || Class: Hamlet || Biome: Alpine Mountain || Broad: MOUNTAIN || Specific: ALPINE | CLIFF,,,
SITE-083,,WORKING,HAMLET,MODEST,2,3.073555,123.71684,R12,Reefward,Eastern,LAND,DESERT_BADLANDS,DESERT,HOT_DESERT | SCRUBLAND,462.1,118.3,2538.6,2221.8,4070.9,,0,,,,,Region: Reefward || Continent: Eastern || Class: Hamlet || Biome: Desert Badlands || Broad: DESERT || Specific: HOT_DESERT | SCRUBLAND,,,
SITE-084,,WORKING,HAMLET,FRONTIER,1,-2.985725,140.090037,R12,Reefward,Eastern,COASTAL_LAND,TEMPERATE_DENSE_FOREST,COASTAL | FOREST,ESTUARY | FOREST_FLOOR | ISLAND | WOODLAND,52.7,29.8,3846.8,3800.4,5534.7,,1,POI-010,MAELSTROM,Eastern Maelstrom,POI-010 [MAELSTROM] Eastern Maelstrom,Region: Reefward || Continent: Eastern || Class: Hamlet || Biome: Temperate Dense Forest || Broad: COASTAL | FOREST || Specific: ESTUARY | FOREST_FLOOR | ISLAND | WOODLAND || POIs: POI-010 [MAELSTROM] Eastern Maelstrom,,,
SITE-085,Celestial Quay,CANONICAL,METROPOLIS,METROPOLIS,7,-20.370677,97.922804,R13,Drymarsh,Eastern,COASTAL_LAND,SAVANNA_WARM_GRASSLAND,BUILT_ENVIRONMENT | COASTAL | GENERALIST | GRASSLAND,CASTLE | CITY | ESTUARY | GENERALIST | ISLAND | ROAD | SAVANNA | VILLAGE | WORKSHOP,33.2,27.8,1368.0,1242.2,6710.9,ISLAND-0096,0,,,,,Region: Drymarsh || Continent: Eastern || Class: Metropolis || Biome: Savanna Warm Grassland || Broad: BUILT_ENVIRONMENT | COASTAL | GENERALIST | GRASSLAND || Specific: CASTLE | CITY | ESTUARY | GENERALIST | ISLAND | ROAD | SAVANNA | VILLAGE | WORKSHOP,,,
SITE-086,,WORKING,CITY,PRIME,6,-6.491973,89.801702,R13,Drymarsh,Eastern,DELTA,WETLAND_DELTA,FRESHWATER | WETLAND,DELTA | FLOODPLAIN | MUDFLAT | SWAMP,36.2,0.0,119.0,0.0,5102.4,,0,,,,,Region: Drymarsh || Continent: Eastern || Class: City || Biome: Wetland Delta || Broad: FRESHWATER | WETLAND || Specific: DELTA | FLOODPLAIN | MUDFLAT | SWAMP,,,
SITE-087,,WORKING,TOWN,MAJOR,5,3.706228,90.436043,R13,Drymarsh,Eastern,DELTA,WETLAND_DELTA,FRESHWATER | WETLAND,DELTA | FLOODPLAIN | MUDFLAT | SWAMP,65.0,8.3,220.4,0.0,3960.3,,3,POI-034 | POI-047 | POI-055,BADLANDS | RIVER | DESERT,Central Broken Badlands | Eastern Tributary River | Eastern Red Desert,POI-034 [BADLANDS] Central Broken Badlands; POI-047 [RIVER] Eastern Tributary River; POI-055 [DESERT] Eastern Red Desert,Region: Drymarsh || Continent: Eastern || Class: Town || Biome: Wetland Delta || Broad: FRESHWATER | WETLAND || Specific: DELTA | FLOODPLAIN | MUDFLAT | SWAMP || POIs: POI-034 [BADLANDS] Central Broken Badlands; POI-047 [RIVER] Eastern Tributary River; POI-055 [DESERT] Eastern Red Desert,,,
SITE-088,,WORKING,VILLAGE,STRONG,4,-1.119022,84.422817,R13,Drymarsh,Eastern,DELTA,WETLAND_DELTA,FRESHWATER | WETLAND,DELTA | FLOODPLAIN | MUDFLAT | RIVER | SWAMP,65.0,27.7,25.1,0.0,4306.2,,0,,,,,Region: Drymarsh || Continent: Eastern || Class: Village || Biome: Wetland Delta || Broad: FRESHWATER | WETLAND || Specific: DELTA | FLOODPLAIN | MUDFLAT | RIVER | SWAMP,,,
SITE-089,,WORKING,HAMLET,GOOD,3,-1.31389,98.680811,R13,Drymarsh,Eastern,DELTA,WETLAND_DELTA,FRESHWATER | WETLAND,DELTA | FLOODPLAIN | MUDFLAT | SWAMP,65.0,166.8,328.3,0.0,4348.0,DELTA-0019,0,,,,,Region: Drymarsh || Continent: Eastern || Class: Hamlet || Biome: Wetland Delta || Broad: FRESHWATER | WETLAND || Specific: DELTA | FLOODPLAIN | MUDFLAT | SWAMP,,,
SITE-090,,WORKING,HAMLET,MODEST,2,-15.019278,106.587634,R13,Drymarsh,Eastern,COASTAL_LAND,OCEAN,COASTAL,ESTUARY | ISLAND,0.0,4.7,1250.3,1064.2,6007.5,,0,,,,,Region: Drymarsh || Continent: Eastern || Class: Hamlet || Biome: Ocean || Broad: COASTAL || Specific: ESTUARY | ISLAND,,,
SITE-091,,WORKING,HAMLET,FRONTIER,1,-23.779096,112.751257,R13,Drymarsh,Eastern,COASTAL_LAND,TEMPERATE_DENSE_FOREST,COASTAL | FOREST,ESTUARY | FOREST_FLOOR | ISLAND | WOODLAND,35.7,19.9,2459.3,2274.2,7087.0,,0,,,,,Region: Drymarsh || Continent: Eastern || Class: Hamlet || Biome: Temperate Dense Forest || Broad: COASTAL | FOREST || Specific: ESTUARY | FOREST_FLOOR | ISLAND | WOODLAND,,,
SITE-092,Hydros,CANONICAL,METROPOLIS,METROPOLIS,7,15.526637,76.91743,R14,Manywater,Eastern,LAND,SAVANNA_WARM_GRASSLAND,BUILT_ENVIRONMENT | FRESHWATER | GENERALIST | GRASSLAND,CASTLE | CITY | FLOODPLAIN | GENERALIST | RIVER | ROAD | SAVANNA | VILLAGE | WORKSHOP,503.7,1777.9,8.7,893.4,2833.5,,2,POI-033 | POI-045,BADLANDS | RIVER,Eastern Red Badlands | Great Southbound River,POI-033 [BADLANDS] Eastern Red Badlands; POI-045 [RIVER] Great Southbound River,Region: Manywater || Continent: Eastern || Class: Metropolis || Biome: Savanna Warm Grassland || Broad: BUILT_ENVIRONMENT | FRESHWATER | GENERALIST | GRASSLAND || Specific: CASTLE | CITY | FLOODPLAIN | GENERALIST | RIVER | ROAD | SAVANNA | VILLAGE | WORKSHOP || POIs: POI-033 [BADLANDS] Eastern Red Badlands; POI-045 [RIVER] Great Southbound River,,,
SITE-093,,WORKING,CITY,PRIME,6,-7.294069,75.568698,R14,Manywater,Eastern,DELTA,WETLAND_DELTA,BUILT_ENVIRONMENT | FRESHWATER | WETLAND,DELTA | FLOODPLAIN | MANGROVE | MUDFLAT | RUINS | SWAMP | TEMPLE,65.0,252.3,305.8,0.0,4087.0,,1,POI-078,WETLAND,Eastern Great Delta Wetlands,POI-078 [WETLAND] Eastern Great Delta Wetlands,Region: Manywater || Continent: Eastern || Class: City || Biome: Wetland Delta || Broad: BUILT_ENVIRONMENT | FRESHWATER | WETLAND || Specific: DELTA | FLOODPLAIN | MANGROVE | MUDFLAT | RUINS | SWAMP | TEMPLE || POIs: POI-078 [WETLAND] Eastern Great Delta Wetlands,,,
SITE-094,,WORKING,TOWN,MAJOR,5,55.954914,103.37211,R14,Manywater,Eastern,COASTAL_LAND,DESERT_BADLANDS,COASTAL | DESERT,ESTUARY | HOT_DESERT | SCRUBLAND,36.2,11.2,2475.4,5329.9,1643.5,,0,,,,,Region: Manywater || Continent: Eastern || Class: Town || Biome: Desert Badlands || Broad: COASTAL | DESERT || Specific: ESTUARY | HOT_DESERT | SCRUBLAND,,,
SITE-095,,WORKING,VILLAGE,STRONG,4,47.238613,77.118789,R14,Manywater,Eastern,LAND,SAVANNA_WARM_GRASSLAND,GRASSLAND | MOUNTAIN,ALPINE | CLIFF | SAVANNA,2140.2,88.2,2285.2,4252.2,259.2,,2,POI-029 | POI-087,PEAK | PLATEAU,Derived Summit 01 | Central Arid Plateau,POI-029 [PEAK] Derived Summit 01; POI-087 [PLATEAU] Central Arid Plateau,Region: Manywater || Continent: Eastern || Class: Village || Biome: Savanna Warm Grassland || Broad: GRASSLAND | MOUNTAIN || Specific: ALPINE | CLIFF | SAVANNA || POIs: POI-029 [PEAK] Derived Summit 01; POI-087 [PLATEAU] Central Arid Plateau,,,
SITE-096,,WORKING,HAMLET,GOOD,3,-20.338139,95.533387,R14,Manywater,Eastern,COASTAL_LAND,TEMPERATE_DENSE_FOREST,COASTAL | FOREST | SUBTERRANEAN,CANOPY | CLOUD_FOREST | COASTAL_CLIFF | ESTUARY | FJORD | FLOWERING_HABITAT | FOREST_EDGE | FOREST_FLOOR | ISLAND | KELP_FOREST | OLD_GROWTH_FOREST | SEAGRASS_BED | SEA_CAVE | VOLCANIC | WOODLAND,55.7,31.9,1273.2,1130.9,6595.2,,0,,,,,Region: Manywater || Continent: Eastern || Class: Hamlet || Biome: Temperate Dense Forest || Broad: COASTAL | FOREST | SUBTERRANEAN || Specific: CANOPY | CLOUD_FOREST | COASTAL_CLIFF | ESTUARY | FJORD | FLOWERING_HABITAT | FOREST_EDGE | FOREST_FLOOR | ISLAND | KELP_FOREST | OLD_GROWTH_FOREST | SEAGRASS_BED | SEA_CAVE | VOLCANIC | WOODLAND,,,
SITE-097,,WORKING,HAMLET,MODEST,2,33.430442,102.817299,R14,Manywater,Eastern,LAND,ALPINE_MOUNTAIN,MOUNTAIN | SUBTERRANEAN,ALPINE | BURROW | CANYON | CAVE | CLIFF | KARST | MINE | TUNNEL | UNDERGROUND_RIVER,2477.2,46.1,498.1,3357.6,229.1,,2,POI-023 | POI-074,PEAK | MOUNTAIN_RANGE,Eastern Badland Peak | Eastern Badland Range,POI-023 [PEAK] Eastern Badland Peak; POI-074 [MOUNTAIN_RANGE] Eastern Badland Range,Region: Manywater || Continent: Eastern || Class: Hamlet || Biome: Alpine Mountain || Broad: MOUNTAIN | SUBTERRANEAN || Specific: ALPINE | BURROW | CANYON | CAVE | CLIFF | KARST | MINE | TUNNEL | UNDERGROUND_RIVER || POIs: POI-023 [PEAK] Eastern Badland Peak; POI-074 [MOUNTAIN_RANGE] Eastern Badland Range,,,
SITE-098,,WORKING,HAMLET,FRONTIER,1,11.518113,99.406377,R14,Manywater,Eastern,LAND,DESERT_BADLANDS,DESERT,DUNES | HOT_DESERT | OASIS | SCRUBLAND,733.2,35.2,1259.3,940.0,2742.2,,0,,,,,Region: Manywater || Continent: Eastern || Class: Hamlet || Biome: Desert Badlands || Broad: DESERT || Specific: DUNES | HOT_DESERT | OASIS | SCRUBLAND,,,
SITE-099,Devanagri,CANONICAL,METROPOLIS,METROPOLIS,7,34.265298,30.076611,R15,Forestfold,Eastern,LAND,TEMPERATE_DENSE_FOREST,BUILT_ENVIRONMENT | FOREST | GENERALIST,CASTLE | CITY | FOREST_FLOOR | GENERALIST | ROAD | VILLAGE | WOODLAND | WORKSHOP,67.6,83.4,2532.4,5215.5,1366.5,,1,POI-084,BAY,Eastern Crescent Bay,POI-084 [BAY] Eastern Crescent Bay,Region: Forestfold || Continent: Eastern || Class: Metropolis || Biome: Temperate Dense Forest || Broad: BUILT_ENVIRONMENT | FOREST | GENERALIST || Specific: CASTLE | CITY | FOREST_FLOOR | GENERALIST | ROAD | VILLAGE | WOODLAND | WORKSHOP || POIs: POI-084 [BAY] Eastern Crescent Bay,,,
SITE-100,,WORKING,CITY,PRIME,6,70.858398,33.705269,R15,Forestfold,Eastern,COASTAL_LAND,OCEAN,COASTAL,ESTUARY,0.0,0.3,4094.7,7144.6,142.6,,2,POI-017 | POI-091,POLAR_ANOMALY | OCEAN,Polar Arcane Anomaly | Northern Ocean,POI-017 [POLAR_ANOMALY] Polar Arcane Anomaly; POI-091 [OCEAN] Northern Ocean,Region: Forestfold || Continent: Eastern || Class: City || Biome: Ocean || Broad: COASTAL || Specific: ESTUARY || POIs: POI-017 [POLAR_ANOMALY] Polar Arcane Anomaly; POI-091 [OCEAN] Northern Ocean,,,
SITE-101,,WORKING,TOWN,MAJOR,5,18.04858,27.812017,R15,Forestfold,Eastern,LAND,ALPINE_MOUNTAIN,MOUNTAIN,ALPINE | PLATEAU,1901.3,53.9,2476.5,4489.3,188.3,,1,POI-024,PEAK,Southwest Peak,POI-024 [PEAK] Southwest Peak,Region: Forestfold || Continent: Eastern || Class: Town || Biome: Alpine Mountain || Broad: MOUNTAIN || Specific: ALPINE | PLATEAU || POIs: POI-024 [PEAK] Southwest Peak,,,
SITE-102,,WORKING,VILLAGE,STRONG,4,16.832483,39.82778,R15,Forestfold,Eastern,COASTAL_LAND,ALPINE_MOUNTAIN,COASTAL | MOUNTAIN,ALPINE | ESTUARY | PLATEAU,1930.2,22.8,1307.8,3353.0,216.3,,0,,,,,Region: Forestfold || Continent: Eastern || Class: Village || Biome: Alpine Mountain || Broad: COASTAL | MOUNTAIN || Specific: ALPINE | ESTUARY | PLATEAU,,,
SITE-103,,WORKING,HAMLET,GOOD,3,47.513637,31.164728,R15,Forestfold,Eastern,LAND,SAVANNA_WARM_GRASSLAND,GRASSLAND,SAVANNA,419.7,100.3,3064.9,6042.2,785.5,,0,,,,,Region: Forestfold || Continent: Eastern || Class: Hamlet || Biome: Savanna Warm Grassland || Broad: GRASSLAND || Specific: SAVANNA,,,
SITE-104,,WORKING,HAMLET,MODEST,2,58.694108,19.562765,R15,Forestfold,Eastern,LAND,DESERT_BADLANDS,DESERT,HOT_DESERT | SCRUBLAND,89.5,63.5,4476.5,7430.5,928.9,,3,POI-008 | POI-038 | POI-054,HEAVENFALL | STEPPE | DESERT,Heavenfall | Northern Cold Steppe | Northern Amber Desert,POI-008 [HEAVENFALL] Heavenfall; POI-038 [STEPPE] Northern Cold Steppe; POI-054 [DESERT] Northern Amber Desert,Region: Forestfold || Continent: Eastern || Class: Hamlet || Biome: Desert Badlands || Broad: DESERT || Specific: HOT_DESERT | SCRUBLAND || POIs: POI-008 [HEAVENFALL] Heavenfall; POI-038 [STEPPE] Northern Cold Steppe; POI-054 [DESERT] Northern Amber Desert,,,
SITE-105,,WORKING,HAMLET,FRONTIER,1,8.983341,21.156273,R15,Forestfold,Eastern,LAND,TEMPERATE_DENSE_FOREST,FOREST,FOREST_FLOOR | WOODLAND,49.5,51.5,3209.2,4841.4,1029.7,,0,,,,,Region: Forestfold || Continent: Eastern || Class: Hamlet || Biome: Temperate Dense Forest || Broad: FOREST || Specific: FOREST_FLOOR | WOODLAND,,,
SITE-106,Naga-Pura,CANONICAL,METROPOLIS,METROPOLIS,7,-0.767155,150.922246,R16,Eastchain,Eastern,LAND,SAVANNA_WARM_GRASSLAND,BUILT_ENVIRONMENT | GENERALIST | GRASSLAND,CASTLE | CITY | GENERALIST | ISLAND | ROAD | SAVANNA | VILLAGE | WORKSHOP,53.8,62.2,4919.2,4844.1,6001.4,ISLAND-0071,0,,,,,Region: Eastchain || Continent: Eastern || Class: Metropolis || Biome: Savanna Warm Grassland || Broad: BUILT_ENVIRONMENT | GENERALIST | GRASSLAND || Specific: CASTLE | CITY | GENERALIST | ISLAND | ROAD | SAVANNA | VILLAGE | WORKSHOP,,,
SITE-107,,WORKING,CITY,PRIME,6,3.74199,97.410167,R16,Eastchain,Eastern,DELTA,WETLAND_DELTA,FRESHWATER | WETLAND,DELTA | FLOODPLAIN | MUDFLAT | SWAMP,90.4,109.7,700.5,11.5,3742.3,,1,POI-057,DESERT,Southeastern Drylands,POI-057 [DESERT] Southeastern Drylands,Region: Eastchain || Continent: Eastern || Class: City || Biome: Wetland Delta || Broad: FRESHWATER | WETLAND || Specific: DELTA | FLOODPLAIN | MUDFLAT | SWAMP || POIs: POI-057 [DESERT] Southeastern Drylands,,,
SITE-108,,WORKING,TOWN,MAJOR,5,-22.938053,118.309571,R16,Eastchain,Eastern,COASTAL_LAND,OCEAN,COASTAL,ESTUARY | ISLAND,0.0,5.8,2683.4,2516.8,7054.5,,0,,,,,Region: Eastchain || Continent: Eastern || Class: Town || Biome: Ocean || Broad: COASTAL || Specific: ESTUARY | ISLAND,,,
SITE-109,,WORKING,VILLAGE,STRONG,4,-13.485356,133.295802,R16,Eastchain,Eastern,COASTAL_LAND,TEMPERATE_DENSE_FOREST,COASTAL | FOREST,ESTUARY | FOREST_FLOOR | ISLAND | WOODLAND,52.0,33.1,3297.5,3226.7,6362.4,,0,,,,,Region: Eastchain || Continent: Eastern || Class: Village || Biome: Temperate Dense Forest || Broad: COASTAL | FOREST || Specific: ESTUARY | FOREST_FLOOR | ISLAND | WOODLAND,,,
SITE-110,,WORKING,HAMLET,GOOD,3,-12.973585,102.090669,R16,Eastchain,Eastern,COASTAL_LAND,SAVANNA_WARM_GRASSLAND,COASTAL | GRASSLAND,ESTUARY | ISLAND | SAVANNA,35.5,13.7,831.9,633.1,5770.5,,0,,,,,Region: Eastchain || Continent: Eastern || Class: Hamlet || Biome: Savanna Warm Grassland || Broad: COASTAL | GRASSLAND || Specific: ESTUARY | ISLAND | SAVANNA,,,
SITE-111,,WORKING,HAMLET,MODEST,2,7.897208,112.752547,R16,Eastchain,Eastern,COASTAL_LAND,DESERT_BADLANDS,COASTAL | DESERT,ESTUARY | HOT_DESERT | SCRUBLAND,450.7,21.9,2115.4,1381.2,3164.5,,0,,,,,Region: Eastchain || Continent: Eastern || Class: Hamlet || Biome: Desert Badlands || Broad: COASTAL | DESERT || Specific: ESTUARY | HOT_DESERT | SCRUBLAND,,,
SITE-112,,WORKING,HAMLET,FRONTIER,1,-5.984815,116.388642,R16,Eastchain,Eastern,LAND,DESERT_BADLANDS,DESERT,HOT_DESERT | SCRUBLAND,82.2,103.7,1538.0,1515.5,4965.5,,0,,,,,Region: Eastchain || Continent: Eastern || Class: Hamlet || Biome: Desert Badlands || Broad: DESERT || Specific: HOT_DESERT | SCRUBLAND,,,
SITE-113,Sylvan Gate,CANONICAL,METROPOLIS,METROPOLIS,7,-16.01149,-108.542634,R17,Canopywall,Southwestern,COASTAL_LAND,GRASSLAND_STEPPE,BUILT_ENVIRONMENT | COASTAL | GENERALIST | GRASSLAND,CASTLE | CITY | ESTUARY | GENERALIST | ROAD | STEPPE | VILLAGE | WORKSHOP,42.2,39.3,5642.3,6304.2,2866.1,,1,POI-085,BAY,Southwestern Emerald Bay,POI-085 [BAY] Southwestern Emerald Bay,Region: Canopywall || Continent: Southwestern || Class: Metropolis || Biome: Grassland Steppe || Broad: BUILT_ENVIRONMENT | COASTAL | GENERALIST | GRASSLAND || Specific: CASTLE | CITY | ESTUARY | GENERALIST | ROAD | STEPPE | VILLAGE | WORKSHOP || POIs: POI-085 [BAY] Southwestern Emerald Bay,,,
SITE-114,,WORKING,CITY,PRIME,6,-9.505732,-91.243446,R17,Canopywall,Southwestern,ICE,ICE_SNOW_GLACIER,POLAR_ICE,GLACIER | PACK_ICE,54.3,55.6,4790.6,5119.2,1038.5,,0,,,,,Region: Canopywall || Continent: Southwestern || Class: City || Biome: Ice Snow Glacier || Broad: POLAR_ICE || Specific: GLACIER | PACK_ICE,,,
SITE-115,,WORKING,TOWN,MAJOR,5,-10.603296,-85.149497,R17,Canopywall,Southwestern,COASTAL_LAND,ICE_SNOW_GLACIER,COASTAL | POLAR_ICE,ESTUARY | GLACIER | PACK_ICE,318.8,25.4,4272.3,5155.6,511.3,,0,,,,,Region: Canopywall || Continent: Southwestern || Class: Town || Biome: Ice Snow Glacier || Broad: COASTAL | POLAR_ICE || Specific: ESTUARY | GLACIER | PACK_ICE,,,
SITE-116,,WORKING,VILLAGE,STRONG,4,-30.944603,-102.876195,R17,Canopywall,Southwestern,COASTAL_LAND,OCEAN,COASTAL,ESTUARY,0.0,0.6,4718.7,4932.4,2939.4,,0,,,,,Region: Canopywall || Continent: Southwestern || Class: Village || Biome: Ocean || Broad: COASTAL || Specific: ESTUARY,,,
SITE-117,,WORKING,HAMLET,GOOD,3,-21.526577,-92.209536,R17,Canopywall,Southwestern,LAND,GRASSLAND_STEPPE,GRASSLAND,STEPPE,35.8,619.5,4037.4,4879.6,1559.5,,0,,,,,Region: Canopywall || Continent: Southwestern || Class: Hamlet || Biome: Grassland Steppe || Broad: GRASSLAND || Specific: STEPPE,,,
SITE-118,,WORKING,HAMLET,MODEST,2,-12.292623,-100.032484,R17,Canopywall,Southwestern,LAND,SAVANNA_WARM_GRASSLAND,GRASSLAND,SAVANNA,67.7,56.5,5160.2,5623.4,1949.0,,1,POI-031,JUNGLE,Eastern Monsoon Jungle,POI-031 [JUNGLE] Eastern Monsoon Jungle,Region: Canopywall || Continent: Southwestern || Class: Hamlet || Biome: Savanna Warm Grassland || Broad: GRASSLAND || Specific: SAVANNA || POIs: POI-031 [JUNGLE] Eastern Monsoon Jungle,,,
SITE-119,,WORKING,HAMLET,FRONTIER,1,-26.075938,-86.980399,R17,Canopywall,Southwestern,LAND,SUBTROPICAL_DENSE_FOREST,FOREST,FOREST_FLOOR | RAIN_FOREST,164.1,82.5,3363.1,4148.3,1341.5,,0,,,,,Region: Canopywall || Continent: Southwestern || Class: Hamlet || Biome: Subtropical Dense Forest || Broad: FOREST || Specific: FOREST_FLOOR | RAIN_FOREST,,,
SITE-120,Gryphon Reach,CANONICAL,METROPOLIS,METROPOLIS,7,-9.432322,-74.529366,R18,Aerie Peaks,Southwestern,COASTAL_LAND,GRASSLAND_STEPPE,BUILT_ENVIRONMENT | COASTAL | GENERALIST | GRASSLAND,CASTLE | CITY | ESTUARY | GENERALIST | ROAD | STEPPE | VILLAGE | WORKSHOP,223.9,39.3,3763.0,4970.3,513.7,,1,POI-059,GRASSLAND,Southwestern Greensteppe,POI-059 [GRASSLAND] Southwestern Greensteppe,Region: Aerie Peaks || Continent: Southwestern || Class: Metropolis || Biome: Grassland Steppe || Broad: BUILT_ENVIRONMENT | COASTAL | GENERALIST | GRASSLAND || Specific: CASTLE | CITY | ESTUARY | GENERALIST | ROAD | STEPPE | VILLAGE | WORKSHOP || POIs: POI-059 [GRASSLAND] Southwestern Greensteppe,,,
SITE-121,,WORKING,CITY,PRIME,6,-13.165439,-77.943203,R18,Aerie Peaks,Southwestern,ICE,ICE_SNOW_GLACIER,MOUNTAIN | POLAR_ICE,ALPINE | GLACIER | PACK_ICE | PLATEAU,3185.7,522.3,3570.6,5082.2,65.9,,1,POI-025,PEAK,Northwest High Peak,POI-025 [PEAK] Northwest High Peak,Region: Aerie Peaks || Continent: Southwestern || Class: City || Biome: Ice Snow Glacier || Broad: MOUNTAIN | POLAR_ICE || Specific: ALPINE | GLACIER | PACK_ICE | PLATEAU || POIs: POI-025 [PEAK] Northwest High Peak,,,
SITE-122,,WORKING,TOWN,MAJOR,5,-19.233013,-68.854359,R18,Aerie Peaks,Southwestern,LAND,ICE_SNOW_GLACIER,POLAR_ICE,GLACIER | PACK_ICE,586.7,605.9,2447.8,4122.3,574.0,,2,POI-026 | POI-069,PEAK | GLACIER,Central High Peak | Southwestern Spine Glacier,POI-026 [PEAK] Central High Peak; POI-069 [GLACIER] Southwestern Spine Glacier,Region: Aerie Peaks || Continent: Southwestern || Class: Town || Biome: Ice Snow Glacier || Broad: POLAR_ICE || Specific: GLACIER | PACK_ICE || POIs: POI-026 [PEAK] Central High Peak; POI-069 [GLACIER] Southwestern Spine Glacier,,,
SITE-123,,WORKING,VILLAGE,STRONG,4,-29.964358,-65.446029,R18,Aerie Peaks,Southwestern,LAND,ALPINE_MOUNTAIN,MOUNTAIN,ALPINE | PLATEAU,2544.1,295.5,1310.3,2834.2,170.6,,1,POI-039,MOUNTAIN_RANGE,Southwestern Spine Range,POI-039 [MOUNTAIN_RANGE] Southwestern Spine Range,Region: Aerie Peaks || Continent: Southwestern || Class: Village || Biome: Alpine Mountain || Broad: MOUNTAIN || Specific: ALPINE | PLATEAU || POIs: POI-039 [MOUNTAIN_RANGE] Southwestern Spine Range,,,
SITE-124,,WORKING,HAMLET,GOOD,3,-12.194805,-60.006017,R18,Aerie Peaks,Southwestern,COASTAL_LAND,GRASSLAND_STEPPE,COASTAL | GRASSLAND,ESTUARY | STEPPE,35.4,14.4,2889.1,4761.5,1748.1,,0,,,,,Region: Aerie Peaks || Continent: Southwestern || Class: Hamlet || Biome: Grassland Steppe || Broad: COASTAL | GRASSLAND || Specific: ESTUARY | STEPPE,,,
SITE-125,,WORKING,HAMLET,MODEST,2,-39.426943,-76.006016,R18,Aerie Peaks,Southwestern,COASTAL_LAND,SUBTROPICAL_DENSE_FOREST,COASTAL | FOREST,ESTUARY | FOREST_FLOOR | RAIN_FOREST,892.2,2.4,2091.9,2368.1,1240.5,,0,,,,,Region: Aerie Peaks || Continent: Southwestern || Class: Hamlet || Biome: Subtropical Dense Forest || Broad: COASTAL | FOREST || Specific: ESTUARY | FOREST_FLOOR | RAIN_FOREST,,,
SITE-126,,WORKING,HAMLET,FRONTIER,1,-30.825188,-87.506262,R18,Aerie Peaks,Southwestern,COASTAL_LAND,SUBTROPICAL_DENSE_FOREST,COASTAL | FOREST,ESTUARY | FOREST_FLOOR | RAIN_FOREST,211.2,1.6,3259.7,3783.4,1658.6,,0,,,,,Region: Aerie Peaks || Continent: Southwestern || Class: Hamlet || Biome: Subtropical Dense Forest || Broad: COASTAL | FOREST || Specific: ESTUARY | FOREST_FLOOR | RAIN_FOREST,,,
SITE-127,Whakareva,CANONICAL,METROPOLIS,METROPOLIS,7,-27.87888,18.921071,R19,Caldera Heights,Southwestern,LAND,GRASSLAND_STEPPE,BUILT_ENVIRONMENT | GENERALIST | GRASSLAND,CASTLE | CITY | GENERALIST | ROAD | STEPPE | VILLAGE | WORKSHOP,907.5,55.6,1856.4,5371.1,5443.9,,3,POI-009 | POI-028 | POI-073,HELL_DOOR | PEAK | VOLCANO,Hell Door | Far East Volcano Peak | Far-East Volcano,POI-009 [HELL_DOOR] Hell Door; POI-028 [PEAK] Far East Volcano Peak; POI-073 [VOLCANO] Far-East Volcano,Region: Caldera Heights || Continent: Southwestern || Class: Metropolis || Biome: Grassland Steppe || Broad: BUILT_ENVIRONMENT | GENERALIST | GRASSLAND || Specific: CASTLE | CITY | GENERALIST | ROAD | STEPPE | VILLAGE | WORKSHOP || POIs: POI-009 [HELL_DOOR] Hell Door; POI-028 [PEAK] Far East Volcano Peak; POI-073 [VOLCANO] Far-East Volcano,,,
SITE-128,,WORKING,CITY,PRIME,6,-25.688558,-16.90456,R19,Caldera Heights,Southwestern,COASTAL_LAND,SAVANNA_WARM_GRASSLAND,COASTAL | GRASSLAND,ESTUARY | SAVANNA,698.2,19.6,807.1,3535.6,3195.8,,1,POI-014,CALDERA,Volcanic Caldera,POI-014 [CALDERA] Volcanic Caldera,Region: Caldera Heights || Continent: Southwestern || Class: City || Biome: Savanna Warm Grassland || Broad: COASTAL | GRASSLAND || Specific: ESTUARY | SAVANNA || POIs: POI-014 [CALDERA] Volcanic Caldera,,,
SITE-129,,WORKING,TOWN,MAJOR,5,-20.86964,-41.982459,R19,Caldera Heights,Southwestern,COASTAL_LAND,OCEAN,COASTAL,ESTUARY,0.0,4.6,1006.6,3665.8,2390.6,,0,,,,,Region: Caldera Heights || Continent: Southwestern || Class: Town || Biome: Ocean || Broad: COASTAL || Specific: ESTUARY,,,
SITE-130,,WORKING,VILLAGE,STRONG,4,-22.723294,-30.457811,R19,Caldera Heights,Southwestern,LAND,GRASSLAND_STEPPE,GRASSLAND,STEPPE,42.8,35.4,1044.1,3576.3,2621.6,,2,POI-032 | POI-053,JUNGLE | FOREST,Southwestern Emerald Jungle | Southwestern Rainwood,POI-032 [JUNGLE] Southwestern Emerald Jungle; POI-053 [FOREST] Southwestern Rainwood,Region: Caldera Heights || Continent: Southwestern || Class: Village || Biome: Grassland Steppe || Broad: GRASSLAND || Specific: STEPPE || POIs: POI-032 [JUNGLE] Southwestern Emerald Jungle; POI-053 [FOREST] Southwestern Rainwood,,,
SITE-131,,WORKING,HAMLET,GOOD,3,-24.318205,-54.366042,R19,Caldera Heights,Southwestern,LAND,SUBTROPICAL_DENSE_FOREST,FOREST,FOREST_FLOOR | RAIN_FOREST,477.5,42.1,1411.9,3224.9,1412.3,,0,,,,,Region: Caldera Heights || Continent: Southwestern || Class: Hamlet || Biome: Subtropical Dense Forest || Broad: FOREST || Specific: FOREST_FLOOR | RAIN_FOREST,,,
SITE-132,,WORKING,HAMLET,MODEST,2,-26.861368,-4.34196,R19,Caldera Heights,Southwestern,LAND,ALPINE_MOUNTAIN,MOUNTAIN,ALPINE | CLIFF,2224.8,212.2,965.9,3897.1,4151.1,,3,POI-015 | POI-027 | POI-072,HOT_SPRING | PEAK | VOLCANO,Hot Spring Field | Eastern Volcano Peak | Eastern Volcano,POI-015 [HOT_SPRING] Hot Spring Field; POI-027 [PEAK] Eastern Volcano Peak; POI-072 [VOLCANO] Eastern Volcano,Region: Caldera Heights || Continent: Southwestern || Class: Hamlet || Biome: Alpine Mountain || Broad: MOUNTAIN || Specific: ALPINE | CLIFF || POIs: POI-015 [HOT_SPRING] Hot Spring Field; POI-027 [PEAK] Eastern Volcano Peak; POI-072 [VOLCANO] Eastern Volcano,,,
SITE-133,,WORKING,HAMLET,FRONTIER,1,-12.781712,-59.684528,R19,Caldera Heights,Southwestern,COASTAL_LAND,SUBTROPICAL_DENSE_FOREST,COASTAL | FOREST,ESTUARY | FOREST_FLOOR | RAIN_FOREST,56.6,14.7,2816.1,4683.7,1739.1,,0,,,,,Region: Caldera Heights || Continent: Southwestern || Class: Hamlet || Biome: Subtropical Dense Forest || Broad: COASTAL | FOREST || Specific: ESTUARY | FOREST_FLOOR | RAIN_FOREST,,,
SITE-134,Chiroptera,CANONICAL,METROPOLIS,METROPOLIS,7,-31.615694,-21.940734,R20,Heartwood,Southwestern,LAND,SAVANNA_WARM_GRASSLAND,BUILT_ENVIRONMENT | FRESHWATER | GENERALIST | GRASSLAND,CASTLE | CITY | FLOODPLAIN | GENERALIST | RIVER | ROAD | SAVANNA | VILLAGE | WORKSHOP,67.1,861.8,14.0,2779.9,2411.4,,0,,,,,Region: Heartwood || Continent: Southwestern || Class: Metropolis || Biome: Savanna Warm Grassland || Broad: BUILT_ENVIRONMENT | FRESHWATER | GENERALIST | GRASSLAND || Specific: CASTLE | CITY | FLOODPLAIN | GENERALIST | RIVER | ROAD | SAVANNA | VILLAGE | WORKSHOP,,,
SITE-135,,WORKING,CITY,PRIME,6,-35.384766,-2.305817,R20,Heartwood,Southwestern,LAND,SAVANNA_WARM_GRASSLAND,GRASSLAND,SAVANNA,1214.2,84.4,293.7,3282.4,4017.7,,0,,,,,Region: Heartwood || Continent: Southwestern || Class: City || Biome: Savanna Warm Grassland || Broad: GRASSLAND || Specific: SAVANNA,,,
SITE-136,,WORKING,TOWN,MAJOR,5,-28.44864,-44.392399,R20,Heartwood,Southwestern,LAND,GRASSLAND_STEPPE,GRASSLAND,STEPPE,412.6,74.5,573.1,2768.7,1497.3,,0,,,,,Region: Heartwood || Continent: Southwestern || Class: Town || Biome: Grassland Steppe || Broad: GRASSLAND || Specific: STEPPE,,,
SITE-137,,WORKING,VILLAGE,STRONG,4,-34.030537,90.225325,R20,Heartwood,Southwestern,COASTAL_LAND,SAVANNA_WARM_GRASSLAND,COASTAL | GRASSLAND,ESTUARY | ISLAND | SAVANNA,33.9,14.0,2672.7,2541.7,7424.5,,0,,,,,Region: Heartwood || Continent: Southwestern || Class: Village || Biome: Savanna Warm Grassland || Broad: COASTAL | GRASSLAND || Specific: ESTUARY | ISLAND | SAVANNA,,,
SITE-138,,WORKING,HAMLET,GOOD,3,-26.117179,79.011638,R20,Heartwood,Southwestern,COASTAL_LAND,GRASSLAND_STEPPE,COASTAL | GRASSLAND,ESTUARY | ISLAND | STEPPE,33.9,6.9,1972.6,1867.6,6093.0,,0,,,,,Region: Heartwood || Continent: Southwestern || Class: Hamlet || Biome: Grassland Steppe || Broad: COASTAL | GRASSLAND || Specific: ESTUARY | ISLAND | STEPPE,,,
SITE-139,,WORKING,HAMLET,MODEST,2,-42.448657,-41.874594,R20,Heartwood,Southwestern,COASTAL_LAND,SUBTROPICAL_DENSE_FOREST,COASTAL | FOREST | MOUNTAIN,ALPINE | ESTUARY | FOREST_FLOOR | PLATEAU | RAIN_FOREST,2015.3,5.4,1012.7,1337.5,234.8,,0,,,,,Region: Heartwood || Continent: Southwestern || Class: Hamlet || Biome: Subtropical Dense Forest || Broad: COASTAL | FOREST | MOUNTAIN || Specific: ALPINE | ESTUARY | FOREST_FLOOR | PLATEAU | RAIN_FOREST,,,
SITE-140,,WORKING,HAMLET,FRONTIER,1,-32.711357,17.580625,R20,Heartwood,Southwestern,LAND,ALPINE_MOUNTAIN,MOUNTAIN,ALPINE | CLIFF,1862.2,225.2,1453.1,4963.7,5952.7,,0,,,,,Region: Heartwood || Continent: Southwestern || Class: Hamlet || Biome: Alpine Mountain || Broad: MOUNTAIN || Specific: ALPINE | CLIFF,,,
SITE-141,Atlantia,CANONICAL,METROPOLIS,METROPOLIS,7,-34.432478,91.026361,R21,Ringwood Isles,Southwestern,COASTAL_LAND,SAVANNA_WARM_GRASSLAND,BUILT_ENVIRONMENT | COASTAL | GENERALIST | GRASSLAND,CASTLE | CITY | ESTUARY | GENERALIST | ISLAND | ROAD | SAVANNA | VILLAGE | WORKSHOP,33.2,27.8,2719.1,2586.6,7504.3,ISLAND-0222,0,,,,,Region: Ringwood Isles || Continent: Southwestern || Class: Metropolis || Biome: Savanna Warm Grassland || Broad: BUILT_ENVIRONMENT | COASTAL | GENERALIST | GRASSLAND || Specific: CASTLE | CITY | ESTUARY | GENERALIST | ISLAND | ROAD | SAVANNA | VILLAGE | WORKSHOP,,,
SITE-142,,WORKING,CITY,PRIME,6,-33.587215,27.868918,R21,Ringwood Isles,Southwestern,COASTAL_LAND,GRASSLAND_STEPPE,COASTAL | GRASSLAND,ESTUARY | STEPPE,120.7,1.8,2250.0,5387.9,6005.9,,1,POI-090,SEA,Southern Passage Sea,POI-090 [SEA] Southern Passage Sea,Region: Ringwood Isles || Continent: Southwestern || Class: City || Biome: Grassland Steppe || Broad: COASTAL | GRASSLAND || Specific: ESTUARY | STEPPE || POIs: POI-090 [SEA] Southern Passage Sea,,,
SITE-143,,WORKING,TOWN,MAJOR,5,-37.837262,-47.591572,R21,Ringwood Isles,Southwestern,LAND,SAVANNA_WARM_GRASSLAND,GRASSLAND,SAVANNA,1122.8,431.4,615.8,1739.6,457.7,,0,,,,,Region: Ringwood Isles || Continent: Southwestern || Class: Town || Biome: Savanna Warm Grassland || Broad: GRASSLAND || Specific: SAVANNA,,,
SITE-144,,WORKING,VILLAGE,STRONG,4,-47.850539,29.885814,R21,Ringwood Isles,Southwestern,COASTAL_LAND,OCEAN,COASTAL,ESTUARY,0.0,1.9,2018.8,5514.1,7022.3,,0,,,,,Region: Ringwood Isles || Continent: Southwestern || Class: Village || Biome: Ocean || Broad: COASTAL || Specific: ESTUARY,,,
SITE-145,,WORKING,HAMLET,GOOD,3,-50.408928,84.291437,R21,Ringwood Isles,Southwestern,COASTAL_LAND,SUBTROPICAL_DENSE_FOREST,COASTAL | FOREST,ESTUARY | FOREST_FLOOR | ISLAND | RAIN_FOREST,36.2,1.6,4248.5,4127.1,8461.9,,2,POI-005 | POI-016,VOLCANIC_ISLAND_CHAIN | UNDERWATER_LANDMARK,Visible Volcanic Island Chain | Abyssal Underwater Landmark,POI-005 [VOLCANIC_ISLAND_CHAIN] Visible Volcanic Island Chain; POI-016 [UNDERWATER_LANDMARK] Abyssal Underwater Landmark,Region: Ringwood Isles || Continent: Southwestern || Class: Hamlet || Biome: Subtropical Dense Forest || Broad: COASTAL | FOREST || Specific: ESTUARY | FOREST_FLOOR | ISLAND | RAIN_FOREST || POIs: POI-005 [VOLCANIC_ISLAND_CHAIN] Visible Volcanic Island Chain; POI-016 [UNDERWATER_LANDMARK] Abyssal Underwater Landmark,,,
SITE-146,,WORKING,HAMLET,MODEST,2,-39.470955,-33.40995,R21,Ringwood Isles,Southwestern,LAND,ICE_SNOW_GLACIER,POLAR_ICE,GLACIER | PACK_ICE,873.2,262.1,659.2,1731.3,1040.1,,1,POI-049,RIVER,Central Plains River,POI-049 [RIVER] Central Plains River,Region: Ringwood Isles || Continent: Southwestern || Class: Hamlet || Biome: Ice Snow Glacier || Broad: POLAR_ICE || Specific: GLACIER | PACK_ICE || POIs: POI-049 [RIVER] Central Plains River,,,
SITE-147,,WORKING,HAMLET,FRONTIER,1,-34.388691,-59.943631,R21,Ringwood Isles,Southwestern,LAND,ALPINE_MOUNTAIN,MOUNTAIN,ALPINE | PLATEAU,2167.5,376.9,603.9,2243.1,232.4,,3,POI-030 | POI-062 | POI-075,PEAK | PLAINS | MOUNTAIN_RANGE,Derived Summit 02 | Southern Great Plain | Southern Long Range,POI-030 [PEAK] Derived Summit 02; POI-062 [PLAINS] Southern Great Plain; POI-075 [MOUNTAIN_RANGE] Southern Long Range,Region: Ringwood Isles || Continent: Southwestern || Class: Hamlet || Biome: Alpine Mountain || Broad: MOUNTAIN || Specific: ALPINE | PLATEAU || POIs: POI-030 [PEAK] Derived Summit 02; POI-062 [PLAINS] Southern Great Plain; POI-075 [MOUNTAIN_RANGE] Southern Long Range,,,
SITE-148,Tjuringa,CANONICAL,METROPOLIS,METROPOLIS,7,-68.023152,43.027322,R22,The Chains,Southwestern,LAND,SAVANNA_WARM_GRASSLAND,BUILT_ENVIRONMENT | GENERALIST | GRASSLAND,CASTLE | CITY | GENERALIST | ISLAND | ROAD | SAVANNA | VILLAGE | WORKSHOP,50.8,55.6,3579.8,6461.2,8446.8,ISLAND-0179,1,POI-083,ISLAND,Far-South Ice Isle,POI-083 [ISLAND] Far-South Ice Isle,Region: The Chains || Continent: Southwestern || Class: Metropolis || Biome: Savanna Warm Grassland || Broad: BUILT_ENVIRONMENT | GENERALIST | GRASSLAND || Specific: CASTLE | CITY | GENERALIST | ISLAND | ROAD | SAVANNA | VILLAGE | WORKSHOP || POIs: POI-083 [ISLAND] Far-South Ice Isle,,,
SITE-149,,WORKING,CITY,PRIME,6,-45.266832,17.463451,R22,The Chains,Southwestern,LAND,GRASSLAND_STEPPE,GRASSLAND,STEPPE,82.0,243.2,839.3,4416.4,5818.6,,0,,,,,Region: The Chains || Continent: Southwestern || Class: City || Biome: Grassland Steppe || Broad: GRASSLAND || Specific: STEPPE,,,
SITE-150,,WORKING,TOWN,MAJOR,5,-48.035767,29.955534,R22,The Chains,Southwestern,COASTAL_LAND,OCEAN,COASTAL,ESTUARY,0.0,5.0,2026.0,5517.3,7029.7,,0,,,,,Region: The Chains || Continent: Southwestern || Class: Town || Biome: Ocean || Broad: COASTAL || Specific: ESTUARY,,,
SITE-151,,WORKING,VILLAGE,STRONG,4,-62.64813,58.183927,R22,The Chains,Southwestern,COASTAL_LAND,SAVANNA_WARM_GRASSLAND,COASTAL | GRASSLAND,ESTUARY | ISLAND | SAVANNA,33.7,10.0,4881.3,5575.1,8538.7,,0,,,,,Region: The Chains || Continent: Southwestern || Class: Village || Biome: Savanna Warm Grassland || Broad: COASTAL | GRASSLAND || Specific: ESTUARY | ISLAND | SAVANNA,,,
SITE-152,,WORKING,HAMLET,GOOD,3,-54.047133,16.211677,R22,The Chains,Southwestern,COASTAL_LAND,OCEAN,COASTAL,ESTUARY,0.0,3.0,889.1,4124.0,5750.1,,0,,,,,Region: The Chains || Continent: Southwestern || Class: Hamlet || Biome: Ocean || Broad: COASTAL || Specific: ESTUARY,,,
SITE-153,,WORKING,HAMLET,MODEST,2,-53.294476,70.573762,R22,The Chains,Southwestern,COASTAL_LAND,SUBTROPICAL_DENSE_FOREST,COASTAL | FOREST,ESTUARY | FOREST_FLOOR | ISLAND | RAIN_FOREST,35.0,1.0,4749.4,4642.2,8181.1,,1,POI-082,ISLAND,Emberchain Isle,POI-082 [ISLAND] Emberchain Isle,Region: The Chains || Continent: Southwestern || Class: Hamlet || Biome: Subtropical Dense Forest || Broad: COASTAL | FOREST || Specific: ESTUARY | FOREST_FLOOR | ISLAND | RAIN_FOREST || POIs: POI-082 [ISLAND] Emberchain Isle,,,
SITE-154,,WORKING,HAMLET,FRONTIER,1,-38.557085,23.968514,R22,The Chains,Southwestern,COASTAL_LAND,SUBTROPICAL_DENSE_FOREST,COASTAL | FOREST,ESTUARY | FOREST_FLOOR | RAIN_FOREST,143.8,4.0,1664.0,5230.1,6473.5,,0,,,,,Region: The Chains || Continent: Southwestern || Class: Hamlet || Biome: Subtropical Dense Forest || Broad: COASTAL | FOREST || Specific: ESTUARY | FOREST_FLOOR | RAIN_FOREST,,,
SITE-155,Yupanqui,CANONICAL,METROPOLIS,METROPOLIS,7,-48.118616,-65.100893,R23,Highwater,Southwestern,LAND,SUBTROPICAL_DENSE_FOREST,BUILT_ENVIRONMENT | FOREST | GENERALIST,CASTLE | CITY | FOREST_FLOOR | GENERALIST | RAIN_FOREST | ROAD | VILLAGE | WORKSHOP,1085.9,2489.1,1277.8,1104.2,1060.3,,0,,,,,Region: Highwater || Continent: Southwestern || Class: Metropolis || Biome: Subtropical Dense Forest || Broad: BUILT_ENVIRONMENT | FOREST | GENERALIST || Specific: CASTLE | CITY | FOREST_FLOOR | GENERALIST | RAIN_FOREST | ROAD | VILLAGE | WORKSHOP,,,
SITE-156,,WORKING,CITY,PRIME,6,-73.962504,-43.660959,R23,Highwater,Southwestern,DELTA,WETLAND_DELTA,FRESHWATER | WETLAND,BOG | DELTA | FLOODPLAIN | MUDFLAT | RIVER,65.0,222.4,18.3,0.0,1877.3,DELTA-0158,0,,,,,Region: Highwater || Continent: Southwestern || Class: City || Biome: Wetland Delta || Broad: FRESHWATER | WETLAND || Specific: BOG | DELTA | FLOODPLAIN | MUDFLAT | RIVER,,,
SITE-157,,WORKING,TOWN,MAJOR,5,-58.699681,-44.796552,R23,Highwater,Southwestern,DELTA,WETLAND_DELTA,FRESHWATER | WETLAND,BOG | DELTA | FLOODPLAIN | MUDFLAT,131.4,378.1,270.8,0.0,1082.7,,1,POI-079,WETLAND,Southern Blackmarsh,POI-079 [WETLAND] Southern Blackmarsh,Region: Highwater || Continent: Southwestern || Class: Town || Biome: Wetland Delta || Broad: FRESHWATER | WETLAND || Specific: BOG | DELTA | FLOODPLAIN | MUDFLAT || POIs: POI-079 [WETLAND] Southern Blackmarsh,,,
SITE-158,,WORKING,VILLAGE,STRONG,4,-50.140458,-52.192152,R23,Highwater,Southwestern,LAND,GRASSLAND_STEPPE,GRASSLAND,STEPPE,1152.5,455.8,145.2,613.8,587.2,,2,POI-048 | POI-071,RIVER | RAPIDS,Southern Great River | Southern Great River Rapids,POI-048 [RIVER] Southern Great River; POI-071 [RAPIDS] Southern Great River Rapids,Region: Highwater || Continent: Southwestern || Class: Village || Biome: Grassland Steppe || Broad: GRASSLAND || Specific: STEPPE || POIs: POI-048 [RIVER] Southern Great River; POI-071 [RAPIDS] Southern Great River Rapids,,,
SITE-159,,WORKING,HAMLET,GOOD,3,-41.390532,-80.76067,R23,Highwater,Southwestern,COASTAL_LAND,SUBTROPICAL_DENSE_FOREST,COASTAL | FOREST,ESTUARY | FOREST_FLOOR | RAIN_FOREST,723.7,14.7,2572.6,2567.0,1723.5,,0,,,,,Region: Highwater || Continent: Southwestern || Class: Hamlet || Biome: Subtropical Dense Forest || Broad: COASTAL | FOREST || Specific: ESTUARY | FOREST_FLOOR | RAIN_FOREST,,,
SITE-160,,WORKING,HAMLET,MODEST,2,-62.800836,-75.299008,R23,Highwater,Southwestern,LAND,SUBTROPICAL_DENSE_FOREST,FOREST,FOREST_FLOOR | RAIN_FOREST,303.6,88.9,1720.6,1321.3,2498.7,,0,,,,,Region: Highwater || Continent: Southwestern || Class: Hamlet || Biome: Subtropical Dense Forest || Broad: FOREST || Specific: FOREST_FLOOR | RAIN_FOREST,,,
SITE-161,,WORKING,HAMLET,FRONTIER,1,-43.457911,-41.790224,R23,Highwater,Southwestern,LAND,ALPINE_MOUNTAIN,MOUNTAIN,ALPINE | PLATEAU,2927.0,74.0,991.1,1243.8,157.5,,0,,,,,Region: Highwater || Continent: Southwestern || Class: Hamlet || Biome: Alpine Mountain || Broad: MOUNTAIN || Specific: ALPINE | PLATEAU,,,
SITE-162,Lacerta Shore,CANONICAL,METROPOLIS,METROPOLIS,7,-62.173143,-89.240738,R24,Southcanopy,Southwestern,COASTAL_LAND,SUBTROPICAL_DENSE_FOREST,BUILT_ENVIRONMENT | COASTAL | FOREST | GENERALIST,CASTLE | CITY | ESTUARY | FOREST_FLOOR | GENERALIST | RAIN_FOREST | ROAD | VILLAGE | WORKSHOP,44.2,39.3,3034.0,2647.0,3372.5,,0,,,,,Region: Southcanopy || Continent: Southwestern || Class: Metropolis || Biome: Subtropical Dense Forest || Broad: BUILT_ENVIRONMENT | COASTAL | FOREST | GENERALIST || Specific: CASTLE | CITY | ESTUARY | FOREST_FLOOR | GENERALIST | RAIN_FOREST | ROAD | VILLAGE | WORKSHOP,,,
SITE-163,,WORKING,CITY,PRIME,6,-37.169788,-102.750626,R24,Southcanopy,Southwestern,COASTAL_LAND,OCEAN,COASTAL,ESTUARY,0.0,8.9,4660.1,4596.4,3266.7,,0,,,,,Region: Southcanopy || Continent: Southwestern || Class: City || Biome: Ocean || Broad: COASTAL || Specific: ESTUARY,,,
SITE-164,,WORKING,TOWN,MAJOR,5,-47.098292,-90.541327,R24,Southcanopy,Southwestern,LAND,GRASSLAND_STEPPE,GRASSLAND,STEPPE,174.9,258.0,3538.2,3132.7,2794.4,,0,,,,,Region: Southcanopy || Continent: Southwestern || Class: Town || Biome: Grassland Steppe || Broad: GRASSLAND || Specific: STEPPE,,,
SITE-165,,WORKING,VILLAGE,STRONG,4,-66.018833,-78.056916,R24,Southcanopy,Southwestern,LAND,SAVANNA_WARM_GRASSLAND,GRASSLAND,SAVANNA,96.3,85.0,1933.4,1548.6,2803.9,,0,,,,,Region: Southcanopy || Continent: Southwestern || Class: Village || Biome: Savanna Warm Grassland || Broad: GRASSLAND || Specific: SAVANNA,,,
SITE-166,,WORKING,HAMLET,GOOD,3,-32.405701,-94.501684,R24,Southcanopy,Southwestern,COASTAL_LAND,SUBTROPICAL_DENSE_FOREST,COASTAL | FOREST,ESTUARY | FOREST_FLOOR | RAIN_FOREST,37.7,26.8,3896.6,4178.6,2326.5,,0,,,,,Region: Southcanopy || Continent: Southwestern || Class: Hamlet || Biome: Subtropical Dense Forest || Broad: COASTAL | FOREST || Specific: ESTUARY | FOREST_FLOOR | RAIN_FOREST,,,
SITE-167,,WORKING,HAMLET,MODEST,2,-37.745689,-83.021081,R24,Southcanopy,Southwestern,COASTAL_LAND,SUBTROPICAL_DENSE_FOREST,COASTAL | FOREST,ESTUARY | FOREST_FLOOR | RAIN_FOREST,589.5,8.3,2757.1,2965.7,1685.0,,0,,,,,Region: Southcanopy || Continent: Southwestern || Class: Hamlet || Biome: Subtropical Dense Forest || Broad: COASTAL | FOREST || Specific: ESTUARY | FOREST_FLOOR | RAIN_FOREST,,,
SITE-168,,WORKING,HAMLET,FRONTIER,1,-53.787155,-78.111425,R24,Southcanopy,Southwestern,LAND,SUBTROPICAL_DENSE_FOREST,FOREST,FOREST_FLOOR | RAIN_FOREST,656.6,109.4,2225.4,1816.0,2214.4,,0,,,,,Region: Southcanopy || Continent: Southwestern || Class: Hamlet || Biome: Subtropical Dense Forest || Broad: FOREST || Specific: FOREST_FLOOR | RAIN_FOREST,,,
SITE-169,Serpentis,CANONICAL,METROPOLIS,METROPOLIS,7,-72.707695,-23.324293,R25,Marshroot,Southwestern,LAND,SUBTROPICAL_DENSE_FOREST,BUILT_ENVIRONMENT | FOREST | GENERALIST,CASTLE | CITY | FOREST_FLOOR | GENERALIST | RAIN_FOREST | ROAD | VILLAGE | WORKSHOP,55.4,62.2,613.2,253.4,2638.7,,1,POI-092,OCEAN,Southern Ocean,POI-092 [OCEAN] Southern Ocean,Region: Marshroot || Continent: Southwestern || Class: Metropolis || Biome: Subtropical Dense Forest || Broad: BUILT_ENVIRONMENT | FOREST | GENERALIST || Specific: CASTLE | CITY | FOREST_FLOOR | GENERALIST | RAIN_FOREST | ROAD | VILLAGE | WORKSHOP || POIs: POI-092 [OCEAN] Southern Ocean,,,
SITE-170,,WORKING,CITY,PRIME,6,-61.818211,-34.3432,R25,Marshroot,Southwestern,DELTA,WETLAND_DELTA,FRESHWATER | WETLAND,BOG | DELTA | FLOODPLAIN | MUDFLAT,65.0,1380.2,458.6,0.0,1542.3,DELTA-0142,0,,,,,Region: Marshroot || Continent: Southwestern || Class: City || Biome: Wetland Delta || Broad: FRESHWATER | WETLAND || Specific: BOG | DELTA | FLOODPLAIN | MUDFLAT,,,
SITE-171,,WORKING,TOWN,MAJOR,5,-37.978287,-19.978419,R25,Marshroot,Southwestern,LAND,SAVANNA_WARM_GRASSLAND,FRESHWATER | GRASSLAND,FLOODPLAIN | RIVER | SAVANNA,998.1,83.6,9.8,2169.7,2300.5,,0,,,,,Region: Marshroot || Continent: Southwestern || Class: Town || Biome: Savanna Warm Grassland || Broad: FRESHWATER | GRASSLAND || Specific: FLOODPLAIN | RIVER | SAVANNA,,,
SITE-172,,WORKING,VILLAGE,STRONG,4,-60.403762,-8.383211,R25,Marshroot,Southwestern,COASTAL_LAND,GRASSLAND_STEPPE,COASTAL | GRASSLAND,ESTUARY | STEPPE,56.6,30.6,1565.2,1711.5,3540.8,,1,POI-011,WHIRLPOOL,Ocean Whirlpool,POI-011 [WHIRLPOOL] Ocean Whirlpool,Region: Marshroot || Continent: Southwestern || Class: Village || Biome: Grassland Steppe || Broad: COASTAL | GRASSLAND || Specific: ESTUARY | STEPPE || POIs: POI-011 [WHIRLPOOL] Ocean Whirlpool,,,
SITE-173,,WORKING,HAMLET,GOOD,3,-51.050407,7.455035,R25,Marshroot,Southwestern,LAND,ICE_SNOW_GLACIER,POLAR_ICE,GLACIER | PACK_ICE,56.0,190.3,347.3,3347.9,4882.8,,0,,,,,Region: Marshroot || Continent: Southwestern || Class: Hamlet || Biome: Ice Snow Glacier || Broad: POLAR_ICE || Specific: GLACIER | PACK_ICE,,,
SITE-174,,WORKING,HAMLET,MODEST,2,-45.932742,-39.663859,R25,Marshroot,Southwestern,LAND,SUBTROPICAL_DENSE_FOREST,FOREST,FOREST_FLOOR | RAIN_FOREST,1559.2,66.1,1116.1,1036.4,323.9,,0,,,,,Region: Marshroot || Continent: Southwestern || Class: Hamlet || Biome: Subtropical Dense Forest || Broad: FOREST || Specific: FOREST_FLOOR | RAIN_FOREST,,,
SITE-175,,WORKING,HAMLET,FRONTIER,1,-36.216296,7.17205,R25,Marshroot,Southwestern,COASTAL_LAND,SUBTROPICAL_DENSE_FOREST,COASTAL | FOREST,ESTUARY | FOREST_FLOOR | RAIN_FOREST,1207.5,11.9,407.7,3922.7,4896.9,,1,POI-088,PLATEAU,Eastern Grassland Upland,POI-088 [PLATEAU] Eastern Grassland Upland,Region: Marshroot || Continent: Southwestern || Class: Hamlet || Biome: Subtropical Dense Forest || Broad: COASTAL | FOREST || Specific: ESTUARY | FOREST_FLOOR | RAIN_FOREST || POIs: POI-088 [PLATEAU] Eastern Grassland Upland,,,
