regionId,regionName,siteId,currentSiteName,nameStatus,classification,attractivenessTier,latitude,longitude,broadTerrain,specificTerrain
R01,Icewake,SITE-001,Anseris,CANONICAL,METROPOLIS,7,81.375,-106.375,BUILT_ENVIRONMENT | COASTAL | GENERALIST | GRASSLAND | OCEAN | POLAR_ICE | SUBTERRANEAN,BOREAL_FOREST | CASTLE | CITY | ESTUARY | GENERALIST | ROAD | TUNDRA | VILLAGE | WORKSHOP
R02,Timbersteppe,SITE-008,Lupin-Ghar,CANONICAL,METROPOLIS,7,64.028474,-157.391045,BUILT_ENVIRONMENT | FOREST | GENERALIST,CASTLE | CITY | FOREST_FLOOR | GENERALIST | ROAD | VILLAGE | WOODLAND | WORKSHOP
R03,Highsteppe,SITE-015,High Torven,CANONICAL,METROPOLIS,7,45.138154,-106.720397,BUILT_ENVIRONMENT | GENERALIST | GRASSLAND,CASTLE | CITY | GENERALIST | ROAD | STEPPE | VILLAGE | WORKSHOP
R04,Rivergrass,SITE-022,Suro Mara,CANONICAL,METROPOLIS,7,46.595012,-94.855377,BUILT_ENVIRONMENT | GENERALIST | GRASSLAND,CASTLE | CITY | GENERALIST | ROAD | STEPPE | VILLAGE | WORKSHOP
R05,Shadowspine,SITE-029,Crest Haven,CANONICAL,METROPOLIS,7,28.255597,-83.267442,BUILT_ENVIRONMENT | FOREST | GENERALIST | MOUNTAIN,ALPINE | CASTLE | CITY | FOREST_FLOOR | GENERALIST | PLATEAU | ROAD | VILLAGE | WOODLAND | WORKSHOP
R06,Highcourt,SITE-036,Ascendancy,CANONICAL,METROPOLIS,7,20.360822,-32.076454,BUILT_ENVIRONMENT | FOREST | GENERALIST,CASTLE | CITY | FOREST_FLOOR | GENERALIST | ISLAND | ROAD | VILLAGE | WOODLAND | WORKSHOP
R07,Duskcanopy,SITE-043,Sanguin Bay,CANONICAL,METROPOLIS,7,3.049856,-75.325975,BUILT_ENVIRONMENT | COASTAL | GENERALIST | GRASSLAND,CASTLE | CITY | ESTUARY | GENERALIST | ISLAND | ROAD | STEPPE | VILLAGE | WORKSHOP
R08,Shadeleaf,SITE-050,Luminthalas,CANONICAL,METROPOLIS,7,3.625,-153.375,BUILT_ENVIRONMENT | COASTAL | FOREST | GENERALIST,CASTLE | CITY | ESTUARY | FOREST_FLOOR | GENERALIST | ROAD | VILLAGE | WOODLAND | WORKSHOP
R09,Forestcrown,SITE-057,Dzongkhar,CANONICAL,METROPOLIS,7,41.740275,50.235873,BUILT_ENVIRONMENT | FOREST | GENERALIST,CASTLE | CITY | FOREST_FLOOR | GENERALIST | ROAD | VILLAGE | WOODLAND | WORKSHOP
R10,Innerwood,SITE-064,Shahravan,CANONICAL,METROPOLIS,7,27.122485,56.390356,BUILT_ENVIRONMENT | FOREST | FRESHWATER | GENERALIST,CASTLE | CITY | FLOODPLAIN | FOREST_FLOOR | GENERALIST | RIVER | ROAD | VILLAGE | WOODLAND | WORKSHOP
R11,Sunscar,SITE-071,Al-Mihraq,CANONICAL,METROPOLIS,7,52.317676,61.929893,BUILT_ENVIRONMENT | GENERALIST | GRASSLAND,CASTLE | CITY | GENERALIST | ROAD | SAVANNA | VILLAGE | WORKSHOP
R12,Reefward,SITE-078,Thalassor,CANONICAL,METROPOLIS,7,39.033403,123.733175,BUILT_ENVIRONMENT | FOREST | GENERALIST,CASTLE | CITY | FOREST_FLOOR | GENERALIST | ISLAND | ROAD | VILLAGE | WOODLAND | WORKSHOP
R13,Drymarsh,SITE-085,Celestial Quay,CANONICAL,METROPOLIS,7,-20.370677,97.922804,BUILT_ENVIRONMENT | COASTAL | GENERALIST | GRASSLAND,CASTLE | CITY | ESTUARY | GENERALIST | ISLAND | ROAD | SAVANNA | VILLAGE | WORKSHOP
R14,Manywater,SITE-092,Hydros,CANONICAL,METROPOLIS,7,15.526637,76.91743,BUILT_ENVIRONMENT | FRESHWATER | GENERALIST | GRASSLAND,CASTLE | CITY | FLOODPLAIN | GENERALIST | RIVER | ROAD | SAVANNA | VILLAGE | WORKSHOP
R15,Forestfold,SITE-099,Devanagri,CANONICAL,METROPOLIS,7,34.265298,30.076611,BUILT_ENVIRONMENT | FOREST | GENERALIST,CASTLE | CITY | FOREST_FLOOR | GENERALIST | ROAD | VILLAGE | WOODLAND | WORKSHOP
R16,Eastchain,SITE-106,Naga-Pura,CANONICAL,METROPOLIS,7,-0.767155,150.922246,BUILT_ENVIRONMENT | GENERALIST | GRASSLAND,CASTLE | CITY | GENERALIST | ISLAND | ROAD | SAVANNA | VILLAGE | WORKSHOP
R17,Canopywall,SITE-113,Sylvan Gate,CANONICAL,METROPOLIS,7,-16.01149,-108.542634,BUILT_ENVIRONMENT | COASTAL | GENERALIST | GRASSLAND,CASTLE | CITY | ESTUARY | GENERALIST | ROAD | STEPPE | VILLAGE | WORKSHOP
R18,Aerie Peaks,SITE-120,Gryphon Reach,CANONICAL,METROPOLIS,7,-9.432322,-74.529366,BUILT_ENVIRONMENT | COASTAL | GENERALIST | GRASSLAND,CASTLE | CITY | ESTUARY | GENERALIST | ROAD | STEPPE | VILLAGE | WORKSHOP
R19,Caldera Heights,SITE-127,Whakareva,CANONICAL,METROPOLIS,7,-27.87888,18.921071,BUILT_ENVIRONMENT | GENERALIST | GRASSLAND,CASTLE | CITY | GENERALIST | ROAD | STEPPE | VILLAGE | WORKSHOP
R20,Heartwood,SITE-134,Chiroptera,CANONICAL,METROPOLIS,7,-31.615694,-21.940734,BUILT_ENVIRONMENT | FRESHWATER | GENERALIST | GRASSLAND,CASTLE | CITY | FLOODPLAIN | GENERALIST | RIVER | ROAD | SAVANNA | VILLAGE | WORKSHOP
R21,Ringwood Isles,SITE-141,Atlantia,CANONICAL,METROPOLIS,7,-34.432478,91.026361,BUILT_ENVIRONMENT | COASTAL | GENERALIST | GRASSLAND,CASTLE | CITY | ESTUARY | GENERALIST | ISLAND | ROAD | SAVANNA | VILLAGE | WORKSHOP
R22,The Chains,SITE-148,Tjuringa,CANONICAL,METROPOLIS,7,-68.023152,43.027322,BUILT_ENVIRONMENT | GENERALIST | GRASSLAND,CASTLE | CITY | GENERALIST | ISLAND | ROAD | SAVANNA | VILLAGE | WORKSHOP
R23,Highwater,SITE-155,Yupanqui,CANONICAL,METROPOLIS,7,-48.118616,-65.100893,BUILT_ENVIRONMENT | FOREST | GENERALIST,CASTLE | CITY | FOREST_FLOOR | GENERALIST | RAIN_FOREST | ROAD | VILLAGE | WORKSHOP
R24,Southcanopy,SITE-162,Lacerta Shore,CANONICAL,METROPOLIS,7,-62.173143,-89.240738,BUILT_ENVIRONMENT | COASTAL | FOREST | GENERALIST,CASTLE | CITY | ESTUARY | FOREST_FLOOR | GENERALIST | RAIN_FOREST | ROAD | VILLAGE | WORKSHOP
R25,Marshroot,SITE-169,Serpentis,CANONICAL,METROPOLIS,7,-72.707695,-23.324293,BUILT_ENVIRONMENT | FOREST | GENERALIST,CASTLE | CITY | FOREST_FLOOR | GENERALIST | RAIN_FOREST | ROAD | VILLAGE | WORKSHOP
