siteId,siteCurrentName,siteClassification,siteAttractivenessClass,siteLatitude,siteLongitude,regionId,regionName,continent,siteBroadTerrain,siteSpecificTerrain,poiId,poiType,poiCurrentName,poiWorkingLabel,poiNameStatus,poiLatitude,poiLongitude,poiSurfaceType,poiHostFeatureId,poiPrimaryBiomeId,isMagical,isRuntimeEffectAnchor,siteAssignmentDistanceKm,siteAssignmentMethod,proposedPoiName,proposedPoiPronunciation,poiNamingNotes
SITE-004,,VILLAGE,STRONG,55.653895,-99.139383,R01,Icewake,Northwestern,FOREST | FRESHWATER,FLOODPLAIN | FOREST_FLOOR | RIVER | WOODLAND,POI-042,RIVER,Northeast Wetland Feeder River,Northeast Wetland Feeder River,WORKING,53.581405,-97.758628,SHALLOW_WATER,RIVER-SYS-0001,BIOME-CLASS-TEMPERATE_DENSE_FOREST,False,False,247.0,NEAREST_COMPATIBLE_SITE_FOR_OFFSHORE_POI,,,
SITE-007,,HAMLET,FRONTIER,70.659302,-107.468519,R01,Icewake,Northwestern,COASTAL | MOUNTAIN | POLAR_ICE,ALPINE | CLIFF | ESTUARY | GLACIER | PACK_ICE,POI-068,GLACIER,Northern Crown Glacier,Northern Crown Glacier,WORKING,71.270192,-96.805288,ICE,BIOME-SWATH-0306,BIOME-CLASS-ICE_SNOW_GLACIER,False,False,392.1,NEAREST_COMPATIBLE_SITE_IN_PHYSICAL_REGION,,,
SITE-007,,HAMLET,FRONTIER,70.659302,-107.468519,R01,Icewake,Northwestern,COASTAL | MOUNTAIN | POLAR_ICE,ALPINE | CLIFF | ESTUARY | GLACIER | PACK_ICE,POI-086,PLATEAU,,Northern Glacial Upland,WORKING,73.492889,-105.525328,LAND,PLATEAU-NW-01,BIOME-01,False,False,322.0,NEAREST_COMPATIBLE_SITE_IN_PHYSICAL_REGION,,,
SITE-009,,CITY,PRIME,41.773021,-127.632047,R02,Timbersteppe,Northwestern,COASTAL | GRASSLAND,ESTUARY | STEPPE,POI-058,GRASSLAND,Westwind Grasslands,Westwind Grasslands,WORKING,40.047822,-127.383937,LAND,BIOME-SWATH-0383,BIOME-CLASS-GRASSLAND_STEPPE,False,False,193.0,NEAREST_COMPATIBLE_SITE_IN_PHYSICAL_REGION,,,
SITE-012,,HAMLET,GOOD,54.101261,-129.772159,R02,Timbersteppe,Northwestern,COASTAL | MOUNTAIN,ALPINE | ESTUARY | PLATEAU,POI-035,HEATHERLANDS,Western Heatherlands,Western Heatherlands,WORKING,48.375,-134.65625,LAND,BIOME-SWATH-2171,BIOME-CLASS-ALPINE_MOUNTAIN,False,False,721.4,NEAREST_COMPATIBLE_SITE_IN_PHYSICAL_REGION,,,
SITE-012,,HAMLET,GOOD,54.101261,-129.772159,R02,Timbersteppe,Northwestern,COASTAL | MOUNTAIN,ALPINE | ESTUARY | PLATEAU,POI-076,HILLS,Western Heather Hills,Western Heather Hills,WORKING,48.375,-134.65625,LAND,BIOME-SWATH-2171,BIOME-CLASS-ALPINE_MOUNTAIN,False,False,721.4,NEAREST_COMPATIBLE_SITE_IN_PHYSICAL_REGION,,,
SITE-015,High Torven,METROPOLIS,METROPOLIS,45.138154,-106.720397,R03,Highsteppe,Northwestern,BUILT_ENVIRONMENT | GENERALIST | GRASSLAND,CASTLE | CITY | GENERALIST | ROAD | STEPPE | VILLAGE | WORKSHOP,POI-050,FOREST,Northwestern Greatwood,Northwestern Greatwood,WORKING,41.807353,-112.617362,LAND,BIOME-SWATH-0608,BIOME-SWATH-1351,False,False,602.7,NEAREST_COMPATIBLE_SITE_IN_PHYSICAL_REGION,,,
SITE-016,,CITY,PRIME,67.002817,-111.030264,R03,Highsteppe,Northwestern,MOUNTAIN | POLAR_ICE,ALPINE | CLIFF | GLACIER | PACK_ICE,POI-020,PEAK,,Central Spine Peak,WORKING,62.236552,-107.537895,LAND,PEAK-NW-02,BIOME-02,False,False,555.3,NEAREST_COMPATIBLE_SITE_IN_PHYSICAL_REGION,,,
SITE-017,,TOWN,MAJOR,41.016237,-128.410344,R03,Highsteppe,Northwestern,COASTAL | GRASSLAND,ESTUARY | STEPPE,POI-003,HEATHERLANDS,Rainbow Heatherland Heart,Rainbow Heatherland Heart,WORKING,43.125,-126.96875,LAND,,BIOME-03,True,True,262.9,NEAREST_COMPATIBLE_SITE_IN_PHYSICAL_REGION,,,
SITE-017,,TOWN,MAJOR,41.016237,-128.410344,R03,Highsteppe,Northwestern,COASTAL | GRASSLAND,ESTUARY | STEPPE,POI-063,HILLS,Heather Hills,Heather Hills,WORKING,42.639529,-126.844251,LAND,BIOME-SWATH-0687,BIOME-CLASS-GRASSLAND_STEPPE,False,False,222.3,NEAREST_COMPATIBLE_SITE_IN_PHYSICAL_REGION,,,
SITE-021,,HAMLET,FRONTIER,78.191384,-117.845511,R03,Highsteppe,Northwestern,COASTAL | POLAR_ICE,ESTUARY | GLACIER | PACK_ICE,POI-019,PEAK,,High North Peak,WORKING,75.119537,-109.737107,LAND,PEAK-NW-01,BIOME-02,False,False,399.2,NEAREST_COMPATIBLE_SITE_IN_PHYSICAL_REGION,,,
SITE-023,,CITY,PRIME,37.008632,-78.751768,R04,Rivergrass,Northwestern,FRESHWATER | WETLAND,FLOODPLAIN | LAKE | MARSH | POND | SWAMP,POI-040,LAKE,Northwestern Great Lake,Northwestern Great Lake,WORKING,42.076625,-80.302596,SHALLOW_WATER,WATER-NW-01,BIOME-SWATH-1886,False,False,579.0,NEAREST_COMPATIBLE_SITE_FOR_OFFSHORE_POI,,,
SITE-023,,CITY,PRIME,37.008632,-78.751768,R04,Rivergrass,Northwestern,FRESHWATER | WETLAND,FLOODPLAIN | LAKE | MARSH | POND | SWAMP,POI-077,WETLAND,Northwestern Reedlands,Northwestern Reedlands,WORKING,37.533898,-71.217485,WETLAND,BIOME-SWATH-0461,BIOME-SWATH-1886,False,False,669.1,NEAREST_COMPATIBLE_SITE_IN_PHYSICAL_REGION,,,
SITE-026,,HAMLET,GOOD,50.950665,-61.241933,R04,Rivergrass,Northwestern,FOREST | FRESHWATER,FLOODPLAIN | FOREST_FLOOR | RIVER | WOODLAND,POI-043,RIVER,Eastern Wetland Outflow,Eastern Wetland Outflow,WORKING,48.498128,-65.690746,SHALLOW_WATER,RIVER-SYS-0002,BIOME-CLASS-TEMPERATE_DENSE_FOREST,False,False,420.2,NEAREST_COMPATIBLE_SITE_FOR_OFFSHORE_POI,,,
SITE-027,,HAMLET,MODEST,30.91927,-95.171737,R04,Rivergrass,Northwestern,COASTAL | FOREST,ESTUARY | FOREST_FLOOR | SHADOW_FOREST,POI-044,RIVER,Waterfall River,Waterfall River,WORKING,37.66776,-104.538846,SHALLOW_WATER,RIVER-SYS-0003,BIOME-CLASS-SHADOW_FOREST,False,False,1140.6,NEAREST_COMPATIBLE_SITE_FOR_OFFSHORE_POI,,,
SITE-027,,HAMLET,MODEST,30.91927,-95.171737,R04,Rivergrass,Northwestern,COASTAL | FOREST,ESTUARY | FOREST_FLOOR | SHADOW_FOREST,POI-070,RAPIDS,Waterfall River Rapids,Waterfall River Rapids,WORKING,37.66776,-104.538846,SHALLOW_WATER,RIVER-SYS-0003,BIOME-CLASS-SHADOW_FOREST,False,False,1140.6,NEAREST_COMPATIBLE_SITE_IN_PHYSICAL_REGION,,,
SITE-028,,HAMLET,FRONTIER,58.522775,-106.093649,R04,Rivergrass,Northwestern,COASTAL | MOUNTAIN,ALPINE | ESTUARY | PLATEAU,POI-018,MOUNTAIN_RANGE,Northwestern Spine Range,Northwestern Spine Range,WORKING,52.982609,-105.934046,LAND,MOUNTAIN-RANGE-001,BIOME-CLASS-ALPINE_MOUNTAIN,False,False,616.1,NEAREST_COMPATIBLE_SITE_IN_PHYSICAL_REGION,,,
SITE-029,Crest Haven,METROPOLIS,METROPOLIS,28.255597,-83.267442,R05,Shadowspine,Northwestern,BUILT_ENVIRONMENT | FOREST | GENERALIST | MOUNTAIN,ALPINE | CASTLE | CITY | FOREST_FLOOR | GENERALIST | PLATEAU | ROAD | VILLAGE | WOODLAND | WORKSHOP,POI-006,GREAT_PIT,,Great Pit,WORKING,25.062007,-69.40248,LAND,,BIOME-05,True,True,1421.9,NEAREST_COMPATIBLE_SITE_IN_PHYSICAL_REGION,,,
SITE-036,Ascendancy,METROPOLIS,METROPOLIS,20.360822,-32.076454,R06,Highcourt,Northwestern,BUILT_ENVIRONMENT | FOREST | GENERALIST,CASTLE | CITY | FOREST_FLOOR | GENERALIST | ISLAND | ROAD | VILLAGE | WOODLAND | WORKSHOP,POI-080,ISLAND,Highcourt Isle,Highcourt Isle,WORKING,21.140243,-32.789911,COASTAL_LAND,ISL-NW-001,BIOME-CLASS-GRASSLAND_STEPPE,False,False,0.0,OWNER_CORRECTION_CANONICAL_FEATURE_ASSOCIATION,,,
SITE-032,,VILLAGE,STRONG,21.654024,-32.893962,R05,Shadowspine,Northwestern,COASTAL | GRASSLAND,ESTUARY | ISLAND | STEPPE,POI-089,SEA,Meridian Sea,Meridian Sea,WORKING,39.0,-12.0,OPEN_WATER,,BIOME-CLASS-GRASSLAND_STEPPE,False,False,2769.0,NEAREST_COMPATIBLE_SITE_FOR_OFFSHORE_POI,,,
SITE-035,,HAMLET,FRONTIER,35.141461,-101.544619,R05,Shadowspine,Northwestern,COASTAL | MOUNTAIN,ALPINE | ESTUARY | PLATEAU,POI-001,WATERFALL,,Visible Major Waterfall,WORKING,28.960942,-102.70767,LAND,WATERFALL-NW-01,BIOME-06,False,False,695.9,NEAREST_COMPATIBLE_SITE_IN_PHYSICAL_REGION,,,
SITE-035,,HAMLET,FRONTIER,35.141461,-101.544619,R05,Shadowspine,Northwestern,COASTAL | MOUNTAIN,ALPINE | ESTUARY | PLATEAU,POI-021,PEAK,,Southern Spine Peak,WORKING,34.889584,-99.328597,LAND,PEAK-NW-03,BIOME-02,False,False,203.7,NEAREST_COMPATIBLE_SITE_IN_PHYSICAL_REGION,,,
SITE-041,,HAMLET,MODEST,22.809119,-89.898424,R06,Highcourt,Northwestern,COASTAL | FOREST,ESTUARY | FOREST_FLOOR | SHADOW_FOREST,POI-036,SHADOW_FOREST,Highcourt Shadow Forest,Highcourt Shadow Forest,WORKING,20.508091,-91.580353,LAND,BIOME-SWATH-0920,BIOME-CLASS-SHADOW_FOREST,False,False,309.3,NEAREST_COMPATIBLE_SITE_IN_PHYSICAL_REGION,,,
SITE-041,,HAMLET,MODEST,22.809119,-89.898424,R06,Highcourt,Northwestern,COASTAL | FOREST,ESTUARY | FOREST_FLOOR | SHADOW_FOREST,POI-051,FOREST,Northwestern Shadowwood,Northwestern Shadowwood,WORKING,20.508091,-91.580353,LAND,BIOME-SWATH-0920,BIOME-CLASS-SHADOW_FOREST,False,False,309.3,NEAREST_COMPATIBLE_SITE_IN_PHYSICAL_REGION,,,
SITE-044,,CITY,PRIME,20.277945,-92.210754,R07,Duskcanopy,Northwestern,FOREST,FOREST_FLOOR | SHADOW_FOREST,POI-002,SHADOW_FOREST,Shadow Forest Heart,Shadow Forest Heart,WORKING,20.375,-91.03125,LAND,,BIOME-05,True,True,123.5,NEAREST_COMPATIBLE_SITE_IN_PHYSICAL_REGION,,,
SITE-045,,TOWN,MAJOR,15.953738,-65.824259,R07,Duskcanopy,Northwestern,GRASSLAND,STEPPE,POI-037,STEPPE,Northwestern Long Steppe,Northwestern Long Steppe,WORKING,16.842925,-63.925236,LAND,BIOME-SWATH-0448,BIOME-CLASS-GRASSLAND_STEPPE,False,False,225.4,NEAREST_COMPATIBLE_SITE_IN_PHYSICAL_REGION,,,
SITE-045,,TOWN,MAJOR,15.953738,-65.824259,R07,Duskcanopy,Northwestern,GRASSLAND,STEPPE,POI-061,PLAINS,Northwestern Longplain,Northwestern Longplain,WORKING,16.842925,-63.925236,LAND,BIOME-SWATH-0448,BIOME-CLASS-GRASSLAND_STEPPE,False,False,225.4,NEAREST_COMPATIBLE_SITE_IN_PHYSICAL_REGION,,,
SITE-058,,CITY,PRIME,8.0,47.5,R09,Forestcrown,Eastern,GENERALIST,ISLAND,POI-067,FLOATING_ISLAND,,Floating Island 04,WORKING,11.5,50.5,FLOATING_ISLAND,FLOAT-ISLAND-004,BIOME-FLOATING,False,False,509.4,NEAREST_COMPATIBLE_SITE_IN_PHYSICAL_REGION,,,
SITE-060,,VILLAGE,STRONG,63.339916,44.725359,R09,Forestcrown,Eastern,DESERT,COLD_DESERT | SCRUBLAND,POI-022,PEAK,,Western Snow Peak,WORKING,58.544592,36.611755,LAND,PEAK-EA-01,BIOME-02,False,False,689.1,NEAREST_COMPATIBLE_SITE_IN_PHYSICAL_REGION,,,
SITE-061,,HAMLET,GOOD,26.092566,53.215823,R09,Forestcrown,Eastern,MOUNTAIN,ALPINE | PLATEAU,POI-013,GEYSER,,Visible Geyser,WORKING,19.988726,50.326945,FLOATING_ISLAND,,BIOME-04,True,True,740.2,NEAREST_COMPATIBLE_SITE_IN_PHYSICAL_REGION,,,
SITE-067,,VILLAGE,STRONG,18.350748,45.594193,R10,Innerwood,Eastern,COASTAL | FOREST,ESTUARY | FOREST_FLOOR | WOODLAND,POI-012,FLOATING_ISLAND_GROUP,,Floating Island Group,WORKING,17.959414,47.282976,FLOATING_ISLAND,,BIOME-04,True,True,183.7,NEAREST_COMPATIBLE_SITE_IN_PHYSICAL_REGION,,,
SITE-071,Al-Mihraq,METROPOLIS,METROPOLIS,52.317676,61.929893,R11,Sunscar,Eastern,BUILT_ENVIRONMENT | GENERALIST | GRASSLAND,CASTLE | CITY | GENERALIST | ROAD | SAVANNA | VILLAGE | WORKSHOP,POI-041,LAKE,Eastern Great Lake,Eastern Great Lake,WORKING,56.014192,60.415407,SHALLOW_WATER,WATER-EA-01,BIOME-SWATH-2883,False,False,422.7,NEAREST_COMPATIBLE_SITE_FOR_OFFSHORE_POI,,,
SITE-072,,CITY,PRIME,-5.131154,74.567461,R11,Sunscar,Eastern,FRESHWATER | WETLAND,DELTA | FLOODPLAIN | MUDFLAT | RIVER | SWAMP,POI-060,GRASSLAND,Eastern Golden Grasslands,Eastern Golden Grasslands,WORKING,-9.181,74.619,LAND,BIOME-SWATH-0982,BIOME-CLASS-WETLAND_DELTA,False,False,450.4,NEAREST_COMPATIBLE_SITE_IN_PHYSICAL_REGION,,,
SITE-073,,TOWN,MAJOR,13.5,65.0,R11,Sunscar,Eastern,DESERT | GENERALIST,HOT_DESERT | ISLAND | SCRUBLAND,POI-046,RIVER,Western Tributary River,Western Tributary River,WORKING,19.958271,70.921467,SHALLOW_WATER,RIVER-SYS-0005,BIOME-SWATH-2274,False,False,955.4,NEAREST_COMPATIBLE_SITE_FOR_OFFSHORE_POI,,,
SITE-073,,TOWN,MAJOR,13.5,65.0,R11,Sunscar,Eastern,DESERT | GENERALIST,HOT_DESERT | ISLAND | SCRUBLAND,POI-056,DESERT,Central Sunwaste,Central Sunwaste,WORKING,6.614945,69.397966,LAND,BIOME-SWATH-1192,BIOME-SWATH-2274,False,False,904.3,NEAREST_COMPATIBLE_SITE_IN_PHYSICAL_REGION,,,
SITE-073,,TOWN,MAJOR,13.5,65.0,R11,Sunscar,Eastern,DESERT | GENERALIST,HOT_DESERT | ISLAND | SCRUBLAND,POI-064,FLOATING_ISLAND,,Floating Island 01,WORKING,15.0,62.0,FLOATING_ISLAND,FLOAT-ISLAND-001,BIOME-07,False,False,363.8,NEAREST_COMPATIBLE_SITE_IN_PHYSICAL_REGION,,,
SITE-073,,TOWN,MAJOR,13.5,65.0,R11,Sunscar,Eastern,DESERT | GENERALIST,HOT_DESERT | ISLAND | SCRUBLAND,POI-065,FLOATING_ISLAND,,Floating Island 02,WORKING,13.5,65.0,FLOATING_ISLAND,FLOAT-ISLAND-002,BIOME-07,False,False,0.0,NEAREST_COMPATIBLE_SITE_IN_PHYSICAL_REGION,,,
SITE-073,,TOWN,MAJOR,13.5,65.0,R11,Sunscar,Eastern,DESERT | GENERALIST,HOT_DESERT | ISLAND | SCRUBLAND,POI-066,FLOATING_ISLAND,,Floating Island 03,WORKING,17.0,68.0,FLOATING_ISLAND,FLOAT-ISLAND-003,BIOME-07,False,False,505.0,NEAREST_COMPATIBLE_SITE_IN_PHYSICAL_REGION,,,
SITE-074,,VILLAGE,STRONG,31.044808,60.135891,R11,Sunscar,Eastern,GRASSLAND,SAVANNA,POI-052,FOREST,Eastern Crownwood,Eastern Crownwood,WORKING,31.392139,58.582888,LAND,BIOME-SWATH-0417,BIOME-CLASS-SAVANNA_WARM_GRASSLAND,False,False,152.6,NEAREST_COMPATIBLE_SITE_IN_PHYSICAL_REGION,,,
SITE-078,Thalassor,METROPOLIS,METROPOLIS,39.033403,123.733175,R12,Reefward,Eastern,BUILT_ENVIRONMENT | FOREST | GENERALIST,CASTLE | CITY | FOREST_FLOOR | GENERALIST | ISLAND | ROAD | VILLAGE | WOODLAND | WORKSHOP,POI-081,ISLAND,Eastern Reef Isle,Eastern Reef Isle,WORKING,39.089905,121.426108,COASTAL_LAND,ISL-EA-003,BIOME-SWATH-0061,False,False,199.3,NEAREST_COMPATIBLE_SITE_FOR_OFFSHORE_POI,,,
SITE-079,,CITY,PRIME,45.269806,118.372322,R12,Reefward,Eastern,COASTAL | OCEAN,CORAL_REEF | PELAGIC,POI-004,REEF,Eastern Great Reef,Eastern Great Reef,WORKING,43.122886,121.880496,SHALLOW_WATER,REEF-EA-01,BIOME-OCEAN,True,False,367.6,NEAREST_COMPATIBLE_SITE_IN_PHYSICAL_REGION,,,
SITE-081,,VILLAGE,STRONG,22.144451,105.903675,R12,Reefward,Eastern,DESERT,HOT_DESERT | SCRUBLAND,POI-007,WORLD_TREE,,World Tree,WORKING,26.076663,102.074408,LAND,,BIOME-07,True,True,584.9,NEAREST_COMPATIBLE_SITE_IN_PHYSICAL_REGION,,,
SITE-084,,HAMLET,FRONTIER,-2.985725,140.090037,R12,Reefward,Eastern,COASTAL | FOREST,ESTUARY | FOREST_FLOOR | ISLAND | WOODLAND,POI-010,MAELSTROM,,Eastern Maelstrom,WORKING,10.856821,146.719278,OPEN_WATER,,BIOME-OCEAN,True,True,1705.1,NEAREST_COMPATIBLE_SITE_FOR_OFFSHORE_POI,,,
SITE-087,,TOWN,MAJOR,3.706228,90.436043,R13,Drymarsh,Eastern,FRESHWATER | WETLAND,DELTA | FLOODPLAIN | MUDFLAT | SWAMP,POI-034,BADLANDS,Central Broken Badlands,Central Broken Badlands,WORKING,28.835938,96.898438,LAND,BIOME-SWATH-1047,BIOME-CLASS-WETLAND_DELTA,False,False,2876.5,NEAREST_COMPATIBLE_SITE_IN_PHYSICAL_REGION,,,
SITE-087,,TOWN,MAJOR,3.706228,90.436043,R13,Drymarsh,Eastern,FRESHWATER | WETLAND,DELTA | FLOODPLAIN | MUDFLAT | SWAMP,POI-047,RIVER,Eastern Tributary River,Eastern Tributary River,WORKING,25.479494,97.752337,SHALLOW_WATER,RIVER-SYS-0006,BIOME-CLASS-WETLAND_DELTA,False,False,2544.1,NEAREST_COMPATIBLE_SITE_FOR_OFFSHORE_POI,,,
SITE-087,,TOWN,MAJOR,3.706228,90.436043,R13,Drymarsh,Eastern,FRESHWATER | WETLAND,DELTA | FLOODPLAIN | MUDFLAT | SWAMP,POI-055,DESERT,Eastern Red Desert,Eastern Red Desert,WORKING,28.835938,96.898438,LAND,BIOME-SWATH-1047,BIOME-CLASS-WETLAND_DELTA,False,False,2876.5,NEAREST_COMPATIBLE_SITE_IN_PHYSICAL_REGION,,,
SITE-092,Hydros,METROPOLIS,METROPOLIS,15.526637,76.91743,R14,Manywater,Eastern,BUILT_ENVIRONMENT | FRESHWATER | GENERALIST | GRASSLAND,CASTLE | CITY | FLOODPLAIN | GENERALIST | RIVER | ROAD | SAVANNA | VILLAGE | WORKSHOP,POI-033,BADLANDS,Eastern Red Badlands,Eastern Red Badlands,WORKING,14.939025,77.248603,LAND,BIOME-SWATH-0413,BIOME-SWATH-0217,False,False,74.4,NEAREST_COMPATIBLE_SITE_IN_PHYSICAL_REGION,,,
SITE-092,Hydros,METROPOLIS,METROPOLIS,15.526637,76.91743,R14,Manywater,Eastern,BUILT_ENVIRONMENT | FRESHWATER | GENERALIST | GRASSLAND,CASTLE | CITY | FLOODPLAIN | GENERALIST | RIVER | ROAD | SAVANNA | VILLAGE | WORKSHOP,POI-045,RIVER,Great Southbound River,Great Southbound River,WORKING,14.679719,86.272997,SHALLOW_WATER,RIVER-SYS-0004,BIOME-SWATH-0217,False,False,1008.7,NEAREST_COMPATIBLE_SITE_FOR_OFFSHORE_POI,,,
SITE-093,,CITY,PRIME,-7.294069,75.568698,R14,Manywater,Eastern,BUILT_ENVIRONMENT | FRESHWATER | WETLAND,DELTA | FLOODPLAIN | MANGROVE | MUDFLAT | RUINS | SWAMP | TEMPLE,POI-078,WETLAND,Eastern Great Delta Wetlands,Eastern Great Delta Wetlands,WORKING,-9.543324,82.804924,WETLAND,BIOME-SWATH-0425,BIOME-CLASS-WETLAND_DELTA,False,False,834.3,NEAREST_COMPATIBLE_SITE_IN_PHYSICAL_REGION,,,
SITE-095,,VILLAGE,STRONG,47.238613,77.118789,R14,Manywater,Eastern,GRASSLAND | MOUNTAIN,ALPINE | CLIFF | SAVANNA,POI-029,PEAK,,Derived Summit 01,WORKING,41.625,89.625,LAND,PEAK-DER-001,BIOME-02,False,False,1170.8,NEAREST_COMPATIBLE_SITE_IN_PHYSICAL_REGION,,,
SITE-095,,VILLAGE,STRONG,47.238613,77.118789,R14,Manywater,Eastern,GRASSLAND | MOUNTAIN,ALPINE | CLIFF | SAVANNA,POI-087,PLATEAU,,Central Arid Plateau,WORKING,39.390287,85.52993,LAND,PLATEAU-EA-01,BIOME-07,False,False,1105.3,NEAREST_COMPATIBLE_SITE_IN_PHYSICAL_REGION,,,
SITE-097,,HAMLET,MODEST,33.430442,102.817299,R14,Manywater,Eastern,MOUNTAIN | SUBTERRANEAN,ALPINE | BURROW | CANYON | CAVE | CLIFF | KARST | MINE | TUNNEL | UNDERGROUND_RIVER,POI-023,PEAK,,Eastern Badland Peak,WORKING,40.86681,95.597215,LAND,PEAK-EA-02,BIOME-01,False,False,1044.7,NEAREST_COMPATIBLE_SITE_IN_PHYSICAL_REGION,,,
SITE-097,,HAMLET,MODEST,33.430442,102.817299,R14,Manywater,Eastern,MOUNTAIN | SUBTERRANEAN,ALPINE | BURROW | CANYON | CAVE | CLIFF | KARST | MINE | TUNNEL | UNDERGROUND_RIVER,POI-074,MOUNTAIN_RANGE,Eastern Badland Range,Eastern Badland Range,WORKING,40.362604,92.636874,LAND,MOUNTAIN-RANGE-006,BIOME-CLASS-ALPINE_MOUNTAIN,False,False,1187.5,NEAREST_COMPATIBLE_SITE_IN_PHYSICAL_REGION,,,
SITE-099,Devanagri,METROPOLIS,METROPOLIS,34.265298,30.076611,R15,Forestfold,Eastern,BUILT_ENVIRONMENT | FOREST | GENERALIST,CASTLE | CITY | FOREST_FLOOR | GENERALIST | ROAD | VILLAGE | WOODLAND | WORKSHOP,POI-084,BAY,Eastern Crescent Bay,Eastern Crescent Bay,WORKING,29.0,31.0,SHALLOW_WATER,,BIOME-SWATH-2706,False,False,592.0,NEAREST_COMPATIBLE_SITE_FOR_OFFSHORE_POI,,,
SITE-100,,CITY,PRIME,70.858398,33.705269,R15,Forestfold,Eastern,COASTAL,ESTUARY,POI-017,POLAR_ANOMALY,Polar Arcane Anomaly,Polar Arcane Anomaly,WORKING,75.794814,18.872604,LAND,,BIOME-OCEAN,True,True,720.6,NEAREST_COMPATIBLE_SITE_FOR_OFFSHORE_POI,,,
SITE-100,,CITY,PRIME,70.858398,33.705269,R15,Forestfold,Eastern,COASTAL,ESTUARY,POI-091,OCEAN,Northern Ocean,Northern Ocean,WORKING,73.0,0.0,OPEN_WATER,,BIOME-CLASS-OCEAN,False,False,1170.0,NEAREST_COMPATIBLE_SITE_FOR_OFFSHORE_POI,,,
SITE-101,,TOWN,MAJOR,18.04858,27.812017,R15,Forestfold,Eastern,MOUNTAIN,ALPINE | PLATEAU,POI-024,PEAK,,Southwest Peak,WORKING,18.220072,31.677112,LAND,PEAK-EA-03,BIOME-02,False,False,408.9,NEAREST_COMPATIBLE_SITE_IN_PHYSICAL_REGION,,,
SITE-104,,HAMLET,MODEST,58.694108,19.562765,R15,Forestfold,Eastern,DESERT,HOT_DESERT | SCRUBLAND,POI-008,HEAVENFALL,,Heavenfall,WORKING,46.369786,-3.449831,LAND,,BIOME-OCEAN,True,True,2055.1,NEAREST_COMPATIBLE_SITE_FOR_OFFSHORE_POI,,,
SITE-104,,HAMLET,MODEST,58.694108,19.562765,R15,Forestfold,Eastern,DESERT,HOT_DESERT | SCRUBLAND,POI-038,STEPPE,Northern Cold Steppe,Northern Cold Steppe,WORKING,60.881,25.825,LAND,BIOME-SWATH-2828,BIOME-CLASS-DESERT_BADLANDS,False,False,426.2,NEAREST_COMPATIBLE_SITE_IN_PHYSICAL_REGION,,,
SITE-104,,HAMLET,MODEST,58.694108,19.562765,R15,Forestfold,Eastern,DESERT,HOT_DESERT | SCRUBLAND,POI-054,DESERT,Northern Amber Desert,Northern Amber Desert,WORKING,56.246622,20.310811,LAND,BIOME-SWATH-0182,BIOME-CLASS-DESERT_BADLANDS,False,False,275.8,NEAREST_COMPATIBLE_SITE_IN_PHYSICAL_REGION,,,
SITE-107,,CITY,PRIME,3.74199,97.410167,R16,Eastchain,Eastern,FRESHWATER | WETLAND,DELTA | FLOODPLAIN | MUDFLAT | SWAMP,POI-057,DESERT,Southeastern Drylands,Southeastern Drylands,WORKING,-0.578713,102.169771,LAND,BIOME-SWATH-0398,BIOME-CLASS-WETLAND_DELTA,False,False,714.5,NEAREST_COMPATIBLE_SITE_IN_PHYSICAL_REGION,,,
SITE-113,Sylvan Gate,METROPOLIS,METROPOLIS,-16.01149,-108.542634,R17,Canopywall,Southwestern,BUILT_ENVIRONMENT | COASTAL | GENERALIST | GRASSLAND,CASTLE | CITY | ESTUARY | GENERALIST | ROAD | STEPPE | VILLAGE | WORKSHOP,POI-085,BAY,Southwestern Emerald Bay,Southwestern Emerald Bay,WORKING,-11.0,-108.0,SHALLOW_WATER,,BIOME-SWATH-0139,False,False,560.3,NEAREST_COMPATIBLE_SITE_FOR_OFFSHORE_POI,,,
SITE-118,,HAMLET,MODEST,-12.292623,-100.032484,R17,Canopywall,Southwestern,GRASSLAND,SAVANNA,POI-031,JUNGLE,Eastern Monsoon Jungle,Eastern Monsoon Jungle,WORKING,-15.216355,-99.392458,LAND,BIOME-SWATH-0434,BIOME-CLASS-SAVANNA_WARM_GRASSLAND,False,False,332.4,NEAREST_COMPATIBLE_SITE_IN_PHYSICAL_REGION,,,
SITE-120,Gryphon Reach,METROPOLIS,METROPOLIS,-9.432322,-74.529366,R18,Aerie Peaks,Southwestern,BUILT_ENVIRONMENT | COASTAL | GENERALIST | GRASSLAND,CASTLE | CITY | ESTUARY | GENERALIST | ROAD | STEPPE | VILLAGE | WORKSHOP,POI-059,GRASSLAND,Southwestern Greensteppe,Southwestern Greensteppe,WORKING,-11.173435,-73.874529,LAND,BIOME-SWATH-1077,BIOME-SWATH-0511,False,False,206.4,NEAREST_COMPATIBLE_SITE_IN_PHYSICAL_REGION,,,
SITE-121,,CITY,PRIME,-13.165439,-77.943203,R18,Aerie Peaks,Southwestern,MOUNTAIN | POLAR_ICE,ALPINE | GLACIER | PACK_ICE | PLATEAU,POI-025,PEAK,,Northwest High Peak,WORKING,-10.135729,-78.658727,LAND,PEAK-SW-01,BIOME-02,False,False,345.8,NEAREST_COMPATIBLE_SITE_IN_PHYSICAL_REGION,,,
SITE-122,,TOWN,MAJOR,-19.233013,-68.854359,R18,Aerie Peaks,Southwestern,POLAR_ICE,GLACIER | PACK_ICE,POI-026,PEAK,,Central High Peak,WORKING,-22.626846,-68.149411,LAND,PEAK-SW-02,BIOME-06,False,False,384.4,NEAREST_COMPATIBLE_SITE_IN_PHYSICAL_REGION,,,
SITE-122,,TOWN,MAJOR,-19.233013,-68.854359,R18,Aerie Peaks,Southwestern,POLAR_ICE,GLACIER | PACK_ICE,POI-069,GLACIER,Southwestern Spine Glacier,Southwestern Spine Glacier,WORKING,-18.227767,-69.680089,ICE,BIOME-SWATH-0676,BIOME-CLASS-ICE_SNOW_GLACIER,False,False,141.6,NEAREST_COMPATIBLE_SITE_IN_PHYSICAL_REGION,,,
SITE-123,,VILLAGE,STRONG,-29.964358,-65.446029,R18,Aerie Peaks,Southwestern,MOUNTAIN,ALPINE | PLATEAU,POI-039,MOUNTAIN_RANGE,Southwestern Spine Range,Southwestern Spine Range,WORKING,-28.105205,-69.234563,LAND,MOUNTAIN-RANGE-008,BIOME-CLASS-ALPINE_MOUNTAIN,False,False,422.3,NEAREST_COMPATIBLE_SITE_IN_PHYSICAL_REGION,,,
SITE-127,Whakareva,METROPOLIS,METROPOLIS,-27.87888,18.921071,R19,Caldera Heights,Southwestern,BUILT_ENVIRONMENT | GENERALIST | GRASSLAND,CASTLE | CITY | GENERALIST | ROAD | STEPPE | VILLAGE | WORKSHOP,POI-009,HELL_DOOR,,Hell Door,WORKING,-17.553551,8.726043,LAND,,BIOME-OCEAN,True,True,1551.4,NEAREST_COMPATIBLE_SITE_FOR_OFFSHORE_POI,,,
SITE-127,Whakareva,METROPOLIS,METROPOLIS,-27.87888,18.921071,R19,Caldera Heights,Southwestern,BUILT_ENVIRONMENT | GENERALIST | GRASSLAND,CASTLE | CITY | GENERALIST | ROAD | STEPPE | VILLAGE | WORKSHOP,POI-028,PEAK,,Far East Volcano Peak,WORKING,-29.976244,20.769489,LAND,PEAK-SW-04,BIOME-02,False,False,294.5,NEAREST_COMPATIBLE_SITE_IN_PHYSICAL_REGION,,,
SITE-127,Whakareva,METROPOLIS,METROPOLIS,-27.87888,18.921071,R19,Caldera Heights,Southwestern,BUILT_ENVIRONMENT | GENERALIST | GRASSLAND,CASTLE | CITY | GENERALIST | ROAD | STEPPE | VILLAGE | WORKSHOP,POI-073,VOLCANO,Far-East Volcano,Far-East Volcano,WORKING,-29.976244,20.769489,LAND,PEAK-SW-04,BIOME-SWATH-0347,False,False,294.5,NEAREST_COMPATIBLE_SITE_IN_PHYSICAL_REGION,,,
SITE-128,,CITY,PRIME,-25.688558,-16.90456,R19,Caldera Heights,Southwestern,COASTAL | GRASSLAND,ESTUARY | SAVANNA,POI-014,CALDERA,,Volcanic Caldera,WORKING,-18.568207,-11.56708,LAND,,BIOME-OCEAN,True,True,963.6,NEAREST_COMPATIBLE_SITE_FOR_OFFSHORE_POI,,,
SITE-130,,VILLAGE,STRONG,-22.723294,-30.457811,R19,Caldera Heights,Southwestern,GRASSLAND,STEPPE,POI-032,JUNGLE,Southwestern Emerald Jungle,Southwestern Emerald Jungle,WORKING,-24.80189,-29.140077,LAND,BIOME-SWATH-1367,BIOME-CLASS-GRASSLAND_STEPPE,False,False,267.2,NEAREST_COMPATIBLE_SITE_IN_PHYSICAL_REGION,,,
SITE-130,,VILLAGE,STRONG,-22.723294,-30.457811,R19,Caldera Heights,Southwestern,GRASSLAND,STEPPE,POI-053,FOREST,Southwestern Rainwood,Southwestern Rainwood,WORKING,-24.80189,-29.140077,LAND,BIOME-SWATH-1367,BIOME-CLASS-GRASSLAND_STEPPE,False,False,267.2,NEAREST_COMPATIBLE_SITE_IN_PHYSICAL_REGION,,,
SITE-132,,HAMLET,MODEST,-26.861368,-4.34196,R19,Caldera Heights,Southwestern,MOUNTAIN,ALPINE | CLIFF,POI-015,HOT_SPRING,,Hot Spring Field,WORKING,-11.465614,-5.479143,LAND,,BIOME-OCEAN,True,True,1716.1,NEAREST_COMPATIBLE_SITE_FOR_OFFSHORE_POI,,,
SITE-132,,HAMLET,MODEST,-26.861368,-4.34196,R19,Caldera Heights,Southwestern,MOUNTAIN,ALPINE | CLIFF,POI-027,PEAK,,Eastern Volcano Peak,WORKING,-26.902138,2.704108,LAND,PEAK-SW-03,BIOME-02,False,False,698.8,NEAREST_COMPATIBLE_SITE_IN_PHYSICAL_REGION,,,
SITE-132,,HAMLET,MODEST,-26.861368,-4.34196,R19,Caldera Heights,Southwestern,MOUNTAIN,ALPINE | CLIFF,POI-072,VOLCANO,Eastern Volcano,Eastern Volcano,WORKING,-26.902138,2.704108,LAND,PEAK-SW-03,BIOME-CLASS-ALPINE_MOUNTAIN,False,False,698.8,NEAREST_COMPATIBLE_SITE_IN_PHYSICAL_REGION,,,
SITE-142,,CITY,PRIME,-33.587215,27.868918,R21,Ringwood Isles,Southwestern,COASTAL | GRASSLAND,ESTUARY | STEPPE,POI-090,SEA,Southern Passage Sea,Southern Passage Sea,WORKING,-29.0,42.0,OPEN_WATER,,BIOME-CLASS-GRASSLAND_STEPPE,False,False,1434.8,NEAREST_COMPATIBLE_SITE_FOR_OFFSHORE_POI,,,
SITE-145,,HAMLET,GOOD,-50.408928,84.291437,R21,Ringwood Isles,Southwestern,COASTAL | FOREST,ESTUARY | FOREST_FLOOR | ISLAND | RAIN_FOREST,POI-005,VOLCANIC_ISLAND_CHAIN,,Visible Volcanic Island Chain,WORKING,-52.559188,74.983089,COASTAL_LAND,,BIOME-11,True,True,686.9,NEAREST_COMPATIBLE_SITE_IN_PHYSICAL_REGION,,,
SITE-145,,HAMLET,GOOD,-50.408928,84.291437,R21,Ringwood Isles,Southwestern,COASTAL | FOREST,ESTUARY | FOREST_FLOOR | ISLAND | RAIN_FOREST,POI-016,UNDERWATER_LANDMARK,Abyssal Underwater Landmark,Abyssal Underwater Landmark,WORKING,-50.022548,87.869222,UNDERWATER,,BIOME-OCEAN,True,True,258.1,NEAREST_COMPATIBLE_SITE_FOR_OFFSHORE_POI,,,
SITE-146,,HAMLET,MODEST,-39.470955,-33.40995,R21,Ringwood Isles,Southwestern,POLAR_ICE,GLACIER | PACK_ICE,POI-049,RIVER,Central Plains River,Central Plains River,WORKING,-39.113585,-9.971625,SHALLOW_WATER,RIVER-SYS-0016,BIOME-CLASS-ICE_SNOW_GLACIER,False,False,2011.7,NEAREST_COMPATIBLE_SITE_FOR_OFFSHORE_POI,,,
SITE-147,,HAMLET,FRONTIER,-34.388691,-59.943631,R21,Ringwood Isles,Southwestern,MOUNTAIN,ALPINE | PLATEAU,POI-030,PEAK,,Derived Summit 02,WORKING,-36.625,-61.125,LAND,PEAK-DER-002,BIOME-02,False,False,270.7,NEAREST_COMPATIBLE_SITE_IN_PHYSICAL_REGION,,,
SITE-147,,HAMLET,FRONTIER,-34.388691,-59.943631,R21,Ringwood Isles,Southwestern,MOUNTAIN,ALPINE | PLATEAU,POI-062,PLAINS,Southern Great Plain,Southern Great Plain,WORKING,-37.473492,-101.326362,LAND,BIOME-SWATH-0644,BIOME-CLASS-ALPINE_MOUNTAIN,False,False,3711.9,NEAREST_COMPATIBLE_SITE_IN_PHYSICAL_REGION,,,
SITE-147,,HAMLET,FRONTIER,-34.388691,-59.943631,R21,Ringwood Isles,Southwestern,MOUNTAIN,ALPINE | PLATEAU,POI-075,MOUNTAIN_RANGE,Southern Long Range,Southern Long Range,WORKING,-38.722025,-56.554423,LAND,MOUNTAIN-RANGE-009,BIOME-CLASS-ALPINE_MOUNTAIN,False,False,568.9,NEAREST_COMPATIBLE_SITE_IN_PHYSICAL_REGION,,,
SITE-148,Tjuringa,METROPOLIS,METROPOLIS,-68.023152,43.027322,R22,The Chains,Southwestern,BUILT_ENVIRONMENT | GENERALIST | GRASSLAND,CASTLE | CITY | GENERALIST | ISLAND | ROAD | SAVANNA | VILLAGE | WORKSHOP,POI-083,ISLAND,Far-South Ice Isle,Far-South Ice Isle,WORKING,-68.899422,43.914722,COASTAL_LAND,ISL-SW-002,BIOME-SWATH-0267,False,False,104.0,NEAREST_COMPATIBLE_SITE_FOR_OFFSHORE_POI,,,
SITE-153,,HAMLET,MODEST,-53.294476,70.573762,R22,The Chains,Southwestern,COASTAL | FOREST,ESTUARY | FOREST_FLOOR | ISLAND | RAIN_FOREST,POI-082,ISLAND,Emberchain Isle,Emberchain Isle,WORKING,-52.851641,76.390639,COASTAL_LAND,ISL-SW-001,BIOME-CLASS-SUBTROPICAL_DENSE_FOREST,False,False,391.6,NEAREST_COMPATIBLE_SITE_FOR_OFFSHORE_POI,,,
SITE-157,,TOWN,MAJOR,-58.699681,-44.796552,R23,Highwater,Southwestern,FRESHWATER | WETLAND,BOG | DELTA | FLOODPLAIN | MUDFLAT,POI-079,WETLAND,Southern Blackmarsh,Southern Blackmarsh,WORKING,-61.585555,-56.111598,WETLAND,BIOME-SWATH-0645,BIOME-CLASS-WETLAND_DELTA,False,False,702.5,NEAREST_COMPATIBLE_SITE_IN_PHYSICAL_REGION,,,
SITE-158,,VILLAGE,STRONG,-50.140458,-52.192152,R23,Highwater,Southwestern,GRASSLAND,STEPPE,POI-048,RIVER,Southern Great River,Southern Great River,WORKING,-51.339025,-50.280088,SHALLOW_WATER,RIVER-SYS-0014,BIOME-CLASS-GRASSLAND_STEPPE,False,False,189.4,NEAREST_COMPATIBLE_SITE_FOR_OFFSHORE_POI,,,
SITE-158,,VILLAGE,STRONG,-50.140458,-52.192152,R23,Highwater,Southwestern,GRASSLAND,STEPPE,POI-071,RAPIDS,Southern Great River Rapids,Southern Great River Rapids,WORKING,-51.339025,-50.280088,SHALLOW_WATER,RIVER-SYS-0014,BIOME-CLASS-GRASSLAND_STEPPE,False,False,189.4,NEAREST_COMPATIBLE_SITE_IN_PHYSICAL_REGION,,,
SITE-169,Serpentis,METROPOLIS,METROPOLIS,-72.707695,-23.324293,R25,Marshroot,Southwestern,BUILT_ENVIRONMENT | FOREST | GENERALIST,CASTLE | CITY | FOREST_FLOOR | GENERALIST | RAIN_FOREST | ROAD | VILLAGE | WORKSHOP,POI-092,OCEAN,Southern Ocean,Southern Ocean,WORKING,-72.0,-18.0,OPEN_WATER,,BIOME-SWATH-0953,False,False,195.9,NEAREST_COMPATIBLE_SITE_FOR_OFFSHORE_POI,,,
SITE-172,,VILLAGE,STRONG,-60.403762,-8.383211,R25,Marshroot,Southwestern,COASTAL | GRASSLAND,ESTUARY | STEPPE,POI-011,WHIRLPOOL,,Ocean Whirlpool,WORKING,-52.05186,-2.435175,OPEN_WATER,,BIOME-11,True,True,997.9,NEAREST_COMPATIBLE_SITE_IN_PHYSICAL_REGION,,,
SITE-175,,HAMLET,FRONTIER,-36.216296,7.17205,R25,Marshroot,Southwestern,COASTAL | FOREST,ESTUARY | FOREST_FLOOR | RAIN_FOREST,POI-088,PLATEAU,,Eastern Grassland Upland,WORKING,-36.103872,-6.331167,LAND,PLATEAU-SW-01,BIOME-11,False,False,1211.3,NEAREST_COMPATIBLE_SITE_IN_PHYSICAL_REGION,,,
