regionId,regionName,latticeId,foundingCity,metropolisSiteId,worldScope,assignmentSlot,speciesKind,groupId,groupName,assignmentPass,locked,regionStatus,regionNotes,assignmentSourceUrl,regionSourceUrl
R01,Icewake,L03,Anseris,SITE-0081,CSR,1,HUMAN,H02,Arctic & North American Indigenous,PASS_2_LOCKED,true,CANONICAL,Canonical region-to-lattice mapping.,https://app.notion.com/p/3b72380d0cae812e9f0fc62c049ca7d1,https://app.notion.com/p/3b82380d0cae81c69933c5e044a445f4
R01,Icewake,L03,Anseris,SITE-0081,CSR,2,BEAST,B23,Waterbirds & Seabirds,PASS_2_LOCKED,true,CANONICAL,Canonical region-to-lattice mapping.,https://app.notion.com/p/3b72380d0cae81189336ea2f034d0283,https://app.notion.com/p/3b82380d0cae81c69933c5e044a445f4
R01,Icewake,L03,Anseris,SITE-0081,CSR,3,BEAST,B06,Cetaceans,PASS_2_LOCKED,true,CANONICAL,Canonical region-to-lattice mapping.,https://app.notion.com/p/3b72380d0cae817ea696f3ffecb79a43,https://app.notion.com/p/3b82380d0cae81c69933c5e044a445f4
R02,Timbersteppe,L01,Lupin-Ghar,SITE-0049,CSR,1,HUMAN,H06,Central Asian & Steppe,PASS_2_LOCKED,true,CANONICAL,Canonical region-to-lattice mapping.,https://app.notion.com/p/3b72380d0cae81c68356cc7838c855f9,https://app.notion.com/p/3b82380d0cae81b587c3d899f40d1693
R02,Timbersteppe,L01,Lupin-Ghar,SITE-0049,CSR,2,BEAST,B05,Carnivorans,PASS_2_LOCKED,true,CANONICAL,Canonical region-to-lattice mapping.,https://app.notion.com/p/3b72380d0cae819baa0bc5915719a845,https://app.notion.com/p/3b82380d0cae81b587c3d899f40d1693
R02,Timbersteppe,L01,Lupin-Ghar,SITE-0049,CSR,3,BEAST,B08,Even-Toed Ungulates,PASS_2_LOCKED,true,CANONICAL,Canonical region-to-lattice mapping.,https://app.notion.com/p/3b72380d0cae8197b0a3d1c43c8043cd,https://app.notion.com/p/3b82380d0cae81b587c3d899f40d1693
R03,Highsteppe,L02,High Torven,SITE-0113,CSR,1,HUMAN,H24,Western & Northern European,PASS_2_LOCKED,true,CANONICAL,Canonical region-to-lattice mapping.,https://app.notion.com/p/3b72380d0cae8191a035cc8f2e37896e,https://app.notion.com/p/3b82380d0cae81ecbf75f4d43bf091fd
R03,Highsteppe,L02,High Torven,SITE-0113,CSR,2,MYTHOS,M10,Fae & Fairy Folk,PASS_2_LOCKED,true,CANONICAL,Canonical region-to-lattice mapping.,https://app.notion.com/p/3b72380d0cae81478114efe9b4d2a7c1,https://app.notion.com/p/3b82380d0cae81ecbf75f4d43bf091fd
R03,Highsteppe,L02,High Torven,SITE-0113,CSR,3,MYTHOS,M07,"Dwarves, Halflings & Little Folk",PASS_2_LOCKED,true,CANONICAL,Canonical region-to-lattice mapping.,https://app.notion.com/p/3b72380d0cae81eea57bd81bded3c74e,https://app.notion.com/p/3b82380d0cae81ecbf75f4d43bf091fd
R04,Rivergrass,L04,Suro Mara,SITE-0001,CSR,1,HUMAN,H08,East African & Nilotic,PASS_2_LOCKED,true,CANONICAL,Canonical region-to-lattice mapping.,https://app.notion.com/p/3b72380d0cae81369555d68e36c5f5a9,https://app.notion.com/p/3b82380d0cae8148bc2ec809de66d0a6
R04,Rivergrass,L04,Suro Mara,SITE-0001,CSR,2,BEAST,B22,Turtles & Crocodilians,PASS_2_LOCKED,true,CANONICAL,Canonical region-to-lattice mapping.,https://app.notion.com/p/3b72380d0cae81799ca8c6d3516a9e36,https://app.notion.com/p/3b82380d0cae8148bc2ec809de66d0a6
R04,Rivergrass,L04,Suro Mara,SITE-0001,CSR,3,MYTHOS,M24,Water Spirits & Aquatic Monsters,PASS_2_LOCKED,true,CANONICAL,Canonical region-to-lattice mapping.,https://app.notion.com/p/3b72380d0cae818e88d9f5bd6f104de4,https://app.notion.com/p/3b82380d0cae8148bc2ec809de66d0a6
R05,Shadowspine,L08,Crest Haven,SITE-0007,CSR,1,MYTHOS,M11,"Ghosts, Wraiths & Specters",PASS_2_LOCKED,true,CANONICAL,Canonical region-to-lattice mapping.,https://app.notion.com/p/3b72380d0cae81359b99c6f17defe834,https://app.notion.com/p/3b82380d0cae8185be27ec3570b589ab
R05,Shadowspine,L08,Crest Haven,SITE-0007,CSR,2,MYTHOS,M17,"Liches, Mummies & Greater Undead",PASS_2_LOCKED,true,CANONICAL,Canonical region-to-lattice mapping.,https://app.notion.com/p/3b72380d0cae81e7bf81e2f70f8cef47,https://app.notion.com/p/3b82380d0cae8185be27ec3570b589ab
R05,Shadowspine,L08,Crest Haven,SITE-0007,CSR,3,MYTHOS,M03,Demons & Fiends,PASS_2_LOCKED,true,CANONICAL,Canonical region-to-lattice mapping.,https://app.notion.com/p/3b72380d0cae81408212c0dbcd09c4c6,https://app.notion.com/p/3b82380d0cae8185be27ec3570b589ab
R06,Highcourt,L14,Ascendancy,SITE-0401,SR,1,HUMAN,H12,"Iranian, Kurdish & Eastern West Asian",PASS_2_LOCKED,true,CANONICAL,"Region-to-lattice mapping R06 ↔ L14 is canonical and independent of geography. SITE-0401 / Ascendancy geographic placement is now also resolved and canonical at latitude 20.360822, longitude -32.076454 on the Highcourt floating-island footprint derived from ISLAND-0002 / ISL-NW-001. Original founding population applies in S/R; in C, DJT seizes the founding city and Highcourt becomes the federal-capital region. Displaced Concord-world exiles later found Ashgarden in R10 Innerwood.",https://app.notion.com/p/3b92380d0cae814d8eece584bb31d412,https://app.notion.com/p/3b82380d0cae81779a38c72bab910070
R06,Highcourt,L14,Ascendancy,SITE-0401,SR,2,MYTHOS,M01,Angels & Celestials,PASS_2_LOCKED,true,CANONICAL,"Region-to-lattice mapping R06 ↔ L14 is canonical and independent of geography. SITE-0401 / Ascendancy geographic placement is now also resolved and canonical at latitude 20.360822, longitude -32.076454 on the Highcourt floating-island footprint derived from ISLAND-0002 / ISL-NW-001. Original founding population applies in S/R; in C, DJT seizes the founding city and Highcourt becomes the federal-capital region. Displaced Concord-world exiles later found Ashgarden in R10 Innerwood.",https://app.notion.com/p/3b72380d0cae81918f47fe8dbecdb0fc,https://app.notion.com/p/3b82380d0cae81779a38c72bab910070
R06,Highcourt,L14,Ascendancy,SITE-0401,SR,3,MYTHOS,M05,Djinn & Genie-Kin,PASS_2_LOCKED,true,CANONICAL,"Region-to-lattice mapping R06 ↔ L14 is canonical and independent of geography. SITE-0401 / Ascendancy geographic placement is now also resolved and canonical at latitude 20.360822, longitude -32.076454 on the Highcourt floating-island footprint derived from ISLAND-0002 / ISL-NW-001. Original founding population applies in S/R; in C, DJT seizes the founding city and Highcourt becomes the federal-capital region. Displaced Concord-world exiles later found Ashgarden in R10 Innerwood.",https://app.notion.com/p/3b92380d0cae8149b12dcfc53c239930,https://app.notion.com/p/3b82380d0cae81779a38c72bab910070
R07,Duskcanopy,L07,Sanguin Bay,SITE-0065,CSR,1,HUMAN,H21,Southern & Eastern European,PASS_2_LOCKED,true,CANONICAL,Canonical region-to-lattice mapping.,https://app.notion.com/p/3b72380d0cae8164a45fc6410ff387dc,https://app.notion.com/p/3b82380d0cae816787facdaa0ff6df9c
R07,Duskcanopy,L07,Sanguin Bay,SITE-0065,CSR,2,MYTHOS,M23,Vampires & Blood-Drinkers,PASS_2_LOCKED,true,CANONICAL,Canonical region-to-lattice mapping.,https://app.notion.com/p/3b72380d0cae8185a95ae3f153dbab83,https://app.notion.com/p/3b82380d0cae816787facdaa0ff6df9c
R07,Duskcanopy,L07,Sanguin Bay,SITE-0065,CSR,3,MYTHOS,M21,Shapeshifters & Werebeings,PASS_2_LOCKED,true,CANONICAL,Canonical region-to-lattice mapping.,https://app.notion.com/p/3b72380d0cae81eaa938f8c5a8a43be4,https://app.notion.com/p/3b82380d0cae816787facdaa0ff6df9c
R08,Shadeleaf,L06,Luminthalas,SITE-0033,CSR,1,HUMAN,H09,East Asian,PASS_2_LOCKED,true,CANONICAL,Canonical region-to-lattice mapping.,https://app.notion.com/p/3b72380d0cae81d1aad4f632701a9dc4,https://app.notion.com/p/3b82380d0cae81d3b813e94816adba49
R08,Shadeleaf,L06,Luminthalas,SITE-0033,CSR,2,BEAST,B21,Songbirds,PASS_2_LOCKED,true,CANONICAL,Canonical region-to-lattice mapping.,https://app.notion.com/p/3b72380d0cae81eebe6dcf6bc6b69462,https://app.notion.com/p/3b82380d0cae81d3b813e94816adba49
R08,Shadeleaf,L06,Luminthalas,SITE-0033,CSR,3,MYTHOS,M09,Elves,PASS_2_LOCKED,true,CANONICAL,Canonical region-to-lattice mapping.,https://app.notion.com/p/3b72380d0cae81fc85fee3939efb57b9,https://app.notion.com/p/3b82380d0cae81d3b813e94816adba49
R09,Ironcrown,L09,Dzongkhar,SITE-0133,CSR,1,HUMAN,H10,Himalayan & Tibetan,PASS_2_LOCKED,true,CANONICAL,Canonical region-to-lattice mapping.,https://app.notion.com/p/3b72380d0cae816a962dfc9db38d2475,https://app.notion.com/p/3b82380d0cae81dd868efb54cbfe0264
R09,Ironcrown,L09,Dzongkhar,SITE-0133,CSR,2,MYTHOS,M12,Giants & Titans,PASS_2_LOCKED,true,CANONICAL,Canonical region-to-lattice mapping.,https://app.notion.com/p/3b72380d0cae81d192ded3b00823e242,https://app.notion.com/p/3b82380d0cae81dd868efb54cbfe0264
R09,Ironcrown,L09,Dzongkhar,SITE-0133,CSR,3,MYTHOS,M08,Elementals,PASS_2_LOCKED,true,CANONICAL,Canonical region-to-lattice mapping.,https://app.notion.com/p/3b72380d0cae81ac9b7bc447bb70ccf0,https://app.notion.com/p/3b82380d0cae81dd868efb54cbfe0264
R10,Innerwood,L10,Ashgarden [C] / Second Song [S] / Last Well [R],SITE-0243,C,1,HUMAN,H12,"Iranian, Kurdish & Eastern West Asian",PASS_2_LOCKED,true,CANONICAL,R10 physical geography exists in all worlds but has no original founding city. Innerwood is founded only after DJT dispossesses a founding population: C exiles from Highcourt establish Ashgarden; S exiles from The Chains establish Second Song; R exiles from Sunscar establish Last Well.,https://app.notion.com/p/3b72380d0cae812ca7e0eee34238e260,https://app.notion.com/p/3b82380d0cae8146b7b9e38189fbf1eb
R10,Innerwood,L10,Ashgarden [C] / Second Song [S] / Last Well [R],SITE-0243,C,2,HUMAN,H04,Caucasian & Anatolian,PASS_2_LOCKED,true,CANONICAL,R10 physical geography exists in all worlds but has no original founding city. Innerwood is founded only after DJT dispossesses a founding population: C exiles from Highcourt establish Ashgarden; S exiles from The Chains establish Second Song; R exiles from Sunscar establish Last Well.,https://app.notion.com/p/3b72380d0cae8181b2a6f243d4dbee1a,https://app.notion.com/p/3b82380d0cae8146b7b9e38189fbf1eb
R10,Innerwood,L10,Ashgarden [C] / Second Song [S] / Last Well [R],SITE-0243,C,3,MYTHOS,M05,Djinn & Genie-Kin,PASS_2_LOCKED,true,CANONICAL,R10 physical geography exists in all worlds but has no original founding city. Innerwood is founded only after DJT dispossesses a founding population: C exiles from Highcourt establish Ashgarden; S exiles from The Chains establish Second Song; R exiles from Sunscar establish Last Well.,https://app.notion.com/p/3b72380d0cae818c8ed5c75578c34215,https://app.notion.com/p/3b82380d0cae8146b7b9e38189fbf1eb
R10,Innerwood,L10,Ashgarden [C] / Second Song [S] / Last Well [R],SITE-0243,S,1,HUMAN,H03,Australian Indigenous,PASS_2_LOCKED,true,CANONICAL,R10 physical geography exists in all worlds but has no original founding city. Innerwood is founded only after DJT dispossesses a founding population: C exiles from Highcourt establish Ashgarden; S exiles from The Chains establish Second Song; R exiles from Sunscar establish Last Well.,https://app.notion.com/p/3b92380d0cae81f0b0d0c87d0ade7a2b,https://app.notion.com/p/3b82380d0cae8146b7b9e38189fbf1eb
R10,Innerwood,L10,Ashgarden [C] / Second Song [S] / Last Well [R],SITE-0243,S,2,BEAST,B10,Marsupials & Monotremes,PASS_2_LOCKED,true,CANONICAL,R10 physical geography exists in all worlds but has no original founding city. Innerwood is founded only after DJT dispossesses a founding population: C exiles from Highcourt establish Ashgarden; S exiles from The Chains establish Second Song; R exiles from Sunscar establish Last Well.,https://app.notion.com/p/3b92380d0cae815f97b0f877f83fa038,https://app.notion.com/p/3b82380d0cae8146b7b9e38189fbf1eb
R10,Innerwood,L10,Ashgarden [C] / Second Song [S] / Last Well [R],SITE-0243,S,3,BEAST,B13,Other Specialized Birds,PASS_2_LOCKED,true,CANONICAL,R10 physical geography exists in all worlds but has no original founding city. Innerwood is founded only after DJT dispossesses a founding population: C exiles from Highcourt establish Ashgarden; S exiles from The Chains establish Second Song; R exiles from Sunscar establish Last Well.,https://app.notion.com/p/3b92380d0cae81d7b9d7e31cc859900a,https://app.notion.com/p/3b82380d0cae8146b7b9e38189fbf1eb
R10,Innerwood,L10,Ashgarden [C] / Second Song [S] / Last Well [R],SITE-0243,R,1,HUMAN,H01,Arabian Peninsula,PASS_2_LOCKED,true,CANONICAL,R10 physical geography exists in all worlds but has no original founding city. Innerwood is founded only after DJT dispossesses a founding population: C exiles from Highcourt establish Ashgarden; S exiles from The Chains establish Second Song; R exiles from Sunscar establish Last Well.,https://app.notion.com/p/3b92380d0cae81348d9bc8acb5abe4d3,https://app.notion.com/p/3b82380d0cae8146b7b9e38189fbf1eb
R10,Innerwood,L10,Ashgarden [C] / Second Song [S] / Last Well [R],SITE-0243,R,2,HUMAN,H17,North African & Saharan,PASS_2_LOCKED,true,CANONICAL,R10 physical geography exists in all worlds but has no original founding city. Innerwood is founded only after DJT dispossesses a founding population: C exiles from Highcourt establish Ashgarden; S exiles from The Chains establish Second Song; R exiles from Sunscar establish Last Well.,https://app.notion.com/p/3b92380d0cae817a98a2e028463c5a95,https://app.notion.com/p/3b82380d0cae8146b7b9e38189fbf1eb
R10,Innerwood,L10,Ashgarden [C] / Second Song [S] / Last Well [R],SITE-0243,R,3,BEAST,B07,"Elephants, Hyraxes & Afrotherians",PASS_2_LOCKED,true,CANONICAL,R10 physical geography exists in all worlds but has no original founding city. Innerwood is founded only after DJT dispossesses a founding population: C exiles from Highcourt establish Ashgarden; S exiles from The Chains establish Second Song; R exiles from Sunscar establish Last Well.,https://app.notion.com/p/3b92380d0cae815492b9f0b858c7c360,https://app.notion.com/p/3b82380d0cae8146b7b9e38189fbf1eb
R11,Sunscar,L15,Al-Mihraq,SITE-0129,CS,1,HUMAN,H01,Arabian Peninsula,PASS_2_LOCKED,true,CANONICAL,"Canonical region-to-lattice mapping. Original founding population applies in C/S; in R, DJT seizes the founding city and Sunscar becomes the federal-capital region. Displaced Ruin-world exiles later found Last Well in R10 Innerwood.",https://app.notion.com/p/3b72380d0cae81428ae7fb791bb37073,https://app.notion.com/p/3b82380d0cae818db355d6220f193e37
R11,Sunscar,L15,Al-Mihraq,SITE-0129,CS,2,HUMAN,H17,North African & Saharan,PASS_2_LOCKED,true,CANONICAL,"Canonical region-to-lattice mapping. Original founding population applies in C/S; in R, DJT seizes the founding city and Sunscar becomes the federal-capital region. Displaced Ruin-world exiles later found Last Well in R10 Innerwood.",https://app.notion.com/p/3b72380d0cae811ca8c7e0d083d3798c,https://app.notion.com/p/3b82380d0cae818db355d6220f193e37
R11,Sunscar,L15,Al-Mihraq,SITE-0129,CS,3,BEAST,B07,"Elephants, Hyraxes & Afrotherians",PASS_2_LOCKED,true,CANONICAL,"Canonical region-to-lattice mapping. Original founding population applies in C/S; in R, DJT seizes the founding city and Sunscar becomes the federal-capital region. Displaced Ruin-world exiles later found Last Well in R10 Innerwood.",https://app.notion.com/p/3b72380d0cae8143988bc9314c44f535,https://app.notion.com/p/3b82380d0cae818db355d6220f193e37
R12,Reefward,L20,Thalassor,SITE-0225,CSR,1,MYTHOS,M15,"Household, Land & Place Spirits",PASS_2_LOCKED,true,CANONICAL,Canonical region-to-lattice mapping.,https://app.notion.com/p/3b72380d0cae8142801fcc162d121012,https://app.notion.com/p/3b82380d0cae818da867d682589883a4
R12,Reefward,L20,Thalassor,SITE-0225,CSR,2,MYTHOS,M18,Merfolk & Aquatic Peoples,PASS_2_LOCKED,true,CANONICAL,Canonical region-to-lattice mapping.,https://app.notion.com/p/3b72380d0cae815dbedeefed194256f1,https://app.notion.com/p/3b82380d0cae818da867d682589883a4
R12,Reefward,L20,Thalassor,SITE-0225,CSR,3,BEAST,B19,"Sharks, Rays & Jawless Fish",PASS_2_LOCKED,true,CANONICAL,Canonical region-to-lattice mapping.,https://app.notion.com/p/3b72380d0cae81a7b11adf4d64cf2da8,https://app.notion.com/p/3b82380d0cae818da867d682589883a4
R13,Drymarsh,L24,Celestial Quay,SITE-0177,CSR,1,HUMAN,H13,Levantine & Mesopotamian,PASS_2_LOCKED,true,CANONICAL,Canonical region-to-lattice mapping.,https://app.notion.com/p/3b72380d0cae81b7a2f2d9d9438d0cb5,https://app.notion.com/p/3b82380d0cae816aaa70d15dfa29b438
R13,Drymarsh,L24,Celestial Quay,SITE-0177,CSR,2,MYTHOS,M04,Divine & Heavenly Spirits,PASS_2_LOCKED,true,CANONICAL,Canonical region-to-lattice mapping.,https://app.notion.com/p/3b72380d0cae8104bf80f24ae534338d,https://app.notion.com/p/3b82380d0cae816aaa70d15dfa29b438
R13,Drymarsh,L24,Celestial Quay,SITE-0177,CSR,3,BEAST,B01,Amphibians,PASS_2_LOCKED,true,CANONICAL,Canonical region-to-lattice mapping.,https://app.notion.com/p/3b72380d0cae81228fb5f9756efc2ffc,https://app.notion.com/p/3b82380d0cae816aaa70d15dfa29b438
R14,Manywater,L19,Hydros,SITE-0242,CSR,1,HUMAN,H11,Horn of Africa & Red Sea,PASS_2_LOCKED,true,CANONICAL,Canonical region-to-lattice mapping.,https://app.notion.com/p/3b72380d0cae813fbb0ad00afea48bc9,https://app.notion.com/p/3b82380d0cae81259694e8c41f37a239
R14,Manywater,L19,Hydros,SITE-0242,CSR,2,BEAST,B04,Bony Fish,PASS_2_LOCKED,true,CANONICAL,Canonical region-to-lattice mapping.,https://app.notion.com/p/3b72380d0cae81cd9e08d1daeb142a04,https://app.notion.com/p/3b82380d0cae81259694e8c41f37a239
R14,Manywater,L19,Hydros,SITE-0242,CSR,3,BEAST,B11,Mollusks & Other Invertebrates,PASS_2_LOCKED,true,CANONICAL,Canonical region-to-lattice mapping.,https://app.notion.com/p/3b72380d0cae81b2b436f47147c32cc1,https://app.notion.com/p/3b82380d0cae81259694e8c41f37a239
R15,Forestfold,L05,Devanagri,SITE-0193,CSR,1,HUMAN,H20,South Asian,PASS_2_LOCKED,true,CANONICAL,Canonical region-to-lattice mapping.,https://app.notion.com/p/3b72380d0cae81d983f5d31f5aac8f11,https://app.notion.com/p/3b82380d0cae81169d79e5a661b2fb2d
R15,Forestfold,L05,Devanagri,SITE-0193,CSR,2,HUMAN,H04,Caucasian & Anatolian,PASS_2_LOCKED,true,CANONICAL,Canonical region-to-lattice mapping.,https://app.notion.com/p/3b92380d0cae81c7ba41f1a5fdd4097b,https://app.notion.com/p/3b82380d0cae81169d79e5a661b2fb2d
R15,Forestfold,L05,Devanagri,SITE-0193,CSR,3,BEAST,B16,Primates,PASS_2_LOCKED,true,CANONICAL,Canonical region-to-lattice mapping.,https://app.notion.com/p/3b72380d0cae819695e6e9a2bf011a54,https://app.notion.com/p/3b82380d0cae81169d79e5a661b2fb2d
R16,Eastchain,L25,Naga-Pura,SITE-0145,CSR,1,HUMAN,H14,Mainland Southeast Asian,PASS_2_LOCKED,true,CANONICAL,Canonical region-to-lattice mapping.,https://app.notion.com/p/3b72380d0cae8185a92bd2177850f16a,https://app.notion.com/p/3b82380d0cae81eaa073f6d35ff73715
R16,Eastchain,L25,Naga-Pura,SITE-0145,CSR,2,HUMAN,H15,Maritime Southeast Asian,PASS_2_LOCKED,true,CANONICAL,Canonical region-to-lattice mapping.,https://app.notion.com/p/3b72380d0cae81df8549ec663dbd20ca,https://app.notion.com/p/3b82380d0cae81eaa073f6d35ff73715
R16,Eastchain,L25,Naga-Pura,SITE-0145,CSR,3,MYTHOS,M06,Dragons & Dragonkin,PASS_2_LOCKED,true,CANONICAL,Canonical region-to-lattice mapping.,https://app.notion.com/p/3b72380d0cae8177bcf5ff3c362f03ac,https://app.notion.com/p/3b82380d0cae81eaa073f6d35ff73715
R17,Seawall,L11,Sylvan Gate,SITE-0305,CSR,1,HUMAN,H23,West African,PASS_2_LOCKED,true,CANONICAL,Canonical region-to-lattice mapping.,https://app.notion.com/p/3b72380d0cae81dca99ef287ef429060,https://app.notion.com/p/3b82380d0cae811f800ed4f06297b847
R17,Seawall,L11,Sylvan Gate,SITE-0305,CSR,2,HUMAN,H05,Central African & Great Lakes,PASS_2_LOCKED,true,CANONICAL,Canonical region-to-lattice mapping.,https://app.notion.com/p/3b72380d0cae81cbb3c7d77a5f4b41bd,https://app.notion.com/p/3b82380d0cae811f800ed4f06297b847
R17,Seawall,L11,Sylvan Gate,SITE-0305,CSR,3,BEAST,B15,"Pigeons, Gamebirds & Groundbirds",PASS_2_LOCKED,true,CANONICAL,Canonical region-to-lattice mapping.,https://app.notion.com/p/3b72380d0cae810dbc59e028cf3faa08,https://app.notion.com/p/3b82380d0cae811f800ed4f06297b847
R18,Aerie Peaks,L12,Gryphon Reach,SITE-0385,CSR,1,HUMAN,H22,Southern African,PASS_2_LOCKED,true,CANONICAL,Canonical region-to-lattice mapping.,https://app.notion.com/p/3b72380d0cae81a8956af69a0cb3a707,https://app.notion.com/p/3b82380d0cae810e956bc461402b8a39
R18,Aerie Peaks,L12,Gryphon Reach,SITE-0385,CSR,2,BEAST,B12,Odd-Toed Ungulates,PASS_2_LOCKED,true,CANONICAL,Canonical region-to-lattice mapping.,https://app.notion.com/p/3b72380d0cae81c0810ed91a5b8661b1,https://app.notion.com/p/3b82380d0cae810e956bc461402b8a39
R18,Aerie Peaks,L12,Gryphon Reach,SITE-0385,CSR,3,BEAST,B17,Raptors & Owls,PASS_2_LOCKED,true,CANONICAL,Canonical region-to-lattice mapping.,https://app.notion.com/p/3b72380d0cae814cbcbfd78618d9230e,https://app.notion.com/p/3b82380d0cae810e956bc461402b8a39
R19,Caldera Heights,L13,Whakareva,SITE-0289,CSR,1,HUMAN,H18,Pacific & Oceanian,PASS_2_LOCKED,true,CANONICAL,Canonical region-to-lattice mapping.,https://app.notion.com/p/3b72380d0cae81fc87adf3c82cda828b,https://app.notion.com/p/3b82380d0cae8142a332f05bd9773e37
R19,Caldera Heights,L13,Whakareva,SITE-0289,CSR,2,BEAST,B14,Parrots & Cockatoos,PASS_2_LOCKED,true,CANONICAL,Canonical region-to-lattice mapping.,https://app.notion.com/p/3b72380d0cae8139890ec73c8cae773a,https://app.notion.com/p/3b82380d0cae8142a332f05bd9773e37
R19,Caldera Heights,L13,Whakareva,SITE-0289,CSR,3,MYTHOS,M20,"Ogres, Trolls & Oni",PASS_2_LOCKED,true,CANONICAL,Canonical region-to-lattice mapping.,https://app.notion.com/p/3b72380d0cae81208290d30b81428170,https://app.notion.com/p/3b82380d0cae8142a332f05bd9773e37
R20,Heartgrove,L18,Chiroptera,SITE-0353,CSR,1,BEAST,B03,Bats,PASS_2_LOCKED,true,CANONICAL,Canonical region-to-lattice mapping.,https://app.notion.com/p/3b72380d0cae81c4a232c581b5c668f6,https://app.notion.com/p/3b82380d0cae81698326d575ff94f4e0
R20,Heartgrove,L18,Chiroptera,SITE-0353,CSR,2,BEAST,B18,Rodents & Lagomorphs,PASS_2_LOCKED,true,CANONICAL,Canonical region-to-lattice mapping.,https://app.notion.com/p/3b72380d0cae8141b57ec22746721379,https://app.notion.com/p/3b82380d0cae81698326d575ff94f4e0
R20,Heartgrove,L18,Chiroptera,SITE-0353,CSR,3,MYTHOS,M19,Nature & Plant Spirits,PASS_2_LOCKED,true,CANONICAL,Canonical region-to-lattice mapping.,https://app.notion.com/p/3b72380d0cae81288542d1065c8c7983,https://app.notion.com/p/3b82380d0cae81698326d575ff94f4e0
R21,Ringwood Isles,L17,Atlantia,SITE-0275,CSR,1,HUMAN,H07,"Diaspora, Creole & Legendary Human Civilizations",PASS_2_LOCKED,true,CANONICAL,Canonical region-to-lattice mapping.,https://app.notion.com/p/3b72380d0cae812c8a46dd87c7a7fb36,https://app.notion.com/p/3b82380d0cae81c6b28bf166ed8246cd
R21,Ringwood Isles,L17,Atlantia,SITE-0275,CSR,2,MYTHOS,M14,Golems,PASS_2_LOCKED,true,CANONICAL,Canonical region-to-lattice mapping.,https://app.notion.com/p/3b72380d0cae817abb7df83994d0a88d,https://app.notion.com/p/3b82380d0cae81c6b28bf166ed8246cd
R21,Ringwood Isles,L17,Atlantia,SITE-0275,CSR,3,MYTHOS,M13,Goblinoids & Orc-Kin,PASS_2_LOCKED,true,CANONICAL,Canonical region-to-lattice mapping.,https://app.notion.com/p/3b72380d0cae81058943ef9e49a583a3,https://app.notion.com/p/3b82380d0cae81c6b28bf166ed8246cd
R22,The Chains,L23,Tjuringa,SITE-0321,CR,1,HUMAN,H03,Australian Indigenous,PASS_2_LOCKED,true,CANONICAL,"Canonical region-to-lattice mapping. Original founding population applies in C/R; in S, DJT seizes the founding city and The Chains becomes the federal-capital region. Displaced Schism-world exiles later found Second Song in R10 Innerwood.",https://app.notion.com/p/3b72380d0cae8181b7c6f56d75c07d75,https://app.notion.com/p/3b82380d0cae81aa9be3dc8b3ba6fa58
R22,The Chains,L23,Tjuringa,SITE-0321,CR,2,BEAST,B10,Marsupials & Monotremes,PASS_2_LOCKED,true,CANONICAL,"Canonical region-to-lattice mapping. Original founding population applies in C/R; in S, DJT seizes the founding city and The Chains becomes the federal-capital region. Displaced Schism-world exiles later found Second Song in R10 Innerwood.",https://app.notion.com/p/3b72380d0cae819391f9c811e91df86f,https://app.notion.com/p/3b82380d0cae81aa9be3dc8b3ba6fa58
R22,The Chains,L23,Tjuringa,SITE-0321,CR,3,BEAST,B13,Other Specialized Birds,PASS_2_LOCKED,true,CANONICAL,"Canonical region-to-lattice mapping. Original founding population applies in C/R; in S, DJT seizes the founding city and The Chains becomes the federal-capital region. Displaced Schism-world exiles later found Second Song in R10 Innerwood.",https://app.notion.com/p/3b72380d0cae81108c98c00a9aacdba1,https://app.notion.com/p/3b82380d0cae81aa9be3dc8b3ba6fa58
R23,Highwater,L21,Yupanqui,SITE-0257,CSR,1,HUMAN,H19,South American Indigenous,PASS_2_LOCKED,true,CANONICAL,Canonical region-to-lattice mapping.,https://app.notion.com/p/3b72380d0cae81219ee6c06d0a9758cd,https://app.notion.com/p/3b82380d0cae819e9128d35be4bab36e
R23,Highwater,L21,Yupanqui,SITE-0257,CSR,2,BEAST,B24,Xenarthrans & Other Mammals,PASS_2_LOCKED,true,CANONICAL,Canonical region-to-lattice mapping.,https://app.notion.com/p/3b72380d0cae810cb4bdc70fc72ae228,https://app.notion.com/p/3b82380d0cae819e9128d35be4bab36e
R23,Highwater,L21,Yupanqui,SITE-0257,CSR,3,MYTHOS,M16,Hybrid & Legendary Monsters,PASS_2_LOCKED,true,CANONICAL,Canonical region-to-lattice mapping.,https://app.notion.com/p/3b72380d0cae81608ae2e924bf300bd6,https://app.notion.com/p/3b82380d0cae819e9128d35be4bab36e
R24,Edgewood,L16,Lacerta Shore,SITE-0369,CSR,1,HUMAN,H16,Mesoamerican & Caribbean Indigenous,PASS_2_LOCKED,true,CANONICAL,Canonical region-to-lattice mapping.,https://app.notion.com/p/3b72380d0cae81639498def10176b372,https://app.notion.com/p/3b82380d0cae817186adf1cebe5109cb
R24,Edgewood,L16,Lacerta Shore,SITE-0369,CSR,2,BEAST,B09,Lizards,PASS_2_LOCKED,true,CANONICAL,Canonical region-to-lattice mapping.,https://app.notion.com/p/3b72380d0cae81a69a3de24a39f68698,https://app.notion.com/p/3b82380d0cae817186adf1cebe5109cb
R24,Edgewood,L16,Lacerta Shore,SITE-0369,CSR,3,MYTHOS,M02,Constructs & Animated Objects,PASS_2_LOCKED,true,CANONICAL,Canonical region-to-lattice mapping.,https://app.notion.com/p/3b72380d0cae816d9d55d120504273f5,https://app.notion.com/p/3b82380d0cae817186adf1cebe5109cb
R25,Marshroot,L22,Serpentis,SITE-0338,CSR,1,BEAST,B02,Arthropods,PASS_2_LOCKED,true,CANONICAL,Canonical region-to-lattice mapping.,https://app.notion.com/p/3b72380d0cae81bead18d6ea844075c4,https://app.notion.com/p/3b82380d0cae81548b67cf9d972a722e
R25,Marshroot,L22,Serpentis,SITE-0338,CSR,2,BEAST,B20,Snakes,PASS_2_LOCKED,true,CANONICAL,Canonical region-to-lattice mapping.,https://app.notion.com/p/3b72380d0cae81898ffcdb96b613d6f9,https://app.notion.com/p/3b82380d0cae81548b67cf9d972a722e
R25,Marshroot,L22,Serpentis,SITE-0338,CSR,3,MYTHOS,M22,Skeletons & Zombies,PASS_2_LOCKED,true,CANONICAL,Canonical region-to-lattice mapping.,https://app.notion.com/p/3b72380d0cae8189b663fb117296a37b,https://app.notion.com/p/3b82380d0cae81548b67cf9d972a722e
